airline,origin,destination,distance_km,month,day_of_week,dep_hour,weather_score,is_holiday_season,delayed,delay_minutes,passengers_booked,seat_capacity,demand_ratio,price_aed
Etihad,DXB,JNB,6400,5,Sun,18,4.86,False,0,0,216,350,0.619,2800.94
Emirates,DXB,SYD,12000,6,Fri,1,5.35,True,0,0,330,350,0.944,4591.18
Turkish Airlines,DXB,LHR,5500,12,Tue,21,1.34,True,0,0,322,350,0.922,3302.07
Turkish Airlines,DXB,SYD,12000,12,Sun,19,4.18,True,0,0,330,350,0.943,4588.73
Emirates,DXB,FRA,4800,2,Thu,13,4.1,False,0,0,267,350,0.764,2850.0
British Airways,DXB,FRA,4800,12,Fri,7,6.23,True,0,0,274,350,0.783,2889.93
Qatar Airways,DXB,NRT,7900,4,Sat,17,7.33,False,1,19,292,350,0.836,3548.12
Emirates,DXB,BOM,1900,8,Fri,15,5.4,False,0,0,324,350,0.927,2630.46
Turkish Airlines,DXB,BOM,1900,1,Mon,6,2.19,True,0,0,240,350,0.686,2228.42
Emirates,DXB,SYD,12000,1,Wed,2,3.74,True,1,58,284,350,0.813,4213.14
Emirates,DXB,FRA,4800,7,Sat,23,6.43,True,0,0,350,350,1.0,3326.4
Qatar Airways,DXB,SYD,12000,5,Sun,13,5.7,False,0,0,286,350,0.818,4228.8
Emirates,DXB,BOM,1900,10,Tue,12,7.23,False,0,0,222,350,0.636,2145.7
Qatar Airways,DXB,BKK,4900,5,Sun,6,7.22,False,0,0,233,350,0.668,2672.51
Emirates,DXB,SYD,12000,6,Thu,1,2.8,True,0,0,334,350,0.957,4628.49
Etihad,DXB,BKK,4900,11,Tue,22,6.54,False,0,0,255,350,0.731,2800.21
Emirates,DXB,BOM,1900,4,Fri,8,5.69,False,0,0,234,350,0.669,2200.43
Etihad,DXB,LHR,5500,3,Tue,11,6.0,False,0,0,205,350,0.588,2600.53
Qatar Airways,DXB,BKK,4900,1,Sat,16,3.73,True,1,71,290,350,0.831,3004.08
Emirates,DXB,JNB,6400,1,Wed,16,4.9,True,0,0,311,350,0.891,3403.39
Emirates,DXB,LHR,5500,3,Sat,1,3.25,False,0,0,317,350,0.908,3271.04
Qatar Airways,DXB,FRA,4800,11,Wed,16,5.8,False,0,0,285,350,0.816,2955.62
Qatar Airways,DXB,LHR,5500,9,Thu,5,6.18,False,0,0,245,350,0.702,2838.74
Emirates,DXB,NRT,7900,3,Sun,18,5.92,False,1,37,244,350,0.698,3218.09
Qatar Airways,DXB,JNB,6400,1,Wed,17,6.22,True,1,51,245,350,0.702,2985.87
Qatar Airways,DXB,JFK,11000,1,Sat,11,6.5,True,0,0,331,350,0.948,4411.28
Emirates,DXB,SYD,12000,3,Thu,23,8.38,False,0,0,217,350,0.623,3665.64
Turkish Airlines,DXB,BKK,4900,6,Thu,2,5.85,True,1,30,290,350,0.83,3001.97
Emirates,DXB,JFK,11000,6,Wed,15,4.99,True,0,0,281,350,0.804,4013.04
Etihad,DXB,JNB,6400,7,Wed,16,5.63,True,0,0,218,350,0.624,2812.15
Qatar Airways,DXB,CDG,5200,6,Sat,12,6.37,True,0,0,324,350,0.926,3253.76
Etihad,DXB,LHR,5500,12,Sun,0,5.94,True,0,0,289,350,0.827,3102.0
Emirates,DXB,LHR,5500,1,Thu,13,4.66,True,0,0,327,350,0.936,3329.93
Turkish Airlines,DXB,LHR,5500,5,Sun,2,3.58,False,0,0,230,350,0.658,2747.58
Etihad,DXB,JFK,11000,9,Tue,21,5.95,False,0,0,301,350,0.862,4171.88
Qatar Airways,DXB,CDG,5200,7,Tue,9,5.54,True,0,0,321,350,0.917,3234.9
British Airways,DXB,FRA,4800,10,Sun,2,7.99,False,0,0,195,350,0.558,2434.71
Emirates,DXB,BKK,4900,4,Mon,7,8.43,False,1,33,254,350,0.728,2794.92
Etihad,DXB,JFK,11000,7,Sun,21,3.63,True,1,97,306,350,0.875,4210.09
Singapore Airlines,DXB,LHR,5500,4,Tue,5,7.53,False,0,0,148,350,0.424,2256.16
Singapore Airlines,DXB,SIN,5900,7,Thu,5,5.07,True,0,0,270,350,0.772,3054.04
Qatar Airways,DXB,BKK,4900,2,Thu,9,6.57,False,0,0,201,350,0.575,2483.43
Etihad,DXB,FRA,4800,10,Fri,20,6.8,False,0,0,222,350,0.635,2590.12
Emirates,DXB,NRT,7900,1,Sun,1,4.52,True,0,0,316,350,0.905,3714.41
Turkish Airlines,DXB,LHR,5500,7,Sun,4,3.01,True,0,0,350,350,1.0,3465.0
Etihad,DXB,SIN,5900,6,Mon,13,6.05,True,0,0,322,350,0.922,3376.63
Etihad,DXB,SIN,5900,7,Tue,9,5.0,True,0,0,329,350,0.941,3416.85
British Airways,DXB,JNB,6400,7,Tue,16,5.52,True,0,0,336,350,0.961,3557.41
British Airways,DXB,SYD,12000,12,Mon,0,5.72,True,0,0,317,350,0.906,4481.41
Singapore Airlines,DXB,JNB,6400,10,Wed,11,5.68,False,0,0,198,350,0.566,2685.09
Emirates,DXB,JFK,11000,3,Sun,16,5.27,False,0,0,321,350,0.918,4328.82
Emirates,DXB,SYD,12000,9,Sun,3,3.44,False,1,16,311,350,0.889,4432.83
Etihad,DXB,BOM,1900,4,Tue,4,8.12,False,1,38,253,350,0.723,2290.57
Etihad,DXB,FRA,4800,8,Sun,4,6.15,False,0,0,208,350,0.597,2513.27
Emirates,DXB,LHR,5500,1,Sat,19,4.22,True,1,37,350,350,1.0,3465.0
Emirates,DXB,BOM,1900,3,Thu,8,7.49,False,1,53,222,350,0.634,2142.35
Qatar Airways,DXB,SIN,5900,5,Wed,11,6.81,False,0,0,177,350,0.506,2483.95
Singapore Airlines,DXB,BOM,1900,7,Fri,20,3.95,True,0,0,325,350,0.929,2633.68
Etihad,DXB,FRA,4800,11,Wed,17,7.14,False,1,39,230,350,0.66,2640.81
Emirates,DXB,BOM,1900,2,Wed,1,6.73,False,1,207,207,350,0.593,2072.85
Singapore Airlines,DXB,CDG,5200,12,Sun,18,5.47,True,0,0,350,350,1.0,3405.6
Turkish Airlines,DXB,FRA,4800,3,Fri,12,9.17,False,0,0,175,350,0.5,2318.83
Singapore Airlines,DXB,BOM,1900,7,Mon,2,5.74,True,0,0,301,350,0.861,2519.79
Emirates,DXB,JNB,6400,1,Sat,20,5.1,True,1,18,350,350,1.0,3643.2
Qatar Airways,DXB,BKK,4900,9,Tue,14,7.18,False,0,0,267,350,0.765,2869.85
Qatar Airways,DXB,CDG,5200,3,Sun,10,6.83,False,0,0,296,350,0.847,3090.13
Emirates,DXB,BKK,4900,10,Tue,17,5.8,False,0,0,171,350,0.489,2310.82
Etihad,DXB,LHR,5500,9,Mon,20,5.86,False,0,0,268,350,0.766,2974.57
Turkish Airlines,DXB,CDG,5200,2,Wed,4,3.02,False,1,105,304,350,0.87,3136.82
Emirates,DXB,FRA,4800,8,Mon,21,5.44,False,0,0,181,350,0.518,2355.33
Turkish Airlines,DXB,LHR,5500,1,Tue,8,2.61,True,0,0,272,350,0.778,2998.96
Singapore Airlines,DXB,LHR,5500,5,Sun,4,5.01,False,0,0,257,350,0.736,2909.84
Turkish Airlines,DXB,NRT,7900,3,Mon,20,5.4,False,1,56,221,350,0.633,3063.6
Emirates,DXB,LHR,5500,8,Tue,7,5.0,False,0,0,209,350,0.599,2622.64
Singapore Airlines,DXB,JFK,11000,12,Mon,21,5.62,True,0,0,350,350,1.0,4554.0
Etihad,DXB,SIN,5900,5,Sat,1,5.3,False,0,0,257,350,0.736,2977.02
Qatar Airways,DXB,SYD,12000,2,Thu,5,6.3,False,0,0,223,350,0.638,3708.2
Qatar Airways,DXB,LHR,5500,5,Fri,3,6.82,False,0,0,249,350,0.713,2861.7
Emirates,DXB,SIN,5900,2,Sat,20,3.28,False,0,0,230,350,0.658,2809.0
Emirates,DXB,BOM,1900,7,Sun,15,3.35,True,0,0,345,350,0.989,2733.05
Singapore Airlines,DXB,SYD,12000,11,Fri,17,4.95,False,1,34,276,350,0.79,4148.62
Emirates,DXB,CDG,5200,5,Sat,0,1.78,False,1,21,277,350,0.792,2975.37
Emirates,DXB,BOM,1900,10,Mon,14,5.95,False,0,0,236,350,0.676,2211.23
Turkish Airlines,DXB,LHR,5500,10,Thu,0,7.27,False,1,49,194,350,0.557,2534.64
Turkish Airlines,DXB,NRT,7900,12,Sun,13,7.47,True,0,0,315,350,0.9,3701.68
Emirates,DXB,FRA,4800,3,Sun,22,10.0,False,0,0,302,350,0.864,3052.93
Etihad,DXB,SYD,12000,3,Sun,22,6.72,False,0,0,253,350,0.724,3957.88
Emirates,DXB,NRT,7900,12,Mon,16,4.48,True,0,0,208,350,0.597,2977.16
Qatar Airways,DXB,JFK,11000,4,Sun,21,9.28,False,0,0,278,350,0.795,3987.29
Emirates,DXB,BOM,1900,5,Sat,19,6.39,False,0,0,335,350,0.959,2684.03
Turkish Airlines,DXB,SIN,5900,9,Mon,20,4.02,False,0,0,207,350,0.592,2666.84
Emirates,DXB,JNB,6400,7,Mon,22,5.26,True,1,15,335,350,0.959,3552.55
Turkish Airlines,DXB,JNB,6400,6,Wed,1,8.06,True,0,0,350,350,1.0,3643.2
Singapore Airlines,DXB,CDG,5200,10,Sat,3,7.42,False,0,0,140,350,0.401,2169.44
Emirates,DXB,NRT,7900,6,Fri,10,4.7,True,0,0,345,350,0.987,3909.68
Etihad,DXB,JNB,6400,10,Fri,22,4.9,False,0,0,265,350,0.758,3107.89
Emirates,DXB,SIN,5900,9,Mon,8,3.91,False,0,0,329,350,0.942,3419.75
Emirates,DXB,LHR,5500,5,Sat,11,6.03,False,1,25,249,350,0.713,2861.58
Etihad,DXB,LHR,5500,8,Sat,7,5.8,False,0,0,284,350,0.814,3073.48
Singapore Airlines,DXB,SIN,5900,5,Wed,13,1.69,False,1,37,242,350,0.693,2885.39
Singapore Airlines,DXB,FRA,4800,8,Sat,18,6.06,False,0,0,348,350,0.995,3316.35
Qatar Airways,DXB,LHR,5500,1,Sun,22,3.88,True,0,0,327,350,0.937,3331.84
Qatar Airways,DXB,CDG,5200,6,Wed,6,6.37,True,0,0,343,350,0.981,3366.06
Singapore Airlines,DXB,LHR,5500,4,Sat,6,8.24,False,0,0,297,350,0.851,3152.49
Emirates,DXB,BKK,4900,6,Tue,9,7.46,True,0,0,295,350,0.845,3032.55
Qatar Airways,DXB,BKK,4900,8,Thu,23,9.76,False,0,0,235,350,0.672,2680.75
Etihad,DXB,JFK,11000,11,Sun,18,7.62,False,0,0,334,350,0.955,4430.39
Emirates,DXB,NRT,7900,8,Sat,5,3.66,False,1,22,157,350,0.451,2629.27
Qatar Airways,DXB,JFK,11000,9,Mon,14,5.97,False,0,0,293,350,0.838,4106.23
Turkish Airlines,DXB,SIN,5900,8,Fri,7,6.81,False,0,0,283,350,0.811,3137.56
Emirates,DXB,SYD,12000,8,Mon,21,4.06,False,0,0,206,350,0.591,3572.79
Singapore Airlines,DXB,LHR,5500,6,Sun,18,2.46,True,0,0,350,350,1.0,3465.0
Emirates,DXB,BKK,4900,9,Fri,8,4.68,False,1,130,215,350,0.616,2568.05
Etihad,DXB,JFK,11000,11,Mon,10,7.71,False,0,0,163,350,0.466,3081.34
Emirates,DXB,LHR,5500,1,Fri,10,3.47,True,1,22,347,350,0.992,3448.2
Etihad,DXB,JNB,6400,1,Sun,0,3.69,True,0,0,257,350,0.737,3061.53
Singapore Airlines,DXB,LHR,5500,8,Wed,17,6.56,False,0,0,185,350,0.53,2477.84
Qatar Airways,DXB,LHR,5500,2,Sat,5,4.47,False,0,0,265,350,0.759,2958.05
Emirates,DXB,SYD,12000,10,Tue,18,5.33,False,0,0,301,350,0.86,4349.58
Emirates,DXB,JFK,11000,7,Fri,7,6.08,True,0,0,278,350,0.795,3986.86
Emirates,DXB,SIN,5900,3,Wed,0,9.57,False,0,0,246,350,0.703,2906.06
Turkish Airlines,DXB,JNB,6400,11,Thu,19,5.38,False,0,0,253,350,0.724,3033.6
Singapore Airlines,DXB,FRA,4800,10,Sun,0,7.49,False,0,0,202,350,0.58,2479.41
Singapore Airlines,DXB,SIN,5900,4,Wed,9,6.31,False,0,0,273,350,0.781,3072.98
Singapore Airlines,DXB,SIN,5900,6,Sat,8,2.37,True,1,79,302,350,0.865,3253.38
Emirates,DXB,NRT,7900,8,Wed,13,3.0,False,0,0,222,350,0.635,3069.6
Qatar Airways,DXB,BOM,1900,8,Tue,12,2.96,False,0,0,207,350,0.594,2074.44
Etihad,DXB,NRT,7900,10,Fri,12,8.65,False,0,0,303,350,0.868,3625.39
Qatar Airways,DXB,NRT,7900,4,Mon,5,6.78,False,0,0,198,350,0.568,2909.76
British Airways,DXB,SIN,5900,10,Sat,20,5.65,False,0,0,217,350,0.621,2729.77
Emirates,DXB,BOM,1900,5,Sun,9,4.76,False,0,0,289,350,0.827,2463.29
Qatar Airways,DXB,JFK,11000,12,Sat,10,4.66,True,1,72,350,350,1.0,4554.0
Qatar Airways,DXB,CDG,5200,2,Sun,14,2.37,False,0,0,250,350,0.715,2817.63
Emirates,DXB,BKK,4900,11,Mon,12,7.56,False,0,0,183,350,0.524,2381.16
Emirates,DXB,JNB,6400,1,Mon,10,3.58,True,0,0,350,350,1.0,3643.2
Emirates,DXB,SYD,12000,6,Tue,11,3.91,True,1,21,287,350,0.82,4234.46
Turkish Airlines,DXB,FRA,4800,1,Sun,11,6.6,True,0,0,330,350,0.944,3214.22
Singapore Airlines,DXB,FRA,4800,5,Sat,15,4.32,False,0,0,282,350,0.806,2935.2
Emirates,DXB,NRT,7900,9,Fri,14,5.16,False,1,51,233,350,0.666,3142.3
Etihad,DXB,FRA,4800,5,Sun,8,4.71,False,0,0,249,350,0.712,2744.82
Singapore Airlines,DXB,BKK,4900,7,Wed,17,8.29,True,0,0,311,350,0.891,3124.76
Etihad,DXB,JFK,11000,3,Fri,10,8.88,False,0,0,217,350,0.623,3512.51
Emirates,DXB,LHR,5500,4,Fri,21,8.55,False,1,58,193,350,0.552,2523.64
Emirates,DXB,FRA,4800,3,Tue,1,8.07,False,0,0,229,350,0.656,2632.17
Turkish Airlines,DXB,BKK,4900,1,Fri,20,8.9,True,0,0,298,350,0.852,3045.97
Etihad,DXB,BOM,1900,7,Thu,4,2.21,True,1,71,284,350,0.814,2442.0
Qatar Airways,DXB,LHR,5500,5,Sat,14,2.1,False,0,0,204,350,0.585,2593.74
Emirates,DXB,NRT,7900,5,Fri,4,4.75,False,1,145,220,350,0.631,3058.86
Etihad,DXB,JFK,11000,9,Sun,19,4.78,False,1,26,227,350,0.651,3590.4
Singapore Airlines,DXB,NRT,7900,11,Tue,8,7.83,False,0,0,201,350,0.575,2925.91
Emirates,DXB,FRA,4800,1,Mon,2,5.95,True,0,0,350,350,1.0,3326.4
Qatar Airways,DXB,JFK,11000,1,Wed,2,3.94,True,0,0,267,350,0.766,3906.96
Qatar Airways,DXB,SIN,5900,2,Wed,8,2.76,False,0,0,197,350,0.564,2607.83
Emirates,DXB,JFK,11000,12,Tue,8,5.76,True,0,0,289,350,0.826,4073.52
Emirates,DXB,CDG,5200,8,Wed,4,5.07,False,1,20,200,350,0.574,2526.92
Singapore Airlines,DXB,LHR,5500,2,Fri,18,4.27,False,0,0,299,350,0.855,3161.13
Qatar Airways,DXB,LHR,5500,6,Wed,15,6.4,True,1,70,315,350,0.901,3256.26
Singapore Airlines,DXB,BOM,1900,5,Tue,3,7.07,False,0,0,254,350,0.728,2298.25
Singapore Airlines,DXB,NRT,7900,9,Wed,22,5.34,False,0,0,221,350,0.632,3060.71
Qatar Airways,DXB,FRA,4800,2,Fri,13,5.98,False,0,0,176,350,0.503,2324.24
Etihad,DXB,JNB,6400,3,Sat,18,7.37,False,1,33,321,350,0.919,3465.0
Qatar Airways,DXB,SIN,5900,6,Thu,19,4.33,True,0,0,305,350,0.873,3272.03
British Airways,DXB,CDG,5200,1,Tue,21,6.79,True,0,0,233,350,0.667,2718.74
Singapore Airlines,DXB,BKK,4900,11,Wed,19,9.35,False,0,0,224,350,0.642,2620.4
Etihad,DXB,JFK,11000,4,Mon,2,5.16,False,0,0,220,350,0.629,3529.13
British Airways,DXB,BKK,4900,2,Sun,13,4.27,False,1,163,240,350,0.687,2712.34
Emirates,DXB,SIN,5900,5,Wed,19,2.71,False,1,38,198,350,0.567,2614.05
Singapore Airlines,DXB,JFK,11000,3,Mon,23,8.43,False,0,0,213,350,0.609,3474.41
Turkish Airlines,DXB,BOM,1900,1,Fri,20,4.76,True,0,0,275,350,0.788,2397.92
Emirates,DXB,SIN,5900,8,Thu,2,4.76,False,0,0,171,350,0.489,2446.67
Qatar Airways,DXB,BKK,4900,4,Mon,5,6.14,False,0,0,207,350,0.594,2523.39
Emirates,DXB,JFK,11000,8,Wed,12,4.82,False,0,0,178,350,0.509,3197.88
Etihad,DXB,CDG,5200,11,Fri,0,8.41,False,0,0,291,350,0.832,3057.86
Emirates,DXB,CDG,5200,6,Thu,19,6.78,True,1,18,269,350,0.771,2932.36
Qatar Airways,DXB,BOM,1900,1,Fri,19,2.92,True,1,25,278,350,0.797,2413.8
British Airways,DXB,JFK,11000,10,Sun,11,7.41,False,0,0,221,350,0.634,3544.32
Emirates,DXB,CDG,5200,9,Sun,8,6.05,False,0,0,272,350,0.777,2945.78
Singapore Airlines,DXB,FRA,4800,11,Thu,15,8.98,False,0,0,235,350,0.674,2668.6
Qatar Airways,DXB,BOM,1900,12,Tue,13,4.02,True,1,26,277,350,0.792,2405.15
Turkish Airlines,DXB,BKK,4900,8,Fri,22,4.16,False,0,0,252,350,0.72,2778.72
Emirates,DXB,SYD,12000,6,Fri,23,5.06,True,0,0,330,350,0.944,4591.88
British Airways,DXB,CDG,5200,1,Sun,11,6.7,True,0,0,313,350,0.897,3193.07
British Airways,DXB,BKK,4900,12,Tue,16,8.89,True,0,0,314,350,0.899,3142.32
Etihad,DXB,BKK,4900,2,Sun,1,5.9,False,1,30,303,350,0.866,3074.5
Etihad,DXB,SYD,12000,2,Fri,14,6.12,False,0,0,225,350,0.644,3726.51
Qatar Airways,DXB,NRT,7900,12,Sat,13,1.09,True,0,0,341,350,0.975,3881.52
Etihad,DXB,CDG,5200,12,Fri,14,7.31,True,0,0,350,350,1.0,3405.6
Emirates,DXB,LHR,5500,11,Mon,1,9.58,False,0,0,292,350,0.835,3117.48
Emirates,DXB,NRT,7900,3,Sat,13,6.11,False,0,0,173,350,0.496,2736.02
Emirates,DXB,SIN,5900,4,Wed,11,5.74,False,0,0,249,350,0.712,2926.61
Emirates,DXB,SIN,5900,5,Thu,4,6.06,False,0,0,268,350,0.766,3042.5
Singapore Airlines,DXB,CDG,5200,12,Wed,19,4.89,True,0,0,295,350,0.846,3086.78
Turkish Airlines,DXB,LHR,5500,7,Wed,5,5.29,True,0,0,259,350,0.743,2924.57
Etihad,DXB,JFK,11000,8,Wed,10,5.1,False,0,0,244,350,0.698,3720.52
Qatar Airways,DXB,FRA,4800,12,Sat,19,3.9,True,0,0,346,350,0.991,3307.55
British Airways,DXB,CDG,5200,5,Sun,21,6.21,False,1,36,204,350,0.584,2546.4
Emirates,DXB,JFK,11000,1,Tue,7,5.56,True,0,0,318,350,0.911,4307.92
Singapore Airlines,DXB,BKK,4900,1,Mon,18,6.26,True,0,0,350,350,1.0,3346.2
Emirates,DXB,CDG,5200,9,Mon,8,4.61,False,0,0,206,350,0.589,2557.46
British Airways,DXB,CDG,5200,4,Sat,18,7.9,False,0,0,284,350,0.814,3021.99
Etihad,DXB,LHR,5500,8,Sat,21,2.99,False,0,0,304,350,0.87,3191.44
Qatar Airways,DXB,SIN,5900,3,Thu,0,6.04,False,0,0,171,350,0.491,2451.36
Emirates,DXB,SYD,12000,8,Sat,13,3.97,False,0,0,350,350,1.0,4752.0
Singapore Airlines,DXB,JFK,11000,6,Thu,20,5.13,True,0,0,247,350,0.708,3748.72
Etihad,DXB,FRA,4800,6,Sat,17,5.27,True,1,40,350,350,1.0,3326.4
Singapore Airlines,DXB,SIN,5900,12,Sun,3,4.72,True,0,0,348,350,0.996,3536.4
Etihad,DXB,SIN,5900,4,Sat,14,10.0,False,0,0,296,350,0.847,3216.56
British Airways,DXB,JFK,11000,1,Fri,3,5.14,True,0,0,350,350,1.0,4554.0
Singapore Airlines,DXB,FRA,4800,7,Sun,23,4.15,True,1,39,347,350,0.993,3313.09
Emirates,DXB,CDG,5200,1,Thu,23,3.5,True,0,0,300,350,0.858,3112.96
Qatar Airways,DXB,SIN,5900,6,Thu,8,5.87,True,0,0,346,350,0.989,3521.18
Etihad,DXB,NRT,7900,8,Mon,4,6.6,False,0,0,189,350,0.54,2842.79
British Airways,DXB,BOM,1900,2,Wed,3,4.63,False,0,0,180,350,0.515,1942.72
Emirates,DXB,JFK,11000,1,Sun,20,6.84,True,0,0,350,350,1.0,4554.0
Emirates,DXB,BOM,1900,9,Tue,2,7.51,False,0,0,266,350,0.761,2353.13
Etihad,DXB,BOM,1900,1,Wed,6,6.56,True,0,0,275,350,0.788,2397.95
Emirates,DXB,FRA,4800,4,Fri,0,4.55,False,0,0,321,350,0.92,3164.54
Emirates,DXB,FRA,4800,4,Fri,16,7.74,False,0,0,296,350,0.846,3015.63
Qatar Airways,DXB,JNB,6400,6,Tue,2,2.01,True,0,0,313,350,0.895,3411.11
British Airways,DXB,FRA,4800,12,Tue,5,7.51,True,0,0,315,350,0.9,3125.37
Emirates,DXB,NRT,7900,4,Fri,12,8.97,False,0,0,284,350,0.813,3494.43
Etihad,DXB,BOM,1900,7,Thu,16,1.5,True,0,0,276,350,0.79,2402.06
Turkish Airlines,DXB,CDG,5200,5,Thu,7,3.87,False,0,0,260,350,0.745,2878.7
Emirates,DXB,CDG,5200,2,Sun,0,5.23,False,0,0,350,350,1.0,3405.6
Emirates,DXB,BKK,4900,1,Sun,17,3.26,True,0,0,260,350,0.745,2829.99
Emirates,DXB,LHR,5500,11,Wed,19,7.29,False,1,22,223,350,0.638,2705.74
Singapore Airlines,DXB,CDG,5200,12,Fri,19,5.12,True,0,0,321,350,0.918,3236.63
Singapore Airlines,DXB,CDG,5200,3,Sun,19,6.18,False,0,0,296,350,0.848,3091.31
Emirates,DXB,SYD,12000,2,Sat,19,6.07,False,0,0,260,350,0.744,4015.95
Etihad,DXB,LHR,5500,4,Sun,13,6.23,False,1,93,294,350,0.842,3132.81
British Airways,DXB,JFK,11000,8,Fri,1,2.63,False,0,0,257,350,0.734,3820.76
Singapore Airlines,DXB,BKK,4900,2,Fri,5,2.52,False,0,0,308,350,0.881,3104.41
Qatar Airways,DXB,JFK,11000,10,Mon,1,9.46,False,0,0,223,350,0.638,3555.11
Emirates,DXB,FRA,4800,3,Mon,2,5.85,False,0,0,203,350,0.583,2485.21
Qatar Airways,DXB,BKK,4900,7,Mon,4,2.7,True,0,0,335,350,0.959,3264.05
Qatar Airways,DXB,FRA,4800,2,Sun,4,4.81,False,0,0,297,350,0.849,3021.43
Etihad,DXB,CDG,5200,7,Fri,21,4.65,True,0,0,281,350,0.804,3001.93
Qatar Airways,DXB,FRA,4800,10,Sun,4,5.51,False,0,0,254,350,0.726,2774.6
Etihad,DXB,BKK,4900,7,Fri,3,4.42,True,0,0,348,350,0.996,3339.02
Singapore Airlines,DXB,BKK,4900,6,Tue,20,5.44,True,1,89,266,350,0.762,2864.18
Emirates,DXB,LHR,5500,10,Tue,7,10.0,False,0,0,202,350,0.577,2577.36
Singapore Airlines,DXB,JNB,6400,1,Sun,16,5.05,True,0,0,293,350,0.84,3289.01
British Airways,DXB,LHR,5500,7,Fri,7,4.45,True,0,0,333,350,0.952,3364.54
Emirates,DXB,SIN,5900,4,Fri,7,4.98,False,0,0,214,350,0.613,2713.8
Singapore Airlines,DXB,FRA,4800,3,Thu,18,8.78,False,0,0,257,350,0.736,2794.73
Emirates,DXB,LHR,5500,8,Mon,8,3.12,False,0,0,206,350,0.59,2603.38
Qatar Airways,DXB,BOM,1900,9,Mon,22,4.03,False,1,56,266,350,0.761,2354.12
Qatar Airways,DXB,JFK,11000,11,Tue,14,7.34,False,0,0,189,350,0.541,3287.17
Etihad,DXB,NRT,7900,9,Tue,21,5.47,False,0,0,220,350,0.63,3056.72
Etihad,DXB,LHR,5500,8,Fri,2,3.18,False,1,28,303,350,0.866,3184.14
Qatar Airways,DXB,SIN,5900,5,Sat,7,5.56,False,0,0,322,350,0.922,3376.43
Emirates,DXB,CDG,5200,6,Wed,21,7.59,True,0,0,310,350,0.886,3170.35
British Airways,DXB,BKK,4900,11,Tue,14,8.86,False,0,0,228,350,0.653,2641.58
Qatar Airways,DXB,LHR,5500,8,Wed,21,7.72,False,0,0,253,350,0.725,2887.13
Qatar Airways,DXB,SIN,5900,8,Tue,15,5.89,False,1,29,259,350,0.742,2990.75
Emirates,DXB,NRT,7900,2,Wed,9,6.14,False,0,0,252,350,0.72,3271.72
British Airways,DXB,BOM,1900,4,Thu,21,7.35,False,0,0,237,350,0.678,2215.72
Emirates,DXB,BOM,1900,2,Fri,19,3.67,False,0,0,237,350,0.678,2214.28
Singapore Airlines,DXB,SIN,5900,10,Thu,14,9.59,False,1,55,210,350,0.602,2689.39
Etihad,DXB,SIN,5900,6,Sun,20,4.38,True,0,0,275,350,0.788,3089.48
Singapore Airlines,DXB,SYD,12000,8,Fri,15,6.1,False,0,0,213,350,0.611,3631.09
Etihad,DXB,JFK,11000,3,Sun,18,5.77,False,0,0,255,350,0.73,3807.68
Emirates,DXB,NRT,7900,6,Fri,3,0.84,True,0,0,350,350,1.0,3940.2
Emirates,DXB,FRA,4800,1,Tue,19,6.16,True,0,0,334,350,0.956,3237.43
Emirates,DXB,CDG,5200,4,Thu,15,7.82,False,1,76,187,350,0.537,2449.53
British Airways,DXB,NRT,7900,5,Mon,19,2.88,False,0,0,178,350,0.509,2767.84
Emirates,DXB,CDG,5200,6,Mon,12,4.38,True,0,0,319,350,0.913,3226.96
Etihad,DXB,BKK,4900,1,Fri,9,5.23,True,0,0,339,350,0.97,3285.03
Emirates,DXB,FRA,4800,2,Wed,0,4.59,False,1,43,185,350,0.53,2379.05
Emirates,DXB,JNB,6400,12,Tue,21,3.68,True,1,27,262,350,0.751,3092.91
Emirates,DXB,CDG,5200,10,Mon,12,5.92,False,0,0,207,350,0.592,2563.23
Emirates,DXB,JFK,11000,10,Wed,20,3.36,False,0,0,264,350,0.756,3880.8
Singapore Airlines,DXB,JFK,11000,8,Wed,19,6.74,False,0,0,211,350,0.605,3463.17
Qatar Airways,DXB,SIN,5900,10,Fri,17,7.67,False,0,0,225,350,0.646,2782.96
Emirates,DXB,SYD,12000,9,Fri,11,3.79,False,0,0,242,350,0.692,3865.44
Emirates,DXB,NRT,7900,9,Sun,21,6.53,False,0,0,350,350,1.0,3940.2
Singapore Airlines,DXB,NRT,7900,11,Mon,6,7.57,False,0,0,303,350,0.867,3623.5
Etihad,DXB,LHR,5500,10,Fri,4,6.33,False,0,0,339,350,0.971,3404.52
British Airways,DXB,CDG,5200,12,Sun,7,4.55,True,1,86,291,350,0.832,3059.27
Etihad,DXB,FRA,4800,5,Thu,3,5.18,False,0,0,295,350,0.845,3013.84
Singapore Airlines,DXB,CDG,5200,4,Thu,13,6.56,False,1,81,161,350,0.462,2296.03
Emirates,DXB,BOM,1900,8,Sat,2,5.13,False,0,0,292,350,0.836,2478.24
Emirates,DXB,BKK,4900,7,Mon,17,4.81,True,0,0,260,350,0.745,2828.53
Emirates,DXB,JNB,6400,8,Thu,8,7.81,False,0,0,272,350,0.78,3156.57
Etihad,DXB,JNB,6400,2,Tue,19,3.16,False,0,0,236,350,0.676,2926.77
Etihad,DXB,JFK,11000,11,Sat,0,6.36,False,0,0,259,350,0.741,3838.5
British Airways,DXB,SIN,5900,4,Sat,5,7.51,False,0,0,232,350,0.665,2824.41
Turkish Airlines,DXB,FRA,4800,5,Fri,12,5.58,False,0,0,223,350,0.637,2595.23
Emirates,DXB,BKK,4900,2,Tue,4,5.73,False,0,0,217,350,0.622,2579.11
Singapore Airlines,DXB,BOM,1900,11,Tue,14,5.01,False,0,0,272,350,0.78,2385.21
Singapore Airlines,DXB,NRT,7900,5,Thu,23,5.37,False,0,0,208,350,0.595,2972.84
Turkish Airlines,DXB,SYD,12000,2,Tue,10,6.83,False,0,0,291,350,0.833,4269.77
Singapore Airlines,DXB,SYD,12000,1,Thu,15,4.52,True,0,0,269,350,0.769,4086.56
British Airways,DXB,CDG,5200,9,Thu,0,4.24,False,0,0,260,350,0.743,2875.78
British Airways,DXB,BOM,1900,6,Sun,20,5.77,True,1,80,333,350,0.952,2671.39
Singapore Airlines,DXB,JFK,11000,3,Mon,5,8.01,False,0,0,307,350,0.878,4217.24
Etihad,DXB,CDG,5200,4,Fri,7,6.64,False,0,0,212,350,0.608,2597.24
Etihad,DXB,LHR,5500,9,Sat,5,6.06,False,0,0,237,350,0.678,2788.26
Turkish Airlines,DXB,NRT,7900,3,Mon,19,7.06,False,0,0,233,350,0.669,3148.62
Qatar Airways,DXB,BOM,1900,12,Wed,14,2.79,True,0,0,286,350,0.819,2449.52
Emirates,DXB,LHR,5500,9,Mon,23,6.24,False,0,0,204,350,0.584,2590.69
Emirates,DXB,BOM,1900,4,Wed,3,5.2,False,1,59,174,350,0.497,1913.56
Qatar Airways,DXB,LHR,5500,12,Wed,10,3.9,True,1,56,299,350,0.854,3159.09
Emirates,DXB,BOM,1900,9,Thu,2,5.98,False,0,0,340,350,0.973,2706.34
Emirates,DXB,BOM,1900,3,Tue,19,10.0,False,0,0,180,350,0.516,1945.61
Qatar Airways,DXB,SYD,12000,4,Sun,6,6.46,False,0,0,234,350,0.67,3800.7
Turkish Airlines,DXB,JFK,11000,8,Tue,22,6.36,False,0,0,218,350,0.624,3516.63
Emirates,DXB,CDG,5200,10,Wed,7,6.72,False,0,0,160,350,0.459,2288.69
Etihad,DXB,SYD,12000,8,Sat,2,3.07,False,0,0,144,350,0.414,3064.98
Qatar Airways,DXB,LHR,5500,1,Sat,7,6.63,True,0,0,301,350,0.861,3172.46
Qatar Airways,DXB,CDG,5200,9,Mon,23,5.32,False,0,0,195,350,0.56,2496.95
Emirates,DXB,FRA,4800,7,Mon,6,7.85,True,1,21,294,350,0.843,3009.32
Emirates,DXB,LHR,5500,8,Thu,18,6.25,False,0,0,219,350,0.628,2684.27
Qatar Airways,DXB,LHR,5500,10,Sun,4,7.22,False,0,0,229,350,0.656,2743.08
Emirates,DXB,LHR,5500,4,Tue,4,6.68,False,0,0,186,350,0.532,2481.23
Emirates,DXB,NRT,7900,3,Sun,8,7.25,False,0,0,274,350,0.783,3422.08
Etihad,DXB,NRT,7900,2,Wed,21,5.68,False,0,0,182,350,0.521,2796.38
Qatar Airways,DXB,SYD,12000,8,Tue,16,5.48,False,0,0,307,350,0.878,4400.96
Emirates,DXB,NRT,7900,5,Fri,16,4.74,False,0,0,193,350,0.552,2869.89
Emirates,DXB,SIN,5900,6,Wed,17,3.89,True,0,0,290,350,0.83,3178.68
Singapore Airlines,DXB,JFK,11000,3,Wed,11,6.8,False,0,0,261,350,0.747,3856.54
Qatar Airways,DXB,NRT,7900,11,Mon,21,8.55,False,0,0,274,350,0.785,3427.27
Emirates,DXB,SIN,5900,7,Thu,4,4.54,True,0,0,330,350,0.944,3422.97
Emirates,DXB,JFK,11000,12,Wed,10,6.91,True,0,0,276,350,0.79,3974.97
Emirates,DXB,SIN,5900,8,Tue,15,7.84,False,0,0,208,350,0.595,2673.29
Etihad,DXB,JNB,6400,8,Wed,2,4.85,False,0,0,244,350,0.699,2978.84
Emirates,DXB,NRT,7900,3,Tue,5,6.61,False,0,0,294,350,0.842,3562.51
Turkish Airlines,DXB,SIN,5900,10,Thu,4,3.06,False,1,50,176,350,0.504,2477.76
Emirates,DXB,BKK,4900,1,Fri,15,8.95,True,0,0,249,350,0.713,2764.83
Emirates,DXB,FRA,4800,3,Wed,9,7.81,False,0,0,263,350,0.752,2826.13
Qatar Airways,DXB,SIN,5900,12,Wed,6,3.14,True,0,0,304,350,0.87,3264.86
Turkish Airlines,DXB,JFK,11000,11,Thu,18,8.07,False,0,0,263,350,0.753,3871.21
Emirates,DXB,JNB,6400,10,Wed,4,5.96,False,0,0,246,350,0.705,2990.95
British Airways,DXB,CDG,5200,3,Sun,20,4.47,False,0,0,303,350,0.867,3131.21
Emirates,DXB,CDG,5200,11,Sun,4,6.0,False,1,144,292,350,0.835,3064.59
Emirates,DXB,SYD,12000,10,Thu,11,6.92,False,0,0,296,350,0.847,4311.31
Etihad,DXB,LHR,5500,8,Sun,14,6.11,False,0,0,263,350,0.752,2945.23
British Airways,DXB,SIN,5900,11,Tue,18,9.28,False,1,44,298,350,0.853,3229.39
Turkish Airlines,DXB,JNB,6400,4,Fri,16,4.92,False,0,0,295,350,0.846,3302.22
Emirates,DXB,SYD,12000,11,Fri,12,8.33,False,1,16,288,350,0.825,4247.12
Singapore Airlines,DXB,NRT,7900,10,Sat,20,8.72,False,0,0,233,350,0.666,3143.12
Emirates,DXB,BOM,1900,3,Wed,17,8.43,False,0,0,249,350,0.712,2271.1
Emirates,DXB,LHR,5500,4,Mon,4,6.04,False,0,0,245,350,0.702,2838.84
Singapore Airlines,DXB,BOM,1900,1,Thu,2,3.85,True,0,0,306,350,0.875,2544.4
Emirates,DXB,BKK,4900,6,Wed,2,8.16,True,0,0,330,350,0.944,3232.94
British Airways,DXB,SYD,12000,11,Sat,15,5.93,False,0,0,269,350,0.77,4090.58
Emirates,DXB,CDG,5200,12,Tue,1,6.47,True,0,0,349,350,0.998,3402.06
Singapore Airlines,DXB,SYD,12000,8,Sun,13,4.3,False,0,0,226,350,0.646,3733.26
Qatar Airways,DXB,FRA,4800,1,Mon,8,4.39,True,0,0,239,350,0.684,2689.46
Emirates,DXB,FRA,4800,7,Sat,9,7.7,True,0,0,350,350,1.0,3326.4
British Airways,DXB,JFK,11000,12,Sat,19,3.37,True,0,0,282,350,0.808,4024.22
Emirates,DXB,FRA,4800,8,Tue,11,2.25,False,0,0,226,350,0.647,2614.01
Qatar Airways,DXB,BOM,1900,12,Mon,14,6.06,True,0,0,336,350,0.962,2688.2
Singapore Airlines,DXB,JNB,6400,2,Mon,5,6.24,False,0,0,191,350,0.546,2640.65
Emirates,DXB,LHR,5500,11,Wed,8,6.29,False,0,0,264,350,0.755,2950.35
Singapore Airlines,DXB,SYD,12000,1,Sat,15,5.28,True,0,0,344,350,0.985,4709.52
Emirates,DXB,LHR,5500,12,Wed,23,3.74,True,0,0,314,350,0.899,3253.44
Singapore Airlines,DXB,SIN,5900,1,Thu,10,5.13,True,0,0,305,350,0.874,3272.86
Emirates,DXB,SYD,12000,3,Thu,4,6.79,False,1,46,208,350,0.596,3588.41
Etihad,DXB,JFK,11000,3,Thu,8,8.85,False,0,0,214,350,0.612,3481.99
Emirates,DXB,BOM,1900,6,Wed,21,4.59,True,0,0,312,350,0.894,2575.08
Qatar Airways,DXB,JFK,11000,9,Sun,3,3.7,False,0,0,302,350,0.865,4181.54
Etihad,DXB,JNB,6400,6,Sat,0,4.51,True,0,0,350,350,1.0,3643.2
Emirates,DXB,CDG,5200,6,Tue,20,6.11,True,0,0,275,350,0.788,2968.89
Etihad,DXB,JNB,6400,2,Sat,16,4.66,False,0,0,213,350,0.611,2783.58
Etihad,DXB,LHR,5500,12,Sat,19,4.97,True,1,47,314,350,0.898,3251.75
British Airways,DXB,BKK,4900,7,Thu,15,5.18,True,1,21,350,350,1.0,3346.2
Emirates,DXB,BOM,1900,2,Fri,5,2.17,False,0,0,225,350,0.643,2156.7
British Airways,DXB,FRA,4800,4,Mon,11,7.25,False,0,0,229,350,0.656,2633.11
Emirates,DXB,JNB,6400,1,Sun,23,1.59,True,0,0,286,350,0.818,3240.56
Emirates,DXB,BOM,1900,2,Tue,12,4.74,False,0,0,297,350,0.849,2500.96
Turkish Airlines,DXB,BOM,1900,7,Fri,23,5.03,True,1,18,335,350,0.958,2681.62
Etihad,DXB,NRT,7900,12,Sun,9,3.29,True,1,48,286,350,0.817,3503.84
Turkish Airlines,DXB,LHR,5500,1,Sun,19,6.86,True,0,0,287,350,0.822,3091.5
Emirates,DXB,JFK,11000,10,Mon,17,5.37,False,1,48,220,350,0.631,3536.39
Emirates,DXB,NRT,7900,5,Sat,4,5.98,False,0,0,263,350,0.752,3348.35
Qatar Airways,DXB,SYD,12000,6,Fri,7,5.67,True,0,0,341,350,0.975,4678.65
Turkish Airlines,DXB,BKK,4900,3,Thu,15,7.82,False,0,0,222,350,0.636,2608.99
Emirates,DXB,SIN,5900,9,Tue,18,4.24,False,0,0,203,350,0.581,2644.81
Emirates,DXB,SYD,12000,11,Fri,1,5.75,False,1,168,321,350,0.92,4521.56
Etihad,DXB,NRT,7900,8,Sat,3,6.08,False,0,0,201,350,0.575,2924.84
Emirates,DXB,JNB,6400,2,Sat,21,6.71,False,0,0,270,350,0.772,3139.67
Etihad,DXB,NRT,7900,11,Fri,23,6.27,False,0,0,275,350,0.786,3429.72
Singapore Airlines,DXB,CDG,5200,5,Wed,2,10.0,False,0,0,166,350,0.474,2320.74
Qatar Airways,DXB,BKK,4900,5,Sat,2,4.87,False,0,0,227,350,0.649,2635.03
Qatar Airways,DXB,BKK,4900,4,Fri,17,5.18,False,0,0,286,350,0.818,2976.48
Turkish Airlines,DXB,BKK,4900,7,Tue,10,3.79,True,1,22,328,350,0.94,3223.57
British Airways,DXB,BOM,1900,4,Fri,10,4.1,False,0,0,326,350,0.933,2639.87
Singapore Airlines,DXB,FRA,4800,7,Sun,7,7.13,True,1,113,303,350,0.866,3055.92
Qatar Airways,DXB,JNB,6400,9,Wed,15,4.45,False,0,0,246,350,0.703,2988.01
Emirates,DXB,SYD,12000,5,Mon,2,4.02,False,0,0,278,350,0.796,4163.34
Qatar Airways,DXB,LHR,5500,7,Fri,23,5.55,True,0,0,317,350,0.908,3272.76
Qatar Airways,DXB,BOM,1900,9,Fri,21,7.05,False,0,0,220,350,0.629,2132.85
Emirates,DXB,SIN,5900,4,Wed,18,8.66,False,0,0,189,350,0.541,2558.54
Etihad,DXB,FRA,4800,10,Tue,4,8.3,False,0,0,251,350,0.72,2761.03
Etihad,DXB,CDG,5200,4,Sun,15,6.1,False,0,0,315,350,0.901,3200.61
British Airways,DXB,FRA,4800,10,Tue,1,7.63,False,1,16,286,350,0.818,2959.87
Emirates,DXB,BKK,4900,4,Sun,20,9.19,False,0,0,268,350,0.767,2874.52
Emirates,DXB,LHR,5500,9,Sun,23,4.47,False,0,0,239,350,0.685,2802.67
Singapore Airlines,DXB,FRA,4800,10,Sun,16,6.45,False,0,0,236,350,0.675,2670.86
Emirates,DXB,LHR,5500,1,Thu,15,5.95,True,0,0,301,350,0.861,3172.17
Etihad,DXB,BKK,4900,4,Tue,16,6.91,False,0,0,246,350,0.705,2747.08
British Airways,DXB,SYD,12000,6,Mon,0,7.73,True,1,23,299,350,0.855,4333.8
Singapore Airlines,DXB,SYD,12000,3,Thu,15,6.28,False,0,0,191,350,0.546,3445.82
Singapore Airlines,DXB,SYD,12000,9,Fri,7,6.03,False,0,0,198,350,0.566,3502.33
Singapore Airlines,DXB,SYD,12000,3,Tue,19,6.45,False,0,0,233,350,0.667,3793.56
Emirates,DXB,SIN,5900,11,Thu,16,6.83,False,0,0,257,350,0.734,2973.59
Qatar Airways,DXB,JNB,6400,11,Mon,17,9.72,False,0,0,199,350,0.571,2696.21
Emirates,DXB,FRA,4800,4,Mon,12,8.05,False,0,0,263,350,0.753,2827.68
Singapore Airlines,DXB,CDG,5200,8,Thu,23,4.24,False,1,18,157,350,0.45,2269.96
Qatar Airways,DXB,LHR,5500,2,Sat,4,5.07,False,0,0,271,350,0.775,2993.42
Qatar Airways,DXB,LHR,5500,11,Mon,11,7.26,False,0,0,198,350,0.566,2553.26
British Airways,DXB,JFK,11000,12,Tue,5,5.13,True,0,0,314,350,0.898,4271.13
Emirates,DXB,CDG,5200,4,Wed,8,7.3,False,0,0,193,350,0.552,2481.9
Qatar Airways,DXB,SIN,5900,2,Sat,2,6.51,False,0,0,171,350,0.489,2447.14
British Airways,DXB,CDG,5200,9,Wed,3,8.23,False,0,0,186,350,0.533,2441.08
Turkish Airlines,DXB,SIN,5900,11,Sat,3,8.57,False,0,0,304,350,0.87,3265.71
Emirates,DXB,BKK,4900,7,Mon,8,5.86,True,0,0,294,350,0.843,3026.87
Singapore Airlines,DXB,NRT,7900,6,Sat,16,7.55,True,0,0,324,350,0.928,3769.11
Singapore Airlines,DXB,SIN,5900,9,Thu,14,4.34,False,0,0,160,350,0.457,2378.29
Emirates,DXB,JNB,6400,12,Mon,10,3.06,True,1,19,326,350,0.933,3494.74
Emirates,DXB,FRA,4800,4,Sun,0,5.95,False,0,0,218,350,0.626,2571.48
Emirates,DXB,JFK,11000,3,Sat,0,6.13,False,1,97,265,350,0.759,3888.09
Singapore Airlines,DXB,SYD,12000,4,Wed,12,6.29,False,0,0,283,350,0.809,4202.25
Emirates,DXB,JNB,6400,3,Sat,9,4.94,False,0,0,241,350,0.689,2957.06
Emirates,DXB,LHR,5500,6,Fri,8,6.5,True,0,0,315,350,0.902,3258.26
Singapore Airlines,DXB,JNB,6400,4,Tue,10,6.18,False,0,0,263,350,0.753,3098.16
Emirates,DXB,BKK,4900,6,Sun,10,6.19,True,0,0,324,350,0.928,3200.22
Singapore Airlines,DXB,CDG,5200,2,Mon,0,7.23,False,1,76,231,350,0.66,2704.32
British Airways,DXB,BKK,4900,3,Wed,3,5.49,False,0,0,180,350,0.516,2364.55
Qatar Airways,DXB,FRA,4800,9,Fri,19,5.17,False,0,0,260,350,0.745,2812.49
Singapore Airlines,DXB,SIN,5900,4,Sat,9,4.88,False,0,0,222,350,0.636,2763.05
Emirates,DXB,BOM,1900,6,Wed,12,2.9,True,1,65,298,350,0.852,2504.87
Singapore Airlines,DXB,FRA,4800,3,Sat,21,6.45,False,0,0,178,350,0.51,2337.87
British Airways,DXB,BKK,4900,7,Fri,16,5.93,True,0,0,342,350,0.979,3304.2
Singapore Airlines,DXB,CDG,5200,6,Mon,16,7.36,True,1,20,273,350,0.78,2952.24
Qatar Airways,DXB,SYD,12000,4,Tue,8,6.0,False,0,0,184,350,0.528,3391.35
Emirates,DXB,SYD,12000,6,Sun,23,6.53,True,0,0,350,350,1.0,4752.0
Etihad,DXB,SYD,12000,3,Tue,7,5.7,False,0,0,249,350,0.714,3928.77
Etihad,DXB,CDG,5200,1,Tue,15,5.2,True,0,0,310,350,0.886,3170.66
Turkish Airlines,DXB,FRA,4800,8,Tue,16,4.29,False,1,25,173,350,0.496,2310.07
Qatar Airways,DXB,SIN,5900,1,Mon,16,5.63,True,0,0,333,350,0.954,3444.67
Singapore Airlines,DXB,NRT,7900,12,Mon,21,5.42,True,1,92,350,350,1.0,3940.2
Singapore Airlines,DXB,SYD,12000,12,Wed,21,4.64,True,0,0,350,350,1.0,4752.0
Singapore Airlines,DXB,SYD,12000,11,Fri,13,8.86,False,1,25,236,350,0.675,3816.36
Emirates,DXB,CDG,5200,6,Thu,14,5.74,True,0,0,299,350,0.855,3106.96
Qatar Airways,DXB,JFK,11000,2,Fri,12,3.87,False,1,57,251,350,0.719,3777.8
British Airways,DXB,BKK,4900,11,Thu,19,6.8,False,1,36,210,350,0.603,2540.2
Singapore Airlines,DXB,LHR,5500,9,Thu,1,5.4,False,0,0,291,350,0.832,3111.28
Singapore Airlines,DXB,NRT,7900,10,Fri,15,8.13,False,0,0,281,350,0.805,3474.27
Emirates,DXB,SIN,5900,3,Thu,6,5.15,False,0,0,282,350,0.807,3129.42
Emirates,DXB,FRA,4800,3,Fri,3,7.21,False,0,0,304,350,0.869,3063.24
Emirates,DXB,CDG,5200,8,Wed,7,6.55,False,0,0,239,350,0.684,2753.87
British Airways,DXB,LHR,5500,10,Tue,17,8.73,False,0,0,209,350,0.599,2623.92
Singapore Airlines,DXB,CDG,5200,9,Sun,2,5.26,False,0,0,278,350,0.796,2985.35
Emirates,DXB,SIN,5900,10,Sat,12,8.56,False,0,0,276,350,0.79,3092.26
Singapore Airlines,DXB,BKK,4900,7,Sun,5,6.0,True,0,0,350,350,1.0,3346.2
Emirates,DXB,JNB,6400,1,Fri,21,5.52,True,0,0,259,350,0.742,3074.03
British Airways,DXB,CDG,5200,9,Sat,23,6.01,False,1,93,243,350,0.695,2775.93
Singapore Airlines,DXB,LHR,5500,6,Fri,5,6.74,True,1,102,291,350,0.833,3113.56
Turkish Airlines,DXB,SYD,12000,1,Wed,19,4.71,True,0,0,295,350,0.846,4307.25
Emirates,DXB,CDG,5200,6,Sun,13,5.36,True,0,0,345,350,0.988,3381.04
Emirates,DXB,NRT,7900,3,Wed,15,4.37,False,0,0,163,350,0.467,2666.66
Emirates,DXB,SYD,12000,11,Tue,9,7.35,False,0,0,182,350,0.521,3373.53
Singapore Airlines,DXB,JFK,11000,7,Thu,4,4.23,True,0,0,350,350,1.0,4554.0
Etihad,DXB,CDG,5200,1,Tue,19,5.01,True,1,95,327,350,0.936,3273.18
Etihad,DXB,CDG,5200,2,Sun,10,5.0,False,0,0,201,350,0.577,2532.09
British Airways,DXB,BOM,1900,6,Tue,21,5.61,True,0,0,254,350,0.727,2297.44
Emirates,DXB,CDG,5200,6,Tue,14,5.96,True,0,0,294,350,0.842,3079.43
British Airways,DXB,LHR,5500,7,Wed,10,2.01,True,1,123,211,350,0.604,2633.31
Qatar Airways,DXB,NRT,7900,2,Fri,16,5.58,False,0,0,246,350,0.705,3236.85
Qatar Airways,DXB,JNB,6400,11,Sat,19,6.89,False,0,0,236,350,0.676,2927.37
Qatar Airways,DXB,BKK,4900,7,Sat,10,5.64,True,1,24,311,350,0.889,3121.23
British Airways,DXB,JNB,6400,9,Wed,18,5.43,False,0,0,230,350,0.659,2890.21
Singapore Airlines,DXB,BKK,4900,12,Sun,20,4.69,True,0,0,294,350,0.84,3022.55
Emirates,DXB,JFK,11000,11,Thu,17,6.26,False,0,0,215,350,0.616,3493.65
Emirates,DXB,SYD,12000,5,Sat,7,4.38,False,0,0,235,350,0.672,3807.11
Emirates,DXB,JNB,6400,12,Tue,6,2.88,True,0,0,242,350,0.694,2967.58
Turkish Airlines,DXB,NRT,7900,6,Thu,17,6.32,True,0,0,281,350,0.804,3473.04
Emirates,DXB,JFK,11000,7,Wed,13,4.46,True,0,0,310,350,0.886,4239.73
Qatar Airways,DXB,JNB,6400,3,Thu,15,7.17,False,0,0,223,350,0.638,2843.63
Turkish Airlines,DXB,NRT,7900,9,Sun,9,3.7,False,0,0,197,350,0.564,2899.0
Emirates,DXB,JFK,11000,3,Thu,7,5.38,False,0,0,252,350,0.721,3783.12
Emirates,DXB,LHR,5500,9,Thu,20,7.55,False,0,0,224,350,0.641,2711.16
Etihad,DXB,SYD,12000,12,Sun,2,4.54,True,0,0,335,350,0.959,4634.09
Etihad,DXB,JNB,6400,1,Mon,4,7.59,True,0,0,300,350,0.859,3331.68
Singapore Airlines,DXB,CDG,5200,4,Thu,6,7.14,False,0,0,234,350,0.67,2725.44
Emirates,DXB,JNB,6400,12,Fri,2,4.09,True,1,30,302,350,0.865,3345.79
Turkish Airlines,DXB,JNB,6400,7,Sat,5,6.83,True,0,0,303,350,0.868,3352.66
Emirates,DXB,LHR,5500,11,Sun,4,7.78,False,0,0,214,350,0.613,2651.59
Emirates,DXB,NRT,7900,4,Sun,21,8.01,False,0,0,312,350,0.894,3686.83
Emirates,DXB,BKK,4900,1,Sat,3,1.87,True,0,0,300,350,0.86,3061.97
Etihad,DXB,JFK,11000,11,Fri,22,5.6,False,0,0,227,350,0.65,3587.63
Turkish Airlines,DXB,FRA,4800,5,Mon,15,7.06,False,0,0,253,350,0.723,2767.7
British Airways,DXB,JFK,11000,2,Fri,10,5.21,False,0,0,166,350,0.474,3103.16
Turkish Airlines,DXB,NRT,7900,12,Sun,20,1.87,True,1,22,350,350,1.0,3940.2
Emirates,DXB,JFK,11000,9,Sun,11,4.15,False,0,0,269,350,0.77,3917.93
Emirates,DXB,LHR,5500,11,Tue,18,6.2,False,0,0,242,350,0.693,2820.33
Emirates,DXB,SIN,5900,5,Sun,23,4.04,False,0,0,248,350,0.71,2921.39
Singapore Airlines,DXB,CDG,5200,8,Mon,16,3.95,False,0,0,176,350,0.505,2384.82
Turkish Airlines,DXB,JNB,6400,3,Sun,16,5.36,False,0,0,278,350,0.796,3191.73
Qatar Airways,DXB,SIN,5900,3,Thu,3,8.02,False,0,0,217,350,0.621,2729.17
Etihad,DXB,NRT,7900,1,Mon,3,3.37,True,0,0,243,350,0.696,3215.38
Etihad,DXB,LHR,5500,10,Tue,15,6.3,False,1,17,179,350,0.511,2439.02
Emirates,DXB,JNB,6400,12,Sun,23,4.03,True,1,24,241,350,0.691,2960.06
Emirates,DXB,CDG,5200,10,Mon,19,7.7,False,1,91,291,350,0.833,3059.92
Singapore Airlines,DXB,LHR,5500,3,Thu,8,5.58,False,0,0,300,350,0.86,3170.34
Singapore Airlines,DXB,BKK,4900,12,Sun,3,6.7,True,0,0,279,350,0.797,2935.01
Emirates,DXB,SYD,12000,10,Fri,19,7.34,False,0,0,327,350,0.936,4566.3
Etihad,DXB,NRT,7900,4,Sun,13,8.73,False,0,0,332,350,0.949,3817.6
Etihad,DXB,FRA,4800,4,Wed,17,9.84,False,0,0,236,350,0.676,2673.97
Qatar Airways,DXB,BKK,4900,1,Sun,10,4.82,True,0,0,329,350,0.941,3226.96
Etihad,DXB,JNB,6400,11,Fri,5,9.27,False,0,0,280,350,0.802,3206.58
British Airways,DXB,FRA,4800,10,Fri,7,7.5,False,0,0,248,350,0.711,2744.52
Turkish Airlines,DXB,BOM,1900,7,Sun,20,4.14,True,0,0,307,350,0.88,2551.4
Emirates,DXB,LHR,5500,7,Sat,7,5.04,True,0,0,333,350,0.954,3367.65
British Airways,DXB,NRT,7900,5,Sun,16,4.27,False,0,0,273,350,0.78,3415.83
Qatar Airways,DXB,LHR,5500,6,Mon,15,6.85,True,0,0,294,350,0.842,3133.7
Etihad,DXB,CDG,5200,11,Fri,16,5.7,False,0,0,227,350,0.651,2684.94
British Airways,DXB,NRT,7900,1,Sun,1,4.96,True,0,0,303,350,0.868,3625.79
Emirates,DXB,JFK,11000,2,Thu,16,3.92,False,0,0,195,350,0.559,3335.53
Singapore Airlines,DXB,SYD,12000,1,Wed,18,6.11,True,1,17,251,350,0.719,3942.74
Emirates,DXB,LHR,5500,7,Wed,17,4.57,True,0,0,264,350,0.756,2952.49
British Airways,DXB,SIN,5900,4,Wed,15,5.2,False,0,0,215,350,0.615,2717.07
Qatar Airways,DXB,CDG,5200,8,Sun,10,3.68,False,1,17,208,350,0.596,2572.21
Etihad,DXB,FRA,4800,10,Fri,15,9.2,False,0,0,231,350,0.663,2646.22
British Airways,DXB,FRA,4800,12,Tue,10,5.45,True,0,0,329,350,0.94,3206.12
Turkish Airlines,DXB,BKK,4900,7,Sat,9,4.92,True,0,0,350,350,1.0,3346.2
Emirates,DXB,BKK,4900,6,Wed,2,5.81,True,0,0,332,350,0.95,3244.11
Emirates,DXB,LHR,5500,9,Wed,4,5.41,False,0,0,240,350,0.686,2806.08
Emirates,DXB,CDG,5200,7,Wed,12,7.47,True,0,0,342,350,0.978,3361.17
Emirates,DXB,BOM,1900,9,Sun,9,3.06,False,0,0,279,350,0.799,2416.41
Qatar Airways,DXB,BOM,1900,12,Tue,12,2.38,True,1,72,350,350,1.0,2752.2
British Airways,DXB,FRA,4800,9,Mon,13,4.31,False,0,0,187,350,0.536,2390.36
Emirates,DXB,SIN,5900,5,Sat,12,3.38,False,0,0,217,350,0.623,2733.56
Emirates,DXB,BOM,1900,10,Tue,21,6.42,False,0,0,169,350,0.483,1890.38
Singapore Airlines,DXB,NRT,7900,6,Mon,11,3.35,True,1,35,263,350,0.753,3349.29
Qatar Airways,DXB,CDG,5200,2,Tue,14,5.71,False,0,0,216,350,0.618,2616.91
Qatar Airways,DXB,JNB,6400,12,Thu,12,5.65,True,0,0,317,350,0.906,3436.54
Emirates,DXB,SIN,5900,8,Fri,15,2.84,False,0,0,291,350,0.833,3185.23
Emirates,DXB,FRA,4800,4,Thu,4,6.82,False,0,0,301,350,0.862,3048.47
Qatar Airways,DXB,NRT,7900,5,Fri,22,4.74,False,0,0,248,350,0.71,3246.82
Etihad,DXB,CDG,5200,2,Fri,21,4.86,False,0,0,238,350,0.68,2745.29
Emirates,DXB,CDG,5200,4,Sat,19,6.53,False,0,0,281,350,0.803,2999.41
Etihad,DXB,CDG,5200,4,Sun,14,7.77,False,0,0,296,350,0.847,3089.31
Etihad,DXB,BKK,4900,7,Sat,10,7.1,True,0,0,277,350,0.793,2926.4
Emirates,DXB,NRT,7900,9,Tue,6,6.86,False,0,0,197,350,0.566,2903.02
Qatar Airways,DXB,SIN,5900,2,Wed,19,8.17,False,0,0,187,350,0.536,2546.65
Qatar Airways,DXB,FRA,4800,5,Sun,10,4.01,False,0,0,239,350,0.683,2687.14
Qatar Airways,DXB,JFK,11000,12,Sun,16,3.57,True,1,28,297,350,0.849,4136.58
Singapore Airlines,DXB,SYD,12000,10,Wed,7,8.03,False,0,0,225,350,0.643,3724.84
British Airways,DXB,CDG,5200,10,Sun,4,5.25,False,0,0,281,350,0.803,2999.18
British Airways,DXB,BOM,1900,2,Tue,1,3.5,False,0,0,217,350,0.622,2120.92
Qatar Airways,DXB,BOM,1900,2,Thu,6,3.39,False,0,0,307,350,0.879,2550.99
Emirates,DXB,JFK,11000,9,Sat,1,7.43,False,0,0,337,350,0.964,4455.02
Emirates,DXB,SIN,5900,2,Sat,1,4.74,False,0,0,287,350,0.823,3163.21
British Airways,DXB,BKK,4900,6,Sat,15,6.31,True,0,0,304,350,0.87,3083.23
Qatar Airways,DXB,FRA,4800,11,Wed,4,8.78,False,0,0,287,350,0.822,2968.28
Emirates,DXB,CDG,5200,12,Mon,12,5.3,True,1,42,287,350,0.821,3036.26
Etihad,DXB,SIN,5900,11,Thu,22,8.32,False,0,0,257,350,0.737,2978.28
Emirates,DXB,SYD,12000,1,Thu,18,7.0,True,0,0,307,350,0.877,4398.31
British Airways,DXB,SIN,5900,12,Wed,7,4.58,True,0,0,271,350,0.776,3062.43
Emirates,DXB,CDG,5200,8,Wed,21,6.92,False,0,0,241,350,0.691,2766.92
Emirates,DXB,LHR,5500,2,Fri,19,3.27,False,0,0,303,350,0.866,3184.6
Qatar Airways,DXB,SYD,12000,5,Wed,11,6.65,False,0,0,272,350,0.777,4110.81
Singapore Airlines,DXB,CDG,5200,3,Sat,12,8.02,False,0,0,301,350,0.862,3119.95
Emirates,DXB,SIN,5900,6,Wed,18,5.42,True,0,0,234,350,0.67,2834.53
Emirates,DXB,FRA,4800,11,Fri,8,7.29,False,0,0,217,350,0.622,2563.37
Emirates,DXB,NRT,7900,10,Wed,10,7.0,False,0,0,202,350,0.579,2935.54
Emirates,DXB,CDG,5200,1,Tue,0,5.06,True,0,0,314,350,0.899,3197.84
Singapore Airlines,DXB,FRA,4800,11,Sun,3,7.9,False,0,0,216,350,0.62,2559.46
Etihad,DXB,SIN,5900,5,Sat,20,4.44,False,0,0,248,350,0.711,2924.14
British Airways,DXB,BOM,1900,4,Sat,3,9.14,False,0,0,231,350,0.661,2185.94
Etihad,DXB,CDG,5200,9,Sun,12,5.33,False,1,36,214,350,0.613,2605.89
Emirates,DXB,SYD,12000,1,Thu,13,5.69,True,1,42,256,350,0.732,3981.41
Etihad,DXB,JNB,6400,9,Wed,5,7.38,False,0,0,180,350,0.516,2574.23
Qatar Airways,DXB,CDG,5200,7,Mon,9,4.03,True,0,0,314,350,0.899,3197.69
Emirates,DXB,BOM,1900,7,Fri,17,2.48,True,0,0,282,350,0.807,2430.47
Etihad,DXB,JFK,11000,4,Mon,3,10.0,False,0,0,277,350,0.793,3982.31
Qatar Airways,DXB,JNB,6400,3,Thu,17,9.98,False,0,0,241,350,0.69,2958.93
Emirates,DXB,SYD,12000,11,Wed,3,7.73,False,0,0,326,350,0.933,4560.17
Etihad,DXB,BOM,1900,4,Sat,21,10.0,False,0,0,238,350,0.681,2220.9
Singapore Airlines,DXB,SIN,5900,7,Fri,0,3.53,True,0,0,257,350,0.736,2976.58
Singapore Airlines,DXB,SYD,12000,5,Tue,4,5.6,False,0,0,206,350,0.591,3574.92
Emirates,DXB,CDG,5200,5,Thu,22,5.54,False,0,0,165,350,0.473,2318.37
Qatar Airways,DXB,FRA,4800,5,Thu,21,4.67,False,0,0,216,350,0.618,2556.78
Singapore Airlines,DXB,NRT,7900,1,Thu,10,5.49,True,0,0,348,350,0.995,3928.26
Singapore Airlines,DXB,CDG,5200,2,Thu,5,1.35,False,0,0,164,350,0.469,2309.15
Emirates,DXB,FRA,4800,12,Thu,18,6.65,True,0,0,350,350,1.0,3326.4
Emirates,DXB,FRA,4800,5,Tue,20,2.68,False,1,18,233,350,0.666,2652.8
Etihad,DXB,SYD,12000,3,Tue,14,4.5,False,0,0,287,350,0.82,4234.81
Turkish Airlines,DXB,SYD,12000,8,Sun,19,4.65,False,0,0,254,350,0.729,3970.25
Qatar Airways,DXB,SYD,12000,9,Thu,13,5.26,False,0,0,171,350,0.49,3282.03
Emirates,DXB,JNB,6400,8,Mon,17,4.86,False,0,0,224,350,0.64,2848.97
Qatar Airways,DXB,BOM,1900,4,Mon,22,8.47,False,0,0,139,350,0.397,1746.93
Emirates,DXB,BOM,1900,12,Wed,23,4.55,True,0,0,188,350,0.538,1980.96
Emirates,DXB,LHR,5500,4,Sat,1,7.79,False,0,0,257,350,0.737,2912.35
Etihad,DXB,SIN,5900,9,Thu,21,3.11,False,0,0,248,350,0.711,2923.17
Emirates,DXB,JFK,11000,9,Sun,10,4.31,False,0,0,293,350,0.839,4109.4
Turkish Airlines,DXB,JNB,6400,9,Mon,18,6.01,False,0,0,288,350,0.823,3253.13
Emirates,DXB,FRA,4800,12,Thu,0,5.65,True,1,17,317,350,0.907,3139.02
British Airways,DXB,JFK,11000,3,Sat,12,8.71,False,0,0,338,350,0.966,4461.35
Qatar Airways,DXB,SYD,12000,12,Fri,13,2.4,True,0,0,350,350,1.0,4752.0
Etihad,DXB,CDG,5200,7,Wed,22,1.06,True,0,0,275,350,0.787,2966.86
Qatar Airways,DXB,FRA,4800,1,Fri,6,8.14,True,0,0,350,350,1.0,3326.4
British Airways,DXB,JNB,6400,3,Tue,6,7.5,False,0,0,288,350,0.824,3254.86
British Airways,DXB,BOM,1900,5,Tue,7,4.61,False,0,0,330,350,0.943,2657.09
Emirates,DXB,SIN,5900,12,Mon,8,4.17,True,0,0,256,350,0.733,2971.04
Turkish Airlines,DXB,CDG,5200,6,Fri,10,5.96,True,0,0,330,350,0.945,3291.6
Etihad,DXB,JNB,6400,3,Tue,16,5.67,False,0,0,213,350,0.611,2783.37
Qatar Airways,DXB,BOM,1900,1,Thu,10,2.44,True,0,0,331,350,0.948,2665.77
Singapore Airlines,DXB,BOM,1900,6,Wed,8,3.09,True,0,0,309,350,0.884,2559.44
Emirates,DXB,FRA,4800,2,Tue,12,2.67,False,0,0,305,350,0.874,3071.44
Emirates,DXB,FRA,4800,10,Tue,19,6.62,False,0,0,229,350,0.655,2630.81
Qatar Airways,DXB,BKK,4900,8,Mon,12,4.84,False,0,0,269,350,0.77,2879.62
British Airways,DXB,JFK,11000,4,Tue,12,5.54,False,0,0,269,350,0.771,3921.56
Emirates,DXB,BOM,1900,5,Wed,2,4.41,False,0,0,170,350,0.486,1895.6
Turkish Airlines,DXB,BOM,1900,4,Sun,1,7.71,False,0,0,263,350,0.754,2341.61
Singapore Airlines,DXB,SIN,5900,7,Fri,13,6.3,True,0,0,313,350,0.896,3321.0
Emirates,DXB,BKK,4900,12,Sun,16,7.89,True,0,0,281,350,0.804,2949.24
Etihad,DXB,SYD,12000,2,Wed,21,6.55,False,0,0,167,350,0.48,3253.18
Emirates,DXB,JNB,6400,9,Thu,14,5.63,False,0,0,238,350,0.682,2941.1
Emirates,DXB,CDG,5200,4,Sun,18,7.23,False,0,0,260,350,0.743,2875.64
Singapore Airlines,DXB,JFK,11000,12,Thu,18,4.43,True,1,102,327,350,0.936,4377.56
Singapore Airlines,DXB,BOM,1900,6,Tue,22,4.36,True,0,0,334,350,0.956,2678.75
British Airways,DXB,NRT,7900,3,Sat,1,6.98,False,0,0,250,350,0.714,3258.15
British Airways,DXB,FRA,4800,11,Wed,19,8.42,False,1,208,197,350,0.565,2450.41
Qatar Airways,DXB,JNB,6400,8,Sat,3,7.21,False,0,0,311,350,0.89,3399.86
Singapore Airlines,DXB,LHR,5500,11,Sat,6,5.32,False,0,0,238,350,0.683,2798.83
Qatar Airways,DXB,JFK,11000,4,Fri,8,6.66,False,0,0,174,350,0.498,3167.85
Turkish Airlines,DXB,SYD,12000,4,Sun,2,7.71,False,0,0,294,350,0.842,4298.34
Etihad,DXB,LHR,5500,12,Thu,22,2.67,True,0,0,335,350,0.958,3376.23
Emirates,DXB,JFK,11000,4,Sun,7,8.44,False,1,21,316,350,0.904,4289.2
Turkish Airlines,DXB,BKK,4900,1,Fri,0,3.07,True,0,0,330,350,0.943,3230.52
Etihad,DXB,FRA,4800,9,Sat,13,5.32,False,0,0,231,350,0.663,2646.17
Etihad,DXB,SIN,5900,5,Sat,2,3.74,False,0,0,272,350,0.778,3068.17
Emirates,DXB,BKK,4900,5,Sun,1,3.74,False,1,28,301,350,0.862,3065.79
Emirates,DXB,SYD,12000,9,Fri,7,6.7,False,0,0,252,350,0.722,3951.41
Qatar Airways,DXB,CDG,5200,6,Sat,1,5.22,True,1,40,313,350,0.895,3189.69
Emirates,DXB,BKK,4900,2,Wed,10,6.3,False,0,0,269,350,0.77,2880.12
British Airways,DXB,CDG,5200,2,Sun,17,6.88,False,0,0,236,350,0.676,2737.3
Etihad,DXB,FRA,4800,10,Mon,14,8.06,False,0,0,274,350,0.785,2892.02
Qatar Airways,DXB,BKK,4900,3,Sun,23,7.97,False,0,0,177,350,0.507,2346.3
Singapore Airlines,DXB,BKK,4900,1,Thu,17,5.43,True,0,0,273,350,0.782,2905.06
Emirates,DXB,NRT,7900,3,Wed,5,8.5,False,0,0,206,350,0.59,2961.82
Emirates,DXB,LHR,5500,1,Sun,6,5.35,True,0,0,269,350,0.771,2983.9
Etihad,DXB,CDG,5200,11,Thu,18,5.92,False,1,17,214,350,0.613,2605.93
Emirates,DXB,LHR,5500,6,Sat,22,5.7,True,0,0,302,350,0.864,3179.26
Qatar Airways,DXB,SYD,12000,9,Thu,1,5.27,False,0,0,282,350,0.806,4194.41
Turkish Airlines,DXB,SIN,5900,5,Thu,21,5.01,False,0,0,213,350,0.611,2708.47
Turkish Airlines,DXB,LHR,5500,9,Wed,22,5.08,False,0,0,237,350,0.679,2791.22
Singapore Airlines,DXB,BKK,4900,7,Wed,1,4.23,True,0,0,259,350,0.742,2823.47
Singapore Airlines,DXB,BOM,1900,4,Mon,21,6.63,False,0,0,187,350,0.537,1979.48
Emirates,DXB,LHR,5500,7,Sun,12,4.43,True,0,0,320,350,0.915,3286.82
Etihad,DXB,BOM,1900,5,Fri,1,4.4,False,1,36,266,350,0.762,2355.74
Singapore Airlines,DXB,NRT,7900,3,Sun,2,6.43,False,1,127,241,350,0.69,3200.59
Singapore Airlines,DXB,JFK,11000,11,Sun,8,5.13,False,0,0,208,350,0.597,3441.84
Etihad,DXB,FRA,4800,10,Tue,3,4.64,False,0,0,240,350,0.688,2697.21
Turkish Airlines,DXB,NRT,7900,3,Thu,23,8.13,False,0,0,332,350,0.951,3822.12
British Airways,DXB,JFK,11000,10,Tue,3,3.13,False,0,0,249,350,0.712,3758.09
Etihad,DXB,NRT,7900,1,Wed,9,3.74,True,0,0,350,350,1.0,3940.2
Emirates,DXB,JNB,6400,8,Sat,23,2.69,False,1,37,266,350,0.76,3113.89
Emirates,DXB,JNB,6400,9,Thu,16,5.26,False,0,0,187,350,0.535,2617.02
British Airways,DXB,SIN,5900,5,Tue,22,4.36,False,0,0,218,350,0.624,2735.56
British Airways,DXB,BKK,4900,5,Fri,17,5.31,False,0,0,248,350,0.711,2759.8
Emirates,DXB,BKK,4900,8,Sun,10,4.78,False,0,0,240,350,0.688,2714.46
Emirates,DXB,FRA,4800,3,Tue,19,9.93,False,0,0,222,350,0.635,2589.66
Qatar Airways,DXB,SIN,5900,3,Tue,0,7.21,False,0,0,263,350,0.752,3011.4
Singapore Airlines,DXB,SYD,12000,11,Mon,22,7.69,False,0,0,282,350,0.808,4197.74
Qatar Airways,DXB,JNB,6400,6,Sat,0,4.81,True,0,0,301,350,0.862,3337.87
Etihad,DXB,FRA,4800,12,Sat,15,8.15,True,0,0,314,350,0.899,3123.3
Emirates,DXB,FRA,4800,1,Tue,12,3.73,True,0,0,286,350,0.819,2962.03
Etihad,DXB,JFK,11000,12,Sat,16,5.09,True,0,0,350,350,1.0,4554.0
Emirates,DXB,JFK,11000,12,Tue,20,6.13,True,1,50,247,350,0.708,3746.71
Emirates,DXB,SYD,12000,7,Thu,7,2.21,True,0,0,333,350,0.954,4618.68
Emirates,DXB,BKK,4900,6,Tue,11,5.54,True,0,0,343,350,0.98,3305.91
Emirates,DXB,SYD,12000,6,Thu,20,5.15,True,1,24,291,350,0.833,4270.13
Etihad,DXB,NRT,7900,5,Sun,20,8.28,False,0,0,279,350,0.798,3458.92
Emirates,DXB,SIN,5900,8,Fri,10,5.62,False,0,0,263,350,0.753,3014.68
Emirates,DXB,FRA,4800,10,Thu,5,4.47,False,0,0,235,350,0.673,2667.57
British Airways,DXB,LHR,5500,3,Sat,18,5.96,False,0,0,254,350,0.727,2890.99
British Airways,DXB,SIN,5900,6,Mon,3,3.5,True,0,0,306,350,0.876,3278.65
British Airways,DXB,CDG,5200,8,Fri,18,4.33,False,0,0,254,350,0.729,2845.33
Etihad,DXB,NRT,7900,11,Thu,20,8.23,False,0,0,252,350,0.721,3274.84
Singapore Airlines,DXB,NRT,7900,12,Fri,13,5.64,True,1,21,350,350,1.0,3940.2
Emirates,DXB,BKK,4900,8,Sun,6,6.51,False,0,0,215,350,0.616,2566.86
Singapore Airlines,DXB,CDG,5200,12,Tue,22,4.1,True,0,0,304,350,0.87,3137.86
British Airways,DXB,SIN,5900,8,Sat,20,4.49,False,0,0,181,350,0.518,2509.14
Singapore Airlines,DXB,BOM,1900,4,Thu,15,6.52,False,0,0,206,350,0.589,2066.77
Etihad,DXB,NRT,7900,10,Mon,10,6.34,False,0,0,282,350,0.809,3482.9
Etihad,DXB,FRA,4800,8,Mon,20,4.38,False,0,0,216,350,0.619,2557.94
Qatar Airways,DXB,SYD,12000,2,Fri,21,3.08,False,0,0,310,350,0.888,4429.65
Singapore Airlines,DXB,SIN,5900,10,Sun,19,8.06,False,0,0,350,350,1.0,3544.2
Qatar Airways,DXB,NRT,7900,3,Tue,4,5.62,False,0,0,200,350,0.573,2919.42
Emirates,DXB,JNB,6400,2,Fri,7,5.27,False,0,0,202,350,0.578,2710.78
Emirates,DXB,SYD,12000,3,Tue,7,8.05,False,0,0,345,350,0.988,4716.74
Emirates,DXB,JFK,11000,5,Sat,11,5.35,False,1,53,232,350,0.665,3629.92
Emirates,DXB,JNB,6400,12,Mon,14,5.49,True,1,58,332,350,0.951,3534.65
Emirates,DXB,JFK,11000,10,Sun,6,8.15,False,0,0,302,350,0.865,4182.19
Emirates,DXB,SIN,5900,6,Mon,3,5.84,True,0,0,241,350,0.691,2880.7
Emirates,DXB,LHR,5500,11,Sun,7,7.6,False,0,0,273,350,0.782,3008.18
Emirates,DXB,NRT,7900,5,Mon,8,6.29,False,0,0,230,350,0.66,3127.27
Singapore Airlines,DXB,SIN,5900,2,Sat,1,3.35,False,1,29,315,350,0.9,3330.39
Emirates,DXB,JNB,6400,9,Fri,18,5.89,False,0,0,230,350,0.659,2890.74
Emirates,DXB,SYD,12000,6,Wed,9,7.03,True,1,36,334,350,0.956,4626.27
Singapore Airlines,DXB,SYD,12000,9,Fri,20,3.99,False,1,37,209,350,0.599,3596.19
Qatar Airways,DXB,JFK,11000,12,Tue,15,4.78,True,0,0,284,350,0.812,4033.83
Emirates,DXB,NRT,7900,1,Wed,23,6.44,True,0,0,306,350,0.875,3641.49
Qatar Airways,DXB,CDG,5200,7,Sat,3,3.9,True,0,0,350,350,1.0,3405.6
Emirates,DXB,JNB,6400,8,Sun,14,5.23,False,0,0,253,350,0.725,3035.81
Qatar Airways,DXB,JNB,6400,1,Thu,15,7.68,True,0,0,309,350,0.886,3390.71
Turkish Airlines,DXB,BKK,4900,3,Sat,16,5.85,False,0,0,254,350,0.726,2790.24
Etihad,DXB,NRT,7900,7,Sat,20,3.72,True,0,0,256,350,0.733,3303.16
Singapore Airlines,DXB,SYD,12000,2,Sat,3,6.48,False,0,0,225,350,0.645,3728.34
Emirates,DXB,SIN,5900,4,Wed,1,4.03,False,0,0,206,350,0.59,2663.07
Etihad,DXB,NRT,7900,6,Wed,18,3.4,True,1,60,300,350,0.857,3599.54
Singapore Airlines,DXB,LHR,5500,9,Mon,4,6.01,False,0,0,221,350,0.634,2696.57
Emirates,DXB,JFK,11000,1,Fri,13,6.85,True,0,0,350,350,1.0,4554.0
Turkish Airlines,DXB,NRT,7900,6,Mon,0,4.9,True,1,17,350,350,1.0,3940.2
Turkish Airlines,DXB,BKK,4900,4,Sat,21,6.53,False,0,0,277,350,0.792,2923.54
Emirates,DXB,BOM,1900,3,Mon,0,8.85,False,0,0,241,350,0.69,2235.85
Etihad,DXB,BOM,1900,6,Fri,22,4.88,True,0,0,350,350,1.0,2752.2
Etihad,DXB,SIN,5900,1,Sun,8,4.52,True,0,0,326,350,0.933,3400.22
Etihad,DXB,BKK,4900,3,Mon,4,9.98,False,0,0,323,350,0.924,3191.38
Emirates,DXB,CDG,5200,9,Fri,11,4.22,False,0,0,242,350,0.694,2774.45
Emirates,DXB,SYD,12000,12,Tue,16,5.47,True,0,0,311,350,0.891,4439.3
Singapore Airlines,DXB,BOM,1900,12,Thu,2,2.24,True,1,27,334,350,0.957,2680.56
Emirates,DXB,LHR,5500,10,Sun,6,2.64,False,1,53,280,350,0.801,3047.04
Singapore Airlines,DXB,FRA,4800,1,Fri,17,5.35,True,0,0,350,350,1.0,3326.4
Etihad,DXB,JFK,11000,12,Sat,8,4.43,True,1,157,348,350,0.996,4541.73
Emirates,DXB,BKK,4900,7,Thu,11,4.49,True,0,0,282,350,0.808,2956.72
Emirates,DXB,CDG,5200,7,Thu,14,2.64,True,0,0,246,350,0.703,2793.56
Etihad,DXB,SIN,5900,12,Tue,9,3.02,True,0,0,208,350,0.595,2674.6
Turkish Airlines,DXB,BKK,4900,7,Sat,8,6.14,True,0,0,350,350,1.0,3346.2
British Airways,DXB,CDG,5200,2,Sat,12,3.76,False,1,16,284,350,0.812,3017.55
Singapore Airlines,DXB,JFK,11000,3,Wed,21,5.87,False,0,0,242,350,0.692,3704.5
Etihad,DXB,LHR,5500,7,Fri,23,3.51,True,1,72,350,350,1.0,3465.0
Emirates,DXB,SYD,12000,5,Sat,3,4.66,False,0,0,298,350,0.853,4327.29
Emirates,DXB,CDG,5200,3,Sun,23,9.3,False,1,98,256,350,0.734,2856.42
Etihad,DXB,LHR,5500,4,Mon,2,5.95,False,0,0,257,350,0.735,2908.56
Singapore Airlines,DXB,CDG,5200,11,Sun,2,6.3,False,0,0,180,350,0.515,2405.45
British Airways,DXB,FRA,4800,9,Mon,20,6.71,False,0,0,332,350,0.95,3225.33
Etihad,DXB,CDG,5200,3,Wed,23,8.29,False,1,52,151,350,0.434,2236.41
Qatar Airways,DXB,JFK,11000,3,Sun,10,4.29,False,1,20,236,350,0.676,3659.51
British Airways,DXB,JFK,11000,2,Mon,11,5.61,False,0,0,257,350,0.736,3825.1
Singapore Airlines,DXB,JFK,11000,6,Thu,14,6.55,True,0,0,316,350,0.903,4287.57
Qatar Airways,DXB,CDG,5200,2,Sun,4,5.15,False,0,0,241,350,0.691,2768.09
Etihad,DXB,NRT,7900,10,Wed,15,7.29,False,0,0,189,350,0.543,2848.35
Qatar Airways,DXB,BOM,1900,11,Fri,22,5.43,False,0,0,247,350,0.708,2265.4
Qatar Airways,DXB,NRT,7900,11,Tue,6,6.39,False,0,0,201,350,0.576,2927.64
Turkish Airlines,DXB,JFK,11000,5,Sun,15,5.49,False,0,0,233,350,0.666,3632.36
Qatar Airways,DXB,SYD,12000,7,Thu,2,5.7,True,0,0,350,350,1.0,4752.0
Turkish Airlines,DXB,LHR,5500,5,Sun,5,5.73,False,0,0,300,350,0.859,3168.13
Emirates,DXB,FRA,4800,1,Mon,10,4.19,True,0,0,294,350,0.841,3006.67
Singapore Airlines,DXB,NRT,7900,5,Mon,1,7.22,False,1,29,219,350,0.627,3050.13
Etihad,DXB,SIN,5900,1,Sun,5,6.56,True,0,0,347,350,0.994,3530.58
British Airways,DXB,NRT,7900,8,Fri,14,4.52,False,0,0,260,350,0.743,3326.62
Singapore Airlines,DXB,JNB,6400,7,Wed,20,5.59,True,0,0,323,350,0.923,3473.25
Qatar Airways,DXB,CDG,5200,9,Wed,7,5.47,False,0,0,161,350,0.461,2292.19
Emirates,DXB,SYD,12000,6,Sun,20,4.68,True,0,0,350,350,1.0,4752.0
Qatar Airways,DXB,NRT,7900,10,Fri,21,6.26,False,0,0,234,350,0.67,3152.86
Emirates,DXB,FRA,4800,9,Fri,15,3.52,False,0,0,258,350,0.738,2797.65
Turkish Airlines,DXB,BOM,1900,9,Mon,23,4.91,False,0,0,248,350,0.709,2266.66
Singapore Airlines,DXB,JNB,6400,7,Fri,4,5.48,True,0,0,350,350,1.0,3643.2
British Airways,DXB,JFK,11000,9,Mon,20,3.96,False,0,0,235,350,0.674,3653.01
Emirates,DXB,SYD,12000,6,Fri,5,6.6,True,0,0,348,350,0.996,4741.76
Etihad,DXB,JNB,6400,4,Mon,0,7.3,False,0,0,224,350,0.64,2848.95
Qatar Airways,DXB,SYD,12000,7,Wed,23,4.95,True,1,25,230,350,0.659,3768.85
Emirates,DXB,SYD,12000,8,Thu,3,3.15,False,0,0,255,350,0.731,3977.46
British Airways,DXB,LHR,5500,10,Wed,3,3.75,False,1,30,177,350,0.507,2429.06
Emirates,DXB,NRT,7900,2,Sun,6,5.47,False,0,0,247,350,0.708,3241.73
Singapore Airlines,DXB,SIN,5900,2,Mon,6,5.37,False,0,0,164,350,0.47,2405.87
Emirates,DXB,LHR,5500,12,Wed,15,4.21,True,0,0,340,350,0.973,3408.62
Qatar Airways,DXB,SYD,12000,1,Fri,18,5.52,True,0,0,287,350,0.822,4240.11
Emirates,DXB,BKK,4900,4,Thu,19,6.27,False,0,0,272,350,0.779,2897.85
Qatar Airways,DXB,SIN,5900,4,Thu,6,6.61,False,0,0,175,350,0.501,2473.15
Emirates,DXB,LHR,5500,5,Tue,19,4.98,False,0,0,218,350,0.624,2675.97
Emirates,DXB,NRT,7900,3,Thu,1,7.33,False,1,36,214,350,0.614,3017.47
Qatar Airways,DXB,FRA,4800,7,Thu,2,3.67,True,0,0,304,350,0.869,3063.16
Turkish Airlines,DXB,SIN,5900,10,Mon,16,6.85,False,0,0,225,350,0.643,2777.61
Turkish Airlines,DXB,JFK,11000,9,Sun,5,7.17,False,0,0,195,350,0.559,3336.47
Singapore Airlines,DXB,SYD,12000,3,Tue,9,6.63,False,0,0,245,350,0.702,3894.09
Turkish Airlines,DXB,CDG,5200,4,Sun,13,5.33,False,0,0,287,350,0.821,3035.48
Singapore Airlines,DXB,SIN,5900,6,Fri,12,4.11,True,0,0,312,350,0.894,3316.72
Singapore Airlines,DXB,BOM,1900,9,Tue,1,5.04,False,0,0,231,350,0.663,2189.26
Emirates,DXB,SYD,12000,7,Sun,8,6.89,True,0,0,350,350,1.0,4752.0
Emirates,DXB,SIN,5900,10,Tue,11,7.25,False,0,0,229,350,0.655,2802.3
Singapore Airlines,DXB,FRA,4800,6,Sat,22,6.45,True,0,0,340,350,0.974,3272.99
Etihad,DXB,LHR,5500,10,Thu,16,5.53,False,1,22,262,350,0.75,2940.75
Qatar Airways,DXB,BKK,4900,12,Sat,20,3.9,True,1,32,297,350,0.85,3041.24
Qatar Airways,DXB,BOM,1900,9,Wed,19,6.41,False,0,0,279,350,0.799,2417.18
Emirates,DXB,SYD,12000,7,Wed,7,3.54,True,0,0,350,350,1.0,4752.0
Emirates,DXB,FRA,4800,12,Mon,0,7.5,True,0,0,280,350,0.801,2924.46
Singapore Airlines,DXB,NRT,7900,12,Fri,9,6.64,True,0,0,343,350,0.981,3894.92
Emirates,DXB,LHR,5500,11,Sun,0,4.83,False,0,0,253,350,0.723,2883.08
Etihad,DXB,FRA,4800,1,Tue,15,9.15,True,1,87,272,350,0.779,2880.43
Etihad,DXB,JNB,6400,2,Wed,8,2.91,False,0,0,226,350,0.646,2861.25
Emirates,DXB,CDG,5200,6,Sat,5,6.12,True,0,0,324,350,0.927,3255.53
Singapore Airlines,DXB,FRA,4800,8,Tue,12,3.02,False,0,0,220,350,0.629,2579.37
Emirates,DXB,BKK,4900,2,Mon,12,4.56,False,0,0,188,350,0.538,2408.45
Singapore Airlines,DXB,FRA,4800,1,Wed,2,2.34,True,1,165,270,350,0.773,2868.69
Emirates,DXB,BKK,4900,5,Mon,17,5.03,False,0,0,187,350,0.536,2406.09
Etihad,DXB,JNB,6400,3,Sat,3,7.6,False,0,0,298,350,0.852,3316.41
Emirates,DXB,BOM,1900,11,Tue,16,6.88,False,0,0,237,350,0.679,2217.06
Emirates,DXB,CDG,5200,3,Tue,2,8.91,False,0,0,260,350,0.745,2879.08
Emirates,DXB,CDG,5200,10,Tue,8,5.56,False,0,0,241,350,0.689,2763.78
Singapore Airlines,DXB,CDG,5200,7,Thu,3,5.36,True,0,0,273,350,0.781,2952.64
Emirates,DXB,SYD,12000,12,Sun,11,5.33,True,1,22,263,350,0.753,4039.4
Turkish Airlines,DXB,SIN,5900,3,Wed,16,7.57,False,0,0,223,350,0.638,2766.4
Etihad,DXB,SYD,12000,12,Thu,10,6.08,True,0,0,302,350,0.863,4358.64
Singapore Airlines,DXB,SIN,5900,4,Fri,20,6.88,False,0,0,122,350,0.35,2147.03
British Airways,DXB,JFK,11000,9,Tue,5,6.47,False,0,0,204,350,0.585,3408.0
Singapore Airlines,DXB,SYD,12000,12,Mon,18,6.89,True,0,0,326,350,0.932,4557.17
Emirates,DXB,BOM,1900,6,Wed,20,5.94,True,0,0,314,350,0.898,2582.42
British Airways,DXB,JFK,11000,4,Thu,12,7.88,False,0,0,211,350,0.606,3465.38
British Airways,DXB,JFK,11000,12,Wed,17,4.11,True,0,0,309,350,0.885,4235.46
Emirates,DXB,NRT,7900,8,Tue,16,3.04,False,0,0,150,350,0.43,2580.12
Emirates,DXB,SYD,12000,10,Tue,22,7.38,False,0,0,273,350,0.783,4126.11
Emirates,DXB,FRA,4800,9,Wed,16,5.68,False,0,0,135,350,0.388,2092.6
Singapore Airlines,DXB,JNB,6400,2,Sun,13,5.12,False,0,0,227,350,0.651,2872.47
Turkish Airlines,DXB,CDG,5200,1,Wed,5,4.9,True,0,0,350,350,1.0,3405.6
Emirates,DXB,NRT,7900,8,Fri,10,3.67,False,0,0,233,350,0.668,3146.26
Emirates,DXB,FRA,4800,3,Tue,15,3.92,False,0,0,258,350,0.739,2799.62
Turkish Airlines,DXB,BKK,4900,1,Mon,5,7.37,True,0,0,286,350,0.819,2979.32
British Airways,DXB,CDG,5200,3,Thu,5,8.5,False,1,127,187,350,0.535,2445.06
Qatar Airways,DXB,NRT,7900,9,Sat,21,5.69,False,0,0,236,350,0.676,3165.78
Emirates,DXB,NRT,7900,1,Sat,7,4.3,True,0,0,311,350,0.89,3678.52
Qatar Airways,DXB,BOM,1900,11,Thu,17,2.43,False,0,0,209,350,0.599,2083.57
British Airways,DXB,CDG,5200,3,Sat,20,6.61,False,1,105,218,350,0.626,2633.01
Qatar Airways,DXB,FRA,4800,3,Thu,14,5.75,False,0,0,166,350,0.476,2270.22
Qatar Airways,DXB,NRT,7900,12,Tue,19,4.7,True,1,60,260,350,0.744,3329.28
Singapore Airlines,DXB,JNB,6400,2,Wed,7,5.44,False,0,0,244,350,0.697,2974.52
Qatar Airways,DXB,CDG,5200,10,Wed,8,7.17,False,0,0,253,350,0.724,2835.96
Emirates,DXB,JNB,6400,12,Wed,6,5.97,True,1,64,264,350,0.756,3103.72
Etihad,DXB,BKK,4900,12,Tue,22,2.95,True,0,0,267,350,0.765,2869.09
Etihad,DXB,SYD,12000,3,Fri,20,6.2,False,1,47,261,350,0.748,4026.55
Qatar Airways,DXB,SYD,12000,12,Thu,11,4.09,True,0,0,254,350,0.728,3969.4
Emirates,DXB,FRA,4800,12,Sat,11,3.93,True,0,0,315,350,0.901,3126.22
Emirates,DXB,JNB,6400,8,Sat,1,3.57,False,1,19,271,350,0.774,3144.9
Turkish Airlines,DXB,JNB,6400,12,Sun,22,5.08,True,0,0,350,350,1.0,3643.2
Singapore Airlines,DXB,NRT,7900,12,Wed,17,6.55,True,0,0,269,350,0.771,3392.54
Singapore Airlines,DXB,SIN,5900,8,Thu,3,6.01,False,0,0,252,350,0.722,2948.03
Etihad,DXB,NRT,7900,9,Fri,1,3.24,False,1,36,182,350,0.522,2798.35
Emirates,DXB,SIN,5900,2,Sat,3,4.7,False,0,0,230,350,0.659,2811.52
Etihad,DXB,SIN,5900,3,Thu,14,8.59,False,0,0,211,350,0.605,2695.58
British Airways,DXB,SYD,12000,7,Sun,22,7.5,True,0,0,338,350,0.967,4655.89
Qatar Airways,DXB,NRT,7900,9,Thu,13,4.89,False,0,0,191,350,0.547,2858.66
Emirates,DXB,JNB,6400,10,Sun,3,10.0,False,0,0,293,350,0.837,3284.09
Singapore Airlines,DXB,LHR,5500,10,Wed,21,7.0,False,1,19,279,350,0.798,3039.96
Emirates,DXB,JFK,11000,9,Sun,1,6.85,False,1,82,248,350,0.709,3751.19
Qatar Airways,DXB,LHR,5500,6,Thu,7,5.06,True,0,0,350,350,1.0,3465.0
Etihad,DXB,JNB,6400,5,Mon,7,4.92,False,0,0,248,350,0.71,3003.7
Etihad,DXB,FRA,4800,5,Sat,19,3.38,False,1,69,299,350,0.854,3032.68
Etihad,DXB,CDG,5200,11,Sun,10,5.41,False,0,0,272,350,0.78,2951.02
Qatar Airways,DXB,JNB,6400,2,Sun,11,7.64,False,0,0,250,350,0.715,3014.01
Emirates,DXB,LHR,5500,5,Tue,20,5.37,False,0,0,203,350,0.583,2588.51
Etihad,DXB,BKK,4900,9,Sun,13,7.88,False,0,0,227,350,0.651,2638.74
British Airways,DXB,NRT,7900,9,Mon,16,4.91,False,0,0,237,350,0.679,3174.25
Etihad,DXB,FRA,4800,8,Mon,23,5.52,False,0,0,237,350,0.677,2676.19
Emirates,DXB,BKK,4900,6,Wed,22,3.9,True,0,0,291,350,0.833,3007.56
Turkish Airlines,DXB,LHR,5500,10,Fri,6,6.17,False,0,0,256,350,0.733,2903.51
Turkish Airlines,DXB,NRT,7900,8,Mon,8,4.65,False,0,0,249,350,0.713,3255.02
Singapore Airlines,DXB,LHR,5500,2,Fri,17,2.26,False,0,0,299,350,0.856,3161.93
Qatar Airways,DXB,BKK,4900,10,Thu,4,7.76,False,1,25,219,350,0.627,2590.48
Emirates,DXB,SIN,5900,5,Tue,10,6.56,False,1,74,284,350,0.813,3143.57
Qatar Airways,DXB,FRA,4800,5,Sun,17,7.83,False,0,0,216,350,0.619,2557.58
Qatar Airways,DXB,LHR,5500,10,Thu,15,8.73,False,0,0,236,350,0.674,2781.26
Turkish Airlines,DXB,LHR,5500,11,Sat,17,6.51,False,0,0,286,350,0.819,3084.62
Qatar Airways,DXB,BOM,1900,4,Tue,11,6.14,False,0,0,204,350,0.585,2059.82
Emirates,DXB,BOM,1900,7,Tue,14,5.46,True,0,0,297,350,0.85,2502.64
Emirates,DXB,CDG,5200,8,Sat,4,5.91,False,0,0,190,350,0.543,2463.09
Turkish Airlines,DXB,JNB,6400,9,Thu,20,5.5,False,0,0,289,350,0.827,3262.03
Emirates,DXB,CDG,5200,6,Wed,19,5.13,True,0,0,279,350,0.799,2990.96
Turkish Airlines,DXB,JNB,6400,1,Sun,21,4.18,True,0,0,330,350,0.945,3522.02
Emirates,DXB,FRA,4800,8,Sun,21,2.91,False,0,0,327,350,0.934,3194.34
Emirates,DXB,LHR,5500,11,Tue,2,5.85,False,1,80,230,350,0.658,2747.15
British Airways,DXB,NRT,7900,11,Sat,5,7.05,False,0,0,289,350,0.827,3526.29
Qatar Airways,DXB,SIN,5900,8,Wed,2,8.51,False,0,0,213,350,0.61,2706.29
Emirates,DXB,JNB,6400,2,Thu,15,4.53,False,0,0,240,350,0.688,2953.7
Emirates,DXB,FRA,4800,7,Mon,16,4.61,True,0,0,294,350,0.842,3007.15
Singapore Airlines,DXB,FRA,4800,1,Sun,23,5.88,True,1,101,350,350,1.0,3326.4
British Airways,DXB,FRA,4800,8,Mon,11,5.55,False,0,0,269,350,0.769,2861.01
Emirates,DXB,BOM,1900,11,Tue,6,6.25,False,1,65,322,350,0.922,2621.41
Turkish Airlines,DXB,SIN,5900,12,Thu,18,4.67,True,1,26,269,350,0.771,3051.71
Emirates,DXB,CDG,5200,10,Sun,6,7.0,False,0,0,302,350,0.863,3122.61
British Airways,DXB,BKK,4900,10,Sat,16,4.1,False,0,0,284,350,0.814,2968.2
Turkish Airlines,DXB,LHR,5500,1,Wed,5,4.72,True,0,0,250,350,0.714,2865.19
Qatar Airways,DXB,BKK,4900,1,Thu,2,6.19,True,0,0,338,350,0.967,3278.94
Emirates,DXB,BKK,4900,5,Tue,20,7.54,False,0,0,289,350,0.826,2993.56
British Airways,DXB,BKK,4900,4,Sat,19,7.49,False,0,0,221,350,0.633,2602.59
British Airways,DXB,FRA,4800,4,Mon,13,7.66,False,1,93,182,350,0.522,2362.16
Emirates,DXB,JNB,6400,8,Wed,18,5.38,False,0,0,201,350,0.575,2705.66
Etihad,DXB,LHR,5500,5,Tue,12,4.66,False,0,0,287,350,0.823,3092.58
Etihad,DXB,LHR,5500,3,Sun,13,6.82,False,0,0,293,350,0.839,3126.69
Turkish Airlines,DXB,BOM,1900,9,Tue,9,6.13,False,1,83,203,350,0.581,2054.03
Emirates,DXB,NRT,7900,9,Fri,4,3.73,False,0,0,282,350,0.807,3479.52
Qatar Airways,DXB,SYD,12000,8,Sat,5,9.4,False,0,0,210,350,0.601,3603.46
Emirates,DXB,CDG,5200,11,Thu,9,6.39,False,0,0,295,350,0.843,3081.68
Qatar Airways,DXB,JFK,11000,9,Tue,23,6.01,False,0,0,216,350,0.618,3498.79
Emirates,DXB,JFK,11000,6,Sun,2,7.4,True,0,0,350,350,1.0,4554.0
Etihad,DXB,BKK,4900,12,Tue,5,6.23,True,0,0,315,350,0.901,3145.16
Singapore Airlines,DXB,BKK,4900,9,Tue,7,5.95,False,0,0,334,350,0.957,3258.85
Emirates,DXB,SIN,5900,11,Mon,1,8.7,False,0,0,205,350,0.588,2658.79
Singapore Airlines,DXB,SIN,5900,8,Thu,11,4.01,False,0,0,246,350,0.705,2911.6
Emirates,DXB,BKK,4900,5,Wed,23,5.4,False,0,0,278,350,0.797,2933.84
Qatar Airways,DXB,CDG,5200,10,Tue,15,7.86,False,0,0,212,350,0.606,2592.73
Emirates,DXB,SIN,5900,1,Tue,21,2.79,True,0,0,244,350,0.698,2896.51
Emirates,DXB,NRT,7900,12,Sun,9,5.42,True,0,0,350,350,1.0,3940.2
British Airways,DXB,JNB,6400,10,Tue,1,8.64,False,0,0,215,350,0.615,2793.37
Emirates,DXB,SYD,12000,4,Thu,7,6.96,False,0,0,138,350,0.394,3007.79
Emirates,DXB,NRT,7900,11,Sun,8,7.71,False,0,0,221,350,0.634,3065.74
Etihad,DXB,LHR,5500,3,Fri,6,6.59,False,0,0,307,350,0.878,3208.9
Emirates,DXB,JNB,6400,1,Tue,14,2.73,True,1,34,288,350,0.824,3253.57
Emirates,DXB,BKK,4900,9,Fri,17,4.78,False,0,0,296,350,0.847,3035.04
Singapore Airlines,DXB,BOM,1900,12,Wed,6,5.3,True,0,0,297,350,0.849,2500.16
Emirates,DXB,SYD,12000,9,Fri,8,5.07,False,0,0,212,350,0.608,3623.63
Emirates,DXB,BOM,1900,11,Mon,5,5.49,False,0,0,186,350,0.533,1972.99
Emirates,DXB,JFK,11000,9,Sat,13,8.6,False,0,0,273,350,0.782,3953.38
Emirates,DXB,SIN,5900,12,Thu,15,4.62,True,0,0,246,350,0.706,2911.67
British Airways,DXB,JFK,11000,10,Tue,6,6.59,False,0,0,135,350,0.386,2858.95
Emirates,DXB,BKK,4900,10,Sun,8,4.0,False,0,0,315,350,0.902,3147.11
Emirates,DXB,LHR,5500,5,Sun,16,4.45,False,0,0,241,350,0.691,2815.36
Qatar Airways,DXB,NRT,7900,3,Fri,16,6.27,False,0,0,322,350,0.921,3750.77
Emirates,DXB,SIN,5900,6,Sat,16,6.58,True,0,0,349,350,0.998,3540.6
Emirates,DXB,BKK,4900,6,Tue,2,4.76,True,0,0,350,350,1.0,3346.2
Turkish Airlines,DXB,CDG,5200,6,Tue,1,5.04,True,0,0,267,350,0.765,2919.7
Turkish Airlines,DXB,JNB,6400,2,Fri,14,6.26,False,1,22,256,350,0.733,3053.19
Etihad,DXB,SIN,5900,11,Thu,19,5.0,False,0,0,136,350,0.389,2231.01
Emirates,DXB,NRT,7900,7,Mon,18,6.64,True,0,0,235,350,0.673,3158.9
Turkish Airlines,DXB,FRA,4800,10,Sat,18,6.15,False,0,0,283,350,0.811,2944.61
British Airways,DXB,BOM,1900,2,Tue,15,4.3,False,0,0,198,350,0.567,2030.33
British Airways,DXB,CDG,5200,2,Wed,8,3.0,False,0,0,223,350,0.639,2660.76
British Airways,DXB,SIN,5900,9,Mon,8,5.1,False,0,0,194,350,0.555,2587.37
Emirates,DXB,CDG,5200,12,Fri,16,5.05,True,0,0,275,350,0.787,2966.28
Turkish Airlines,DXB,JFK,11000,4,Sun,13,8.45,False,0,0,254,350,0.728,3802.14
Emirates,DXB,JFK,11000,9,Sun,18,5.53,False,0,0,296,350,0.848,4133.38
Singapore Airlines,DXB,CDG,5200,1,Thu,16,4.26,True,1,18,348,350,0.996,3396.79
Emirates,DXB,BKK,4900,3,Fri,14,9.05,False,0,0,228,350,0.652,2641.43
Qatar Airways,DXB,CDG,5200,12,Wed,20,8.02,True,0,0,324,350,0.926,3253.89
Emirates,DXB,NRT,7900,6,Tue,12,3.15,True,0,0,299,350,0.855,3594.03
Etihad,DXB,NRT,7900,12,Fri,1,2.05,True,1,105,324,350,0.927,3766.95
British Airways,DXB,BKK,4900,1,Mon,23,4.44,True,1,15,276,350,0.79,2920.27
Singapore Airlines,DXB,JNB,6400,4,Wed,11,7.45,False,0,0,262,350,0.749,3088.79
Emirates,DXB,LHR,5500,3,Sat,0,6.67,False,0,0,298,350,0.854,3157.8
Turkish Airlines,DXB,FRA,4800,4,Tue,13,9.8,False,0,0,269,350,0.771,2864.89
Emirates,DXB,BOM,1900,4,Sat,23,8.1,False,0,0,258,350,0.737,2314.23
Singapore Airlines,DXB,FRA,4800,5,Sun,7,4.66,False,1,54,249,350,0.713,2747.79
British Airways,DXB,SYD,12000,10,Mon,6,6.37,False,0,0,232,350,0.663,3782.27
Singapore Airlines,DXB,FRA,4800,3,Mon,23,7.92,False,0,0,132,350,0.379,2075.36
Emirates,DXB,BKK,4900,5,Wed,8,4.07,False,0,0,263,350,0.753,2846.27
Qatar Airways,DXB,SIN,5900,9,Fri,18,4.65,False,0,0,269,350,0.771,3052.52
Emirates,DXB,SYD,12000,9,Fri,7,3.91,False,1,58,248,350,0.71,3916.13
Emirates,DXB,SYD,12000,9,Tue,3,7.53,False,0,0,297,350,0.85,4321.13
Singapore Airlines,DXB,JFK,11000,12,Fri,19,5.9,True,0,0,260,350,0.744,3848.14
Emirates,DXB,JFK,11000,9,Wed,19,5.96,False,0,0,253,350,0.724,3792.43
Etihad,DXB,SIN,5900,5,Mon,2,2.38,False,0,0,217,350,0.62,2728.46
Singapore Airlines,DXB,JFK,11000,1,Tue,15,7.99,True,0,0,257,350,0.737,3827.02
Emirates,DXB,JNB,6400,2,Tue,9,4.28,False,0,0,180,350,0.515,2572.92
Qatar Airways,DXB,SIN,5900,10,Fri,0,7.29,False,0,0,298,350,0.853,3228.15
Emirates,DXB,BKK,4900,12,Tue,18,2.72,True,0,0,337,350,0.964,3272.73
Emirates,DXB,BKK,4900,12,Mon,16,4.88,True,0,0,289,350,0.828,2996.6
Singapore Airlines,DXB,CDG,5200,7,Mon,5,5.17,True,0,0,316,350,0.905,3209.68
Emirates,DXB,NRT,7900,9,Tue,9,4.68,False,0,0,268,350,0.766,3382.45
Turkish Airlines,DXB,JFK,11000,11,Sun,20,8.35,False,1,18,257,350,0.735,3821.29
British Airways,DXB,FRA,4800,8,Thu,21,4.65,False,0,0,268,350,0.766,2855.49
Emirates,DXB,LHR,5500,9,Sat,17,4.87,False,0,0,262,350,0.751,2941.8
British Airways,DXB,FRA,4800,7,Sat,9,6.01,True,0,0,350,350,1.0,3326.4
Qatar Airways,DXB,JFK,11000,9,Wed,14,3.83,False,0,0,257,350,0.735,3822.17
Qatar Airways,DXB,BKK,4900,3,Mon,20,6.52,False,1,47,250,350,0.715,2768.51
Etihad,DXB,BKK,4900,9,Fri,19,4.09,False,0,0,321,350,0.918,3180.27
British Airways,DXB,BOM,1900,11,Fri,23,7.57,False,0,0,232,350,0.665,2193.41
Turkish Airlines,DXB,SYD,12000,3,Fri,18,6.11,False,0,0,341,350,0.977,4685.81
Emirates,DXB,BKK,4900,12,Fri,3,2.4,True,0,0,350,350,1.0,3346.2
Qatar Airways,DXB,SYD,12000,11,Mon,17,5.02,False,1,50,228,350,0.652,3750.95
Emirates,DXB,SYD,12000,8,Sat,17,6.18,False,1,18,312,350,0.893,4442.46
Turkish Airlines,DXB,SYD,12000,5,Sun,6,4.32,False,1,119,318,350,0.909,4489.75
Singapore Airlines,DXB,JNB,6400,6,Sat,8,6.77,True,0,0,350,350,1.0,3643.2
Turkish Airlines,DXB,BOM,1900,11,Thu,12,7.22,False,0,0,274,350,0.786,2394.54
Emirates,DXB,LHR,5500,7,Thu,9,1.97,True,0,0,320,350,0.916,3288.31
Qatar Airways,DXB,FRA,4800,10,Mon,14,7.1,False,0,0,214,350,0.613,2546.63
Singapore Airlines,DXB,FRA,4800,10,Mon,23,6.05,False,0,0,148,350,0.425,2166.48
Turkish Airlines,DXB,NRT,7900,11,Sat,16,6.35,False,0,0,327,350,0.937,3788.94
Emirates,DXB,CDG,5200,6,Fri,21,4.33,True,0,0,274,350,0.784,2960.24
Etihad,DXB,SIN,5900,10,Thu,1,7.31,False,0,0,203,350,0.583,2647.81
Singapore Airlines,DXB,LHR,5500,1,Sat,12,5.51,True,0,0,283,350,0.811,3067.87
Qatar Airways,DXB,LHR,5500,8,Mon,14,2.04,False,1,50,256,350,0.732,2901.52
Emirates,DXB,LHR,5500,10,Tue,2,6.93,False,0,0,175,350,0.502,2419.26
Qatar Airways,DXB,JNB,6400,1,Thu,13,5.86,True,0,0,283,350,0.81,3224.18
Turkish Airlines,DXB,SYD,12000,11,Mon,17,7.04,False,0,0,249,350,0.712,3922.55
Etihad,DXB,CDG,5200,8,Fri,21,3.6,False,0,0,266,350,0.762,2913.46
Singapore Airlines,DXB,LHR,5500,9,Thu,14,6.05,False,0,0,192,350,0.55,2519.3
Qatar Airways,DXB,BOM,1900,11,Fri,2,3.72,False,0,0,266,350,0.763,2356.59
Emirates,DXB,BKK,4900,7,Mon,10,4.79,True,0,0,322,350,0.921,3185.86
Etihad,DXB,SYD,12000,9,Sat,21,6.64,False,0,0,284,350,0.813,4214.24
Qatar Airways,DXB,SYD,12000,4,Fri,3,5.56,False,0,0,277,350,0.794,4157.7
British Airways,DXB,JNB,6400,12,Mon,11,6.77,True,0,0,303,350,0.866,3348.23
Etihad,DXB,BOM,1900,11,Fri,15,7.44,False,0,0,283,350,0.811,2436.45
Emirates,DXB,NRT,7900,9,Mon,6,4.36,False,0,0,183,350,0.524,2804.51
British Airways,DXB,SYD,12000,6,Sat,17,5.41,True,0,0,350,350,1.0,4752.0
Emirates,DXB,LHR,5500,7,Sun,15,5.24,True,0,0,350,350,1.0,3465.0
Emirates,DXB,SYD,12000,1,Wed,5,3.32,True,0,0,342,350,0.978,4689.52
Emirates,DXB,CDG,5200,6,Sat,4,5.61,True,0,0,350,350,1.0,3405.6
Emirates,DXB,BOM,1900,1,Sun,3,2.57,True,1,44,310,350,0.888,2565.13
Qatar Airways,DXB,BKK,4900,3,Fri,16,7.36,False,0,0,235,350,0.674,2684.21
British Airways,DXB,NRT,7900,12,Fri,19,1.66,True,0,0,303,350,0.868,3624.58
Emirates,DXB,NRT,7900,8,Sun,17,4.1,False,0,0,232,350,0.666,3141.45
Singapore Airlines,DXB,LHR,5500,3,Wed,4,6.6,False,0,0,290,350,0.83,3108.11
Turkish Airlines,DXB,SYD,12000,7,Fri,8,6.18,True,0,0,272,350,0.778,4112.13
Qatar Airways,DXB,BOM,1900,10,Wed,5,8.47,False,1,57,239,350,0.683,2223.43
Etihad,DXB,CDG,5200,3,Sat,16,7.52,False,0,0,300,350,0.859,3115.29
Turkish Airlines,DXB,LHR,5500,6,Mon,11,6.79,True,0,0,350,350,1.0,3465.0
Singapore Airlines,DXB,CDG,5200,9,Sat,0,8.14,False,0,0,254,350,0.726,2839.55
Singapore Airlines,DXB,SYD,12000,11,Tue,19,6.72,False,0,0,181,350,0.518,3364.54
Etihad,DXB,LHR,5500,2,Mon,23,5.15,False,0,0,247,350,0.706,2848.33
Emirates,DXB,CDG,5200,7,Sat,17,5.71,True,0,0,270,350,0.771,2933.91
Singapore Airlines,DXB,JNB,6400,4,Thu,1,6.04,False,0,0,256,350,0.732,3051.56
Emirates,DXB,NRT,7900,1,Mon,7,6.77,True,0,0,314,350,0.898,3697.56
Emirates,DXB,NRT,7900,9,Wed,18,6.36,False,1,135,280,350,0.803,3468.78
Singapore Airlines,DXB,JFK,11000,1,Tue,23,4.64,True,0,0,345,350,0.988,4521.78
Etihad,DXB,BOM,1900,6,Wed,0,5.74,True,0,0,332,350,0.95,2668.85
Etihad,DXB,NRT,7900,5,Mon,0,5.2,False,1,23,200,350,0.572,2918.62
Emirates,DXB,BOM,1900,6,Thu,19,5.39,True,0,0,302,350,0.864,2525.54
British Airways,DXB,JNB,6400,1,Sun,4,2.99,True,0,0,316,350,0.904,3431.17
Qatar Airways,DXB,NRT,7900,8,Sat,2,2.83,False,0,0,308,350,0.881,3656.14
Etihad,DXB,JNB,6400,8,Mon,5,4.33,False,1,58,238,350,0.681,2938.13
British Airways,DXB,BKK,4900,11,Thu,10,7.36,False,0,0,247,350,0.708,2754.75
Etihad,DXB,BOM,1900,9,Mon,16,1.41,False,0,0,218,350,0.624,2124.27
Singapore Airlines,DXB,LHR,5500,1,Thu,5,5.17,True,0,0,303,350,0.867,3184.88
Emirates,DXB,NRT,7900,5,Sun,7,5.76,False,0,0,231,350,0.662,3131.94
Turkish Airlines,DXB,BOM,1900,7,Sun,15,5.29,True,0,0,335,350,0.959,2683.23
Emirates,DXB,BOM,1900,6,Sat,15,2.14,True,1,174,302,350,0.864,2525.67
Etihad,DXB,JNB,6400,8,Fri,11,5.72,False,0,0,219,350,0.627,2818.83
British Airways,DXB,BOM,1900,9,Tue,17,5.28,False,0,0,187,350,0.536,1977.64
Qatar Airways,DXB,SYD,12000,5,Sat,2,4.83,False,0,0,243,350,0.695,3873.66
Emirates,DXB,CDG,5200,10,Mon,12,5.95,False,0,0,147,350,0.421,2211.29
Emirates,DXB,LHR,5500,7,Sat,3,7.97,True,0,0,318,350,0.909,3273.66
Emirates,DXB,CDG,5200,11,Fri,7,8.23,False,0,0,289,350,0.828,3050.75
British Airways,DXB,BOM,1900,11,Sat,6,8.12,False,0,0,276,350,0.789,2400.32
Emirates,DXB,CDG,5200,9,Wed,15,6.14,False,0,0,249,350,0.712,2810.34
Singapore Airlines,DXB,JNB,6400,11,Tue,23,8.12,False,0,0,228,350,0.653,2876.16
Emirates,DXB,LHR,5500,7,Wed,2,8.48,True,0,0,322,350,0.922,3302.08
Emirates,DXB,FRA,4800,2,Wed,10,3.31,False,1,18,181,350,0.519,2356.25
Singapore Airlines,DXB,SYD,12000,3,Thu,10,7.28,False,0,0,246,350,0.704,3900.47
British Airways,DXB,BKK,4900,1,Thu,12,3.0,True,0,0,350,350,1.0,3346.2
Emirates,DXB,CDG,5200,4,Sat,18,5.98,False,0,0,176,350,0.505,2383.13
Qatar Airways,DXB,SIN,5900,7,Wed,5,4.8,True,1,51,329,350,0.943,3421.07
Turkish Airlines,DXB,JNB,6400,6,Fri,1,6.05,True,0,0,320,350,0.915,3456.23
Qatar Airways,DXB,BKK,4900,11,Mon,1,7.35,False,1,25,197,350,0.564,2461.65
British Airways,DXB,JNB,6400,12,Fri,23,3.66,True,0,0,350,350,1.0,3643.2
Qatar Airways,DXB,BOM,1900,4,Thu,1,8.98,False,1,47,217,350,0.623,2123.08
Qatar Airways,DXB,CDG,5200,9,Fri,17,4.83,False,0,0,261,350,0.748,2884.92
Emirates,DXB,FRA,4800,11,Thu,6,4.84,False,0,0,262,350,0.749,2820.8
Emirates,DXB,FRA,4800,6,Fri,21,3.8,True,0,0,277,350,0.792,2907.76
Emirates,DXB,SYD,12000,5,Sun,13,5.07,False,0,0,295,350,0.845,4304.73
Emirates,DXB,BOM,1900,12,Thu,14,4.98,True,0,0,326,350,0.932,2638.77
Turkish Airlines,DXB,SIN,5900,1,Wed,18,5.99,True,0,0,304,350,0.869,3262.41
Emirates,DXB,CDG,5200,7,Mon,11,4.11,True,0,0,263,350,0.753,2896.24
Etihad,DXB,NRT,7900,12,Fri,4,6.83,True,0,0,326,350,0.933,3779.6
Etihad,DXB,SYD,12000,12,Tue,0,1.78,True,0,0,270,350,0.774,4101.7
Qatar Airways,DXB,FRA,4800,11,Wed,17,5.03,False,0,0,153,350,0.437,2191.98
Etihad,DXB,SYD,12000,11,Fri,11,5.67,False,0,0,261,350,0.746,4020.19
Etihad,DXB,BKK,4900,6,Sat,20,4.76,True,0,0,274,350,0.785,2909.74
British Airways,DXB,LHR,5500,9,Sat,2,3.91,False,0,0,251,350,0.718,2872.39
Singapore Airlines,DXB,SYD,12000,6,Tue,6,3.08,True,1,47,328,350,0.939,4577.57
Emirates,DXB,NRT,7900,7,Fri,7,4.55,True,0,0,310,350,0.887,3670.38
Emirates,DXB,JNB,6400,12,Mon,5,3.27,True,0,0,278,350,0.795,3191.44
Turkish Airlines,DXB,BOM,1900,7,Tue,7,6.09,True,0,0,331,350,0.947,2663.58
Qatar Airways,DXB,JFK,11000,4,Sat,3,4.96,False,0,0,179,350,0.514,3211.33
Emirates,DXB,JNB,6400,12,Wed,12,4.24,True,0,0,321,350,0.917,3460.55
Emirates,DXB,LHR,5500,9,Wed,22,5.31,False,0,0,209,350,0.599,2623.11
Singapore Airlines,DXB,CDG,5200,9,Thu,14,2.4,False,0,0,160,350,0.459,2288.58
Singapore Airlines,DXB,FRA,4800,12,Mon,18,3.33,True,1,19,254,350,0.727,2776.38
Singapore Airlines,DXB,JNB,6400,6,Wed,2,7.75,True,0,0,268,350,0.767,3129.09
Singapore Airlines,DXB,NRT,7900,7,Fri,10,3.8,True,0,0,337,350,0.965,3856.82
Turkish Airlines,DXB,CDG,5200,4,Sun,18,8.55,False,0,0,195,350,0.558,2492.58
Qatar Airways,DXB,JNB,6400,1,Thu,13,3.64,True,1,16,346,350,0.991,3623.65
Etihad,DXB,SYD,12000,6,Sun,15,5.13,True,0,0,300,350,0.858,4342.85
Emirates,DXB,LHR,5500,1,Thu,12,7.12,True,1,29,329,350,0.943,3344.86
Turkish Airlines,DXB,FRA,4800,10,Sun,14,10.0,False,0,0,270,350,0.773,2868.74
Emirates,DXB,NRT,7900,7,Thu,23,4.86,True,0,0,252,350,0.72,3271.97
Emirates,DXB,NRT,7900,3,Tue,4,5.19,False,1,78,229,350,0.657,3120.66
British Airways,DXB,CDG,5200,5,Fri,2,3.44,False,0,0,284,350,0.814,3021.4
Singapore Airlines,DXB,SYD,12000,6,Fri,8,5.85,True,0,0,336,350,0.961,4639.29
Qatar Airways,DXB,JFK,11000,2,Wed,15,3.68,False,0,0,184,350,0.528,3250.33
British Airways,DXB,JFK,11000,10,Wed,16,7.19,False,0,0,260,350,0.743,3845.67
Singapore Airlines,DXB,JFK,11000,8,Sun,1,4.72,False,0,0,306,350,0.875,4210.26
Emirates,DXB,CDG,5200,7,Tue,5,3.77,True,1,46,350,350,1.0,3405.6
Singapore Airlines,DXB,BKK,4900,10,Fri,8,6.26,False,0,0,196,350,0.56,2454.84
Emirates,DXB,JNB,6400,7,Sat,10,6.98,True,0,0,268,350,0.767,3128.78
Emirates,DXB,SIN,5900,3,Tue,23,6.4,False,1,190,266,350,0.762,3032.05
Emirates,DXB,JFK,11000,10,Sun,18,5.61,False,0,0,250,350,0.716,3771.15
Emirates,DXB,JNB,6400,12,Wed,21,4.78,True,1,68,290,350,0.83,3268.26
Singapore Airlines,DXB,LHR,5500,3,Sat,7,6.83,False,0,0,188,350,0.54,2498.93
Qatar Airways,DXB,BKK,4900,4,Sat,14,6.98,False,0,0,241,350,0.689,2715.24
Etihad,DXB,NRT,7900,7,Tue,10,7.36,True,0,0,273,350,0.781,3417.01
Singapore Airlines,DXB,CDG,5200,10,Tue,14,8.14,False,1,35,229,350,0.657,2697.57
Singapore Airlines,DXB,JFK,11000,4,Mon,15,9.2,False,0,0,122,350,0.349,2756.65
Singapore Airlines,DXB,BKK,4900,6,Sat,12,8.15,True,1,49,267,350,0.764,2867.09
Turkish Airlines,DXB,BKK,4900,10,Fri,0,8.11,False,0,0,229,350,0.657,2650.86
Etihad,DXB,BKK,4900,12,Sun,9,4.96,True,0,0,265,350,0.759,2858.13
Singapore Airlines,DXB,NRT,7900,6,Wed,9,3.54,True,0,0,350,350,1.0,3940.2
British Airways,DXB,SYD,12000,6,Mon,15,6.32,True,0,0,237,350,0.678,3824.48
British Airways,DXB,BOM,1900,11,Tue,3,8.11,False,0,0,197,350,0.565,2027.11
Turkish Airlines,DXB,SIN,5900,4,Sat,4,8.41,False,0,0,190,350,0.545,2567.82
Etihad,DXB,NRT,7900,10,Fri,18,7.09,False,0,0,233,350,0.667,3145.66
Emirates,DXB,JNB,6400,11,Sun,14,7.34,False,0,0,186,350,0.532,2610.13
Emirates,DXB,JNB,6400,3,Thu,2,5.78,False,0,0,290,350,0.83,3268.06
Singapore Airlines,DXB,SIN,5900,3,Tue,16,3.51,False,0,0,212,350,0.607,2700.0
Emirates,DXB,SYD,12000,3,Fri,0,7.76,False,0,0,277,350,0.793,4156.82
Emirates,DXB,BOM,1900,6,Mon,7,4.47,True,0,0,285,350,0.815,2443.58
Singapore Airlines,DXB,BOM,1900,11,Wed,20,4.84,False,0,0,232,350,0.664,2191.42
Emirates,DXB,CDG,5200,1,Tue,4,4.54,True,0,0,279,350,0.798,2987.99
Singapore Airlines,DXB,JNB,6400,11,Sat,2,9.11,False,0,0,235,350,0.672,2917.89
Turkish Airlines,DXB,BOM,1900,2,Sun,9,3.82,False,0,0,313,350,0.895,2576.74
British Airways,DXB,SIN,5900,10,Fri,21,6.25,False,0,0,227,350,0.65,2791.56
Emirates,DXB,BOM,1900,10,Wed,14,8.05,False,0,0,332,350,0.95,2668.49
Etihad,DXB,BOM,1900,5,Wed,4,6.87,False,0,0,263,350,0.754,2342.15
British Airways,DXB,SYD,12000,5,Fri,4,4.83,False,0,0,235,350,0.674,3813.61
Singapore Airlines,DXB,JFK,11000,10,Thu,3,8.6,False,0,0,216,350,0.619,3502.54
Turkish Airlines,DXB,BOM,1900,8,Fri,23,0.0,False,1,16,241,350,0.69,2234.93
Emirates,DXB,NRT,7900,7,Thu,19,7.03,True,0,0,293,350,0.84,3557.63
Singapore Airlines,DXB,FRA,4800,10,Fri,8,5.48,False,0,0,274,350,0.784,2890.66
Emirates,DXB,LHR,5500,2,Fri,23,6.34,False,0,0,182,350,0.521,2459.43
Etihad,DXB,NRT,7900,10,Fri,11,7.75,False,0,0,255,350,0.731,3298.62
Emirates,DXB,SIN,5900,5,Fri,11,3.54,False,0,0,283,350,0.809,3134.92
Etihad,DXB,CDG,5200,5,Thu,0,4.21,False,0,0,206,350,0.591,2561.37
Etihad,DXB,SYD,12000,7,Tue,17,6.42,True,1,134,312,350,0.894,4447.02
Etihad,DXB,BOM,1900,11,Tue,11,6.2,False,0,0,183,350,0.524,1957.57
British Airways,DXB,SIN,5900,3,Fri,15,7.77,False,1,20,330,350,0.943,3422.6
Emirates,DXB,SIN,5900,5,Fri,9,4.71,False,1,44,317,350,0.907,3343.56
Etihad,DXB,BOM,1900,10,Wed,15,5.06,False,0,0,236,350,0.676,2212.51
Turkish Airlines,DXB,CDG,5200,12,Sun,1,6.56,True,0,0,344,350,0.986,3375.84
Singapore Airlines,DXB,LHR,5500,12,Sat,18,5.38,True,0,0,250,350,0.715,2866.14
Emirates,DXB,JNB,6400,9,Thu,15,6.57,False,0,0,107,350,0.308,2114.48
Etihad,DXB,LHR,5500,7,Sat,18,4.68,True,0,0,276,350,0.789,3021.2
British Airways,DXB,SYD,12000,2,Sat,1,4.24,False,0,0,229,350,0.657,3764.34
Etihad,DXB,JFK,11000,8,Wed,22,4.33,False,0,0,254,350,0.728,3803.9
Turkish Airlines,DXB,BOM,1900,12,Wed,13,3.82,True,1,71,306,350,0.874,2542.7
Singapore Airlines,DXB,BKK,4900,6,Wed,23,4.25,True,0,0,346,350,0.989,3324.9
Singapore Airlines,DXB,NRT,7900,7,Fri,19,4.63,True,0,0,350,350,1.0,3940.2
Emirates,DXB,LHR,5500,4,Wed,11,6.02,False,0,0,141,350,0.404,2213.52
Emirates,DXB,JNB,6400,11,Mon,2,6.24,False,0,0,130,350,0.374,2260.47
Turkish Airlines,DXB,CDG,5200,11,Tue,3,8.37,False,0,0,182,350,0.522,2418.2
Singapore Airlines,DXB,CDG,5200,11,Fri,7,6.97,False,0,0,182,350,0.521,2416.43
Emirates,DXB,BKK,4900,11,Thu,14,7.16,False,0,0,219,350,0.628,2591.98
Qatar Airways,DXB,NRT,7900,12,Sat,0,6.66,True,0,0,333,350,0.954,3830.55
Singapore Airlines,DXB,FRA,4800,8,Mon,18,5.98,False,0,0,223,350,0.64,2600.09
Qatar Airways,DXB,SYD,12000,8,Mon,15,5.35,False,1,29,223,350,0.64,3714.6
Singapore Airlines,DXB,SIN,5900,5,Sun,14,3.92,False,0,0,216,350,0.619,2726.05
Emirates,DXB,JNB,6400,11,Fri,21,8.97,False,1,15,309,350,0.884,3387.41
Emirates,DXB,BOM,1900,8,Sun,3,6.4,False,0,0,288,350,0.823,2457.35
Qatar Airways,DXB,NRT,7900,12,Thu,19,5.13,True,1,105,300,350,0.858,3601.26
Emirates,DXB,JFK,11000,4,Fri,0,6.23,False,0,0,216,350,0.619,3502.31
Emirates,DXB,CDG,5200,10,Sat,5,6.64,False,0,0,275,350,0.786,2963.85
British Airways,DXB,JNB,6400,7,Tue,6,3.31,True,1,130,262,350,0.751,3093.72
Etihad,DXB,SIN,5900,3,Thu,22,6.63,False,0,0,178,350,0.51,2492.61
Emirates,DXB,BOM,1900,11,Thu,20,8.61,False,1,15,287,350,0.821,2454.38
Qatar Airways,DXB,BOM,1900,5,Mon,9,3.75,False,1,43,210,350,0.602,2087.92
Singapore Airlines,DXB,JNB,6400,4,Fri,5,7.85,False,0,0,301,350,0.86,3334.89
Qatar Airways,DXB,BKK,4900,7,Thu,11,4.14,True,0,0,289,350,0.828,2996.42
Turkish Airlines,DXB,NRT,7900,4,Wed,22,6.43,False,1,63,243,350,0.696,3213.28
Singapore Airlines,DXB,FRA,4800,5,Tue,3,4.82,False,0,0,266,350,0.76,2843.31
Etihad,DXB,CDG,5200,4,Sun,1,5.68,False,0,0,205,350,0.587,2552.58
Emirates,DXB,NRT,7900,2,Wed,2,4.6,False,0,0,242,350,0.694,3209.21
Etihad,DXB,FRA,4800,2,Mon,8,8.1,False,0,0,234,350,0.669,2659.05
Emirates,DXB,BKK,4900,8,Sun,12,5.45,False,0,0,325,350,0.93,3204.38
Emirates,DXB,CDG,5200,1,Wed,14,7.48,True,1,22,271,350,0.774,2940.16
Etihad,DXB,CDG,5200,11,Mon,23,8.31,False,0,0,241,350,0.689,2763.46
Turkish Airlines,DXB,LHR,5500,2,Tue,18,6.8,False,0,0,227,350,0.651,2732.21
Qatar Airways,DXB,BOM,1900,12,Tue,6,3.25,True,0,0,193,350,0.553,2006.43
Singapore Airlines,DXB,CDG,5200,3,Wed,2,7.01,False,1,34,255,350,0.73,2848.9
Etihad,DXB,SIN,5900,4,Fri,8,3.47,False,0,0,325,350,0.931,3395.44
Emirates,DXB,NRT,7900,12,Fri,10,3.49,True,0,0,325,350,0.93,3772.7
Etihad,DXB,BKK,4900,7,Tue,15,4.97,True,1,15,323,350,0.925,3193.87
Singapore Airlines,DXB,SYD,12000,8,Sat,9,4.86,False,0,0,256,350,0.734,3984.76
Emirates,DXB,BKK,4900,7,Tue,2,4.74,True,0,0,279,350,0.798,2935.95
British Airways,DXB,SYD,12000,5,Sun,19,4.61,False,0,0,294,350,0.842,4296.25
Etihad,DXB,CDG,5200,6,Sun,4,5.81,True,0,0,350,350,1.0,3405.6
Singapore Airlines,DXB,JFK,11000,11,Thu,9,5.32,False,0,0,129,350,0.37,2814.97
Qatar Airways,DXB,CDG,5200,9,Mon,21,5.57,False,0,0,237,350,0.678,2740.71
British Airways,DXB,JNB,6400,5,Tue,11,6.46,False,0,0,175,350,0.5,2539.32
Singapore Airlines,DXB,JNB,6400,7,Mon,11,6.05,True,0,0,312,350,0.892,3405.01
Emirates,DXB,SIN,5900,2,Sun,11,6.49,False,0,0,242,350,0.694,2886.39
Etihad,DXB,BKK,4900,8,Tue,10,5.83,False,0,0,196,350,0.562,2457.9
Etihad,DXB,JNB,6400,9,Sun,13,3.91,False,0,0,247,350,0.707,2996.96
Qatar Airways,DXB,SYD,12000,7,Sat,14,5.04,True,0,0,297,350,0.849,4317.75
Emirates,DXB,SYD,12000,5,Wed,14,6.52,False,0,0,263,350,0.752,4037.0
Singapore Airlines,DXB,CDG,5200,10,Wed,3,9.15,False,0,0,198,350,0.567,2512.86
British Airways,DXB,SIN,5900,12,Sun,19,5.63,True,1,21,305,350,0.874,3273.68
Etihad,DXB,LHR,5500,5,Sun,6,4.17,False,0,0,255,350,0.729,2895.12
British Airways,DXB,NRT,7900,5,Mon,13,3.97,False,0,0,276,350,0.79,3437.78
Singapore Airlines,DXB,NRT,7900,5,Fri,18,4.5,False,0,0,254,350,0.726,3286.04
Emirates,DXB,SYD,12000,10,Fri,15,6.26,False,0,0,327,350,0.936,4566.82
Emirates,DXB,JFK,11000,1,Tue,18,1.81,True,0,0,293,350,0.838,4107.96
Qatar Airways,DXB,JNB,6400,8,Thu,21,5.18,False,0,0,164,350,0.469,2470.66
British Airways,DXB,FRA,4800,7,Wed,13,6.94,True,0,0,243,350,0.696,2713.22
Qatar Airways,DXB,BKK,4900,7,Wed,6,4.45,True,0,0,327,350,0.934,3212.97
Emirates,DXB,CDG,5200,8,Mon,20,3.5,False,1,47,153,350,0.439,2248.7
Turkish Airlines,DXB,FRA,4800,7,Fri,20,5.91,True,0,0,350,350,1.0,3326.4
Emirates,DXB,BKK,4900,9,Tue,3,5.35,False,0,0,232,350,0.665,2666.45
Etihad,DXB,SIN,5900,10,Fri,16,6.28,False,0,0,254,350,0.726,2956.44
Etihad,DXB,JNB,6400,7,Fri,18,3.71,True,0,0,335,350,0.958,3550.95
Emirates,DXB,NRT,7900,8,Sat,21,5.83,False,0,0,289,350,0.827,3525.94
Emirates,DXB,FRA,4800,2,Wed,12,4.6,False,1,51,219,350,0.628,2576.56
Emirates,DXB,NRT,7900,1,Fri,9,1.88,True,0,0,350,350,1.0,3940.2
Emirates,DXB,BOM,1900,4,Thu,1,7.48,False,0,0,215,350,0.614,2109.11
Qatar Airways,DXB,BOM,1900,8,Sat,0,6.07,False,0,0,245,350,0.702,2255.06
Singapore Airlines,DXB,SYD,12000,11,Sat,7,5.0,False,0,0,242,350,0.692,3865.53
Singapore Airlines,DXB,JNB,6400,1,Mon,11,8.07,True,0,0,229,350,0.655,2881.31
Emirates,DXB,SIN,5900,9,Mon,5,6.67,False,0,0,239,350,0.685,2868.54
Emirates,DXB,BKK,4900,7,Tue,5,6.57,True,0,0,350,350,1.0,3346.2
Emirates,DXB,JNB,6400,8,Mon,1,4.49,False,0,0,197,350,0.565,2681.88
Emirates,DXB,SYD,12000,6,Fri,12,5.69,True,0,0,261,350,0.747,4024.28
Singapore Airlines,DXB,JNB,6400,2,Sun,5,3.09,False,0,0,207,350,0.592,2741.52
Singapore Airlines,DXB,JFK,11000,10,Sun,21,7.21,False,0,0,183,350,0.523,3237.15
Emirates,DXB,BOM,1900,9,Fri,16,7.3,False,0,0,280,350,0.802,2421.44
Emirates,DXB,LHR,5500,4,Fri,14,6.42,False,0,0,246,350,0.705,2846.15
Qatar Airways,DXB,BKK,4900,12,Sat,12,2.94,True,1,62,350,350,1.0,3346.2
Qatar Airways,DXB,SYD,12000,12,Tue,20,2.73,True,0,0,319,350,0.914,4504.89
Emirates,DXB,FRA,4800,12,Sun,11,6.51,True,0,0,240,350,0.688,2697.84
Emirates,DXB,LHR,5500,9,Sun,1,7.03,False,0,0,350,350,1.0,3465.0
Emirates,DXB,SIN,5900,7,Mon,5,4.89,True,0,0,330,350,0.943,3421.98
Turkish Airlines,DXB,CDG,5200,11,Sat,0,4.61,False,0,0,287,350,0.821,3035.91
Singapore Airlines,DXB,FRA,4800,4,Thu,18,3.45,False,0,0,242,350,0.692,2706.38
Emirates,DXB,FRA,4800,7,Tue,19,3.64,True,1,42,350,350,1.0,3326.4
British Airways,DXB,CDG,5200,1,Sat,12,4.68,True,0,0,279,350,0.8,2992.49
Etihad,DXB,BOM,1900,3,Sat,20,7.87,False,0,0,259,350,0.741,2320.11
Singapore Airlines,DXB,FRA,4800,11,Tue,21,8.09,False,1,103,153,350,0.437,2191.83
Emirates,DXB,FRA,4800,3,Sun,14,7.62,False,0,0,277,350,0.793,2909.64
Qatar Airways,DXB,FRA,4800,6,Tue,21,4.25,True,0,0,297,350,0.851,3025.3
Singapore Airlines,DXB,SIN,5900,11,Sat,18,9.05,False,0,0,224,350,0.641,2774.08
Singapore Airlines,DXB,LHR,5500,9,Fri,22,6.18,False,0,0,283,350,0.809,3064.07
Etihad,DXB,SIN,5900,9,Fri,21,3.22,False,0,0,339,350,0.969,3476.88
Etihad,DXB,JNB,6400,8,Sun,20,4.42,False,0,0,284,350,0.812,3229.07
Turkish Airlines,DXB,BKK,4900,2,Sat,2,4.7,False,0,0,245,350,0.701,2739.76
Turkish Airlines,DXB,LHR,5500,6,Fri,12,6.36,True,1,27,281,350,0.805,3056.2
Emirates,DXB,JNB,6400,12,Wed,7,2.58,True,0,0,311,350,0.889,3398.6
Etihad,DXB,FRA,4800,1,Sat,12,5.94,True,0,0,350,350,1.0,3326.4
Turkish Airlines,DXB,LHR,5500,1,Thu,4,6.66,True,0,0,346,350,0.991,3445.37
Qatar Airways,DXB,NRT,7900,7,Tue,15,8.55,True,0,0,281,350,0.805,3473.75
Emirates,DXB,SIN,5900,10,Tue,20,6.11,False,0,0,292,350,0.837,3193.27
Etihad,DXB,JFK,11000,2,Sun,16,5.73,False,0,0,207,350,0.594,3433.54
Qatar Airways,DXB,NRT,7900,5,Mon,16,5.51,False,0,0,162,350,0.464,2659.76
Turkish Airlines,DXB,JNB,6400,1,Thu,2,5.48,True,0,0,309,350,0.885,3388.38
Emirates,DXB,SIN,5900,4,Sun,13,6.72,False,0,0,240,350,0.688,2873.33
Emirates,DXB,SYD,12000,8,Fri,15,4.41,False,0,0,238,350,0.68,3831.78
Etihad,DXB,JNB,6400,3,Fri,4,6.83,False,0,0,308,350,0.882,3383.34
Singapore Airlines,DXB,BOM,1900,6,Wed,23,6.08,True,1,41,350,350,1.0,2752.2
Qatar Airways,DXB,SYD,12000,1,Fri,13,7.98,True,0,0,325,350,0.931,4554.51
Qatar Airways,DXB,SIN,5900,10,Mon,0,6.78,False,0,0,199,350,0.571,2623.15
Emirates,DXB,JNB,6400,3,Wed,5,7.27,False,0,0,192,350,0.55,2649.35
Emirates,DXB,CDG,5200,11,Wed,10,8.36,False,0,0,218,350,0.623,2627.27
British Airways,DXB,NRT,7900,3,Wed,19,6.88,False,0,0,259,350,0.742,3325.04
Etihad,DXB,CDG,5200,4,Wed,20,6.64,False,1,47,225,350,0.645,2672.75
Emirates,DXB,JFK,11000,12,Fri,13,5.38,True,1,38,253,350,0.723,3789.78
British Airways,DXB,SYD,12000,10,Thu,5,7.74,False,0,0,202,350,0.578,3537.81
Etihad,DXB,SYD,12000,10,Sun,23,5.42,False,0,0,214,350,0.613,3638.37
Emirates,DXB,NRT,7900,8,Fri,6,3.32,False,1,33,320,350,0.915,3736.51
Emirates,DXB,JNB,6400,1,Sun,3,4.77,True,1,72,293,350,0.837,3283.78
Emirates,DXB,NRT,7900,9,Thu,13,3.96,False,0,0,325,350,0.93,3771.97
Singapore Airlines,DXB,JFK,11000,1,Fri,15,5.36,True,1,19,338,350,0.966,4460.63
Emirates,DXB,SIN,5900,11,Wed,7,6.94,False,1,37,294,350,0.841,3202.21
Emirates,DXB,SIN,5900,6,Wed,0,6.29,True,0,0,210,350,0.602,2690.24
Singapore Airlines,DXB,LHR,5500,8,Wed,12,3.69,False,1,58,256,350,0.732,2901.45
Etihad,DXB,CDG,5200,1,Sat,18,4.07,True,1,68,278,350,0.797,2986.15
Singapore Airlines,DXB,BOM,1900,5,Fri,20,7.5,False,0,0,287,350,0.822,2456.05
British Airways,DXB,BOM,1900,9,Wed,15,5.56,False,0,0,265,350,0.758,2348.79
Emirates,DXB,NRT,7900,8,Sun,22,5.8,False,0,0,274,350,0.785,3426.28
Singapore Airlines,DXB,LHR,5500,10,Wed,6,6.56,False,0,0,278,350,0.795,3034.06
Emirates,DXB,SYD,12000,2,Sun,1,5.85,False,0,0,280,350,0.801,4180.11
Singapore Airlines,DXB,JNB,6400,10,Sun,7,8.22,False,0,0,211,350,0.603,2766.56
Singapore Airlines,DXB,BKK,4900,1,Wed,8,2.19,True,0,0,347,350,0.992,3329.16
Singapore Airlines,DXB,JNB,6400,3,Fri,9,6.17,False,0,0,246,350,0.705,2992.42
British Airways,DXB,BOM,1900,11,Sat,6,5.66,False,0,0,128,350,0.366,1695.12
British Airways,DXB,SYD,12000,12,Sun,16,4.57,True,0,0,301,350,0.862,4354.35
Qatar Airways,DXB,BOM,1900,6,Mon,19,4.32,True,0,0,309,350,0.885,2560.84
Emirates,DXB,SYD,12000,2,Sat,5,5.78,False,0,0,201,350,0.576,3530.7
Turkish Airlines,DXB,BOM,1900,5,Thu,20,4.66,False,1,92,276,350,0.79,2402.26
Emirates,DXB,BOM,1900,9,Wed,21,3.42,False,0,0,183,350,0.524,1958.22
Emirates,DXB,CDG,5200,6,Sat,5,4.62,True,0,0,309,350,0.884,3167.05
Etihad,DXB,BOM,1900,10,Tue,20,7.59,False,1,29,207,350,0.594,2074.79
Etihad,DXB,JNB,6400,12,Fri,9,6.42,True,0,0,312,350,0.893,3407.57
Emirates,DXB,NRT,7900,10,Fri,3,6.86,False,0,0,328,350,0.938,3791.28
Turkish Airlines,DXB,SYD,12000,4,Fri,12,6.19,False,0,0,164,350,0.47,3226.59
Singapore Airlines,DXB,FRA,4800,12,Sat,10,4.46,True,0,0,350,350,1.0,3326.4
Emirates,DXB,JNB,6400,12,Tue,8,5.03,True,0,0,201,350,0.577,2708.54
Emirates,DXB,CDG,5200,12,Wed,4,2.95,True,0,0,314,350,0.897,3193.64
Etihad,DXB,JNB,6400,5,Wed,17,5.94,False,0,0,230,350,0.658,2887.25
Emirates,DXB,LHR,5500,6,Wed,4,4.35,True,0,0,264,350,0.755,2950.3
Emirates,DXB,BKK,4900,10,Fri,15,5.66,False,0,0,225,350,0.645,2625.76
Etihad,DXB,FRA,4800,11,Sat,20,6.15,False,1,23,164,350,0.469,2255.43
Etihad,DXB,JFK,11000,7,Tue,19,6.52,True,0,0,280,350,0.802,4006.4
Etihad,DXB,BOM,1900,9,Sun,15,3.12,False,0,0,271,350,0.775,2376.24
Emirates,DXB,JFK,11000,12,Sun,4,5.91,True,0,0,323,350,0.925,4347.58
Turkish Airlines,DXB,JFK,11000,2,Sat,1,6.09,False,0,0,201,350,0.575,3382.25
Qatar Airways,DXB,JFK,11000,5,Tue,14,5.42,False,0,0,276,350,0.79,3974.72
British Airways,DXB,NRT,7900,1,Tue,3,6.97,True,0,0,296,350,0.848,3577.57
Emirates,DXB,JFK,11000,1,Sun,11,2.7,True,1,76,278,350,0.795,3987.01
Emirates,DXB,NRT,7900,5,Sat,2,4.46,False,0,0,204,350,0.583,2944.4
Singapore Airlines,DXB,NRT,7900,2,Sat,15,6.41,False,0,0,298,350,0.853,3589.88
Turkish Airlines,DXB,SIN,5900,10,Wed,12,7.07,False,0,0,264,350,0.757,3021.85
Emirates,DXB,FRA,4800,9,Fri,14,4.96,False,0,0,312,350,0.894,3112.14
British Airways,DXB,LHR,5500,8,Fri,22,5.63,False,1,72,289,350,0.827,3101.56
Emirates,DXB,SIN,5900,3,Mon,12,8.69,False,0,0,142,350,0.406,2267.89
Etihad,DXB,LHR,5500,11,Thu,12,5.31,False,1,29,270,350,0.774,2990.77
Singapore Airlines,DXB,CDG,5200,10,Wed,7,6.98,False,0,0,209,350,0.6,2579.79
Emirates,DXB,FRA,4800,6,Tue,20,6.78,True,1,32,284,350,0.814,2951.72
Qatar Airways,DXB,LHR,5500,8,Thu,13,7.85,False,1,36,218,350,0.625,2678.44
Turkish Airlines,DXB,FRA,4800,10,Wed,1,6.01,False,0,0,163,350,0.467,2251.55
Etihad,DXB,JNB,6400,6,Mon,13,4.82,True,0,0,271,350,0.776,3147.53
Etihad,DXB,SYD,12000,3,Sat,12,8.62,False,0,0,311,350,0.891,4437.69
Etihad,DXB,JFK,11000,12,Sat,6,1.96,True,1,18,314,350,0.897,4270.29
Turkish Airlines,DXB,SYD,12000,10,Tue,17,4.71,False,0,0,204,350,0.584,3554.64
Emirates,DXB,SYD,12000,3,Fri,14,6.64,False,0,0,303,350,0.868,4371.54
Emirates,DXB,BKK,4900,3,Wed,0,7.86,False,0,0,253,350,0.725,2789.38
British Airways,DXB,CDG,5200,12,Mon,13,6.12,True,0,0,212,350,0.608,2596.95
Singapore Airlines,DXB,CDG,5200,8,Tue,12,4.44,False,0,0,226,350,0.648,2679.2
Emirates,DXB,BOM,1900,11,Thu,13,7.08,False,0,0,181,350,0.517,1946.88
Emirates,DXB,SIN,5900,10,Thu,23,10.0,False,0,0,291,350,0.833,3185.34
Etihad,DXB,SYD,12000,12,Sat,4,5.93,True,0,0,350,350,1.0,4752.0
Emirates,DXB,SYD,12000,8,Sat,3,6.78,False,0,0,135,350,0.388,2988.78
British Airways,DXB,CDG,5200,9,Sun,11,3.86,False,0,0,242,350,0.694,2774.09
Singapore Airlines,DXB,BKK,4900,6,Thu,18,5.5,True,1,22,241,350,0.69,2717.57
Turkish Airlines,DXB,BOM,1900,2,Wed,10,3.77,False,0,0,265,350,0.758,2348.1
Singapore Airlines,DXB,JFK,11000,9,Fri,23,4.74,False,0,0,315,350,0.903,4285.12
Turkish Airlines,DXB,SIN,5900,12,Wed,3,3.07,True,1,140,229,350,0.656,2805.5
Qatar Airways,DXB,BKK,4900,9,Thu,20,5.02,False,0,0,165,350,0.472,2275.88
Emirates,DXB,JFK,11000,9,Sat,19,6.13,False,0,0,260,350,0.746,3851.69
Etihad,DXB,BKK,4900,1,Sat,8,4.48,True,0,0,313,350,0.896,3135.7
Qatar Airways,DXB,NRT,7900,3,Sun,6,5.5,False,0,0,259,350,0.74,3320.36
Emirates,DXB,NRT,7900,5,Sun,6,3.57,False,0,0,350,350,1.0,3940.2
Etihad,DXB,NRT,7900,5,Sat,21,4.96,False,0,0,195,350,0.559,2888.11
Etihad,DXB,BOM,1900,1,Tue,23,6.26,True,0,0,257,350,0.735,2309.57
Turkish Airlines,DXB,BKK,4900,1,Sun,8,6.22,True,1,230,350,350,1.0,3346.2
Emirates,DXB,SIN,5900,12,Thu,0,7.57,True,1,149,305,350,0.874,3273.62
Singapore Airlines,DXB,JFK,11000,8,Sun,12,4.52,False,0,0,209,350,0.598,3443.4
Qatar Airways,DXB,CDG,5200,4,Tue,6,6.18,False,0,0,192,350,0.55,2476.29
Emirates,DXB,CDG,5200,2,Thu,12,0.97,False,1,74,222,350,0.635,2653.04
Qatar Airways,DXB,JNB,6400,2,Sat,21,6.08,False,0,0,268,350,0.768,3131.71
Emirates,DXB,FRA,4800,12,Sat,23,5.9,True,0,0,350,350,1.0,3326.4
Emirates,DXB,NRT,7900,9,Tue,8,3.48,False,0,0,212,350,0.606,2999.13
Turkish Airlines,DXB,CDG,5200,3,Tue,21,8.7,False,0,0,305,350,0.873,3143.08
Emirates,DXB,CDG,5200,8,Wed,1,6.12,False,0,0,217,350,0.621,2623.03
Qatar Airways,DXB,LHR,5500,8,Mon,2,7.77,False,0,0,269,350,0.769,2979.47
Singapore Airlines,DXB,BKK,4900,12,Mon,0,4.81,True,0,0,318,350,0.911,3165.79
Qatar Airways,DXB,FRA,4800,1,Thu,23,4.77,True,0,0,261,350,0.748,2818.42
Turkish Airlines,DXB,JFK,11000,2,Mon,14,5.08,False,0,0,260,350,0.744,3846.24
Singapore Airlines,DXB,JNB,6400,4,Wed,9,8.15,False,0,0,276,350,0.791,3181.51
Qatar Airways,DXB,LHR,5500,11,Sat,9,6.26,False,0,0,350,350,1.0,3465.0
British Airways,DXB,FRA,4800,2,Fri,13,4.87,False,0,0,226,350,0.647,2615.46
Etihad,DXB,SIN,5900,6,Sun,22,5.32,True,0,0,283,350,0.809,3134.82
Etihad,DXB,LHR,5500,3,Sat,15,6.83,False,0,0,191,350,0.548,2516.19
Emirates,DXB,FRA,4800,9,Wed,16,7.0,False,0,0,222,350,0.636,2591.63
Singapore Airlines,DXB,JNB,6400,9,Tue,4,6.23,False,0,0,181,350,0.518,2579.02
Emirates,DXB,SYD,12000,9,Sat,16,4.22,False,0,0,249,350,0.712,3921.76
British Airways,DXB,LHR,5500,8,Sat,1,4.49,False,0,0,255,350,0.73,2898.56
Emirates,DXB,SIN,5900,10,Tue,7,7.21,False,0,0,255,350,0.73,2963.2
Emirates,DXB,BOM,1900,7,Thu,21,5.05,True,1,58,223,350,0.638,2149.11
Turkish Airlines,DXB,NRT,7900,12,Wed,10,6.59,True,1,47,266,350,0.761,3369.87
Turkish Airlines,DXB,LHR,5500,3,Sat,7,5.47,False,0,0,252,350,0.72,2877.39
Emirates,DXB,SYD,12000,4,Mon,15,7.52,False,0,0,255,350,0.73,3975.76
Qatar Airways,DXB,BKK,4900,2,Tue,12,5.71,False,1,49,208,350,0.595,2523.94
British Airways,DXB,FRA,4800,5,Tue,7,4.36,False,0,0,304,350,0.869,3061.85
Singapore Airlines,DXB,BKK,4900,2,Wed,14,3.74,False,0,0,212,350,0.606,2546.65
Qatar Airways,DXB,FRA,4800,3,Sun,0,8.95,False,0,0,217,350,0.621,2563.29
Etihad,DXB,CDG,5200,1,Tue,19,3.83,True,0,0,328,350,0.938,3278.11
Emirates,DXB,BOM,1900,11,Sat,19,9.01,False,0,0,181,350,0.519,1949.51
Emirates,DXB,LHR,5500,2,Thu,22,5.28,False,0,0,229,350,0.655,2741.29
British Airways,DXB,CDG,5200,4,Sun,8,8.65,False,0,0,316,350,0.903,3205.36
Qatar Airways,DXB,FRA,4800,11,Mon,13,8.21,False,0,0,177,350,0.508,2334.86
Turkish Airlines,DXB,SIN,5900,8,Thu,1,5.69,False,0,0,215,350,0.615,2716.47
Emirates,DXB,JNB,6400,2,Sat,23,7.46,False,1,26,293,350,0.839,3287.63
Qatar Airways,DXB,BKK,4900,9,Thu,11,6.3,False,0,0,308,350,0.881,3105.55
Emirates,DXB,CDG,5200,8,Sun,4,7.47,False,0,0,198,350,0.568,2514.5
Singapore Airlines,DXB,JNB,6400,9,Thu,3,3.02,False,0,0,224,350,0.64,2849.01
Etihad,DXB,JNB,6400,8,Thu,20,3.89,False,0,0,170,350,0.488,2513.65
Emirates,DXB,SYD,12000,4,Fri,6,6.51,False,0,0,305,350,0.874,4389.21
Emirates,DXB,LHR,5500,4,Sun,0,8.57,False,0,0,249,350,0.712,2859.45
Emirates,DXB,BOM,1900,9,Fri,5,6.62,False,0,0,245,350,0.703,2256.38
British Airways,DXB,JNB,6400,6,Tue,18,6.53,True,0,0,198,350,0.568,2689.44
Singapore Airlines,DXB,FRA,4800,4,Wed,18,5.07,False,0,0,214,350,0.612,2543.79
Qatar Airways,DXB,JFK,11000,8,Thu,15,7.49,False,1,64,216,350,0.618,3499.83
Emirates,DXB,JFK,11000,3,Wed,2,7.72,False,0,0,210,350,0.603,3457.8
Turkish Airlines,DXB,JNB,6400,11,Sun,14,7.12,False,1,33,243,350,0.695,2970.69
Emirates,DXB,JFK,11000,7,Fri,5,3.09,True,1,30,325,350,0.931,4363.71
Emirates,DXB,SIN,5900,8,Fri,12,5.5,False,0,0,294,350,0.842,3205.61
British Airways,DXB,JFK,11000,1,Thu,19,1.89,True,1,43,303,350,0.868,4191.02
Singapore Airlines,DXB,SYD,12000,2,Mon,6,2.81,False,0,0,237,350,0.678,3825.26
Emirates,DXB,CDG,5200,9,Sun,8,5.66,False,1,15,233,350,0.667,2719.29
British Airways,DXB,LHR,5500,8,Fri,11,5.99,False,0,0,249,350,0.712,2860.87
Qatar Airways,DXB,CDG,5200,11,Sun,10,5.61,False,0,0,210,350,0.6,2580.3
British Airways,DXB,CDG,5200,4,Wed,11,3.41,False,0,0,198,350,0.569,2515.03
Etihad,DXB,NRT,7900,3,Fri,4,6.12,False,0,0,255,350,0.73,3294.26
Emirates,DXB,SIN,5900,1,Sat,15,2.36,True,1,94,272,350,0.778,3066.75
Emirates,DXB,BOM,1900,8,Fri,5,5.36,False,0,0,221,350,0.633,2140.11
Qatar Airways,DXB,CDG,5200,11,Fri,11,8.61,False,0,0,234,350,0.671,2727.08
Qatar Airways,DXB,CDG,5200,6,Sun,14,6.32,True,1,27,285,350,0.816,3026.69
Turkish Airlines,DXB,NRT,7900,12,Thu,17,5.15,True,0,0,288,350,0.824,3520.69
Etihad,DXB,SIN,5900,1,Sun,12,2.57,True,1,16,340,350,0.972,3483.11
Emirates,DXB,FRA,4800,10,Tue,0,6.92,False,0,0,161,350,0.46,2238.24
British Airways,DXB,NRT,7900,8,Sat,1,3.93,False,0,0,295,350,0.843,3565.4
British Airways,DXB,BOM,1900,9,Tue,3,4.79,False,0,0,264,350,0.755,2344.11
Turkish Airlines,DXB,JFK,11000,4,Mon,22,8.44,False,0,0,194,350,0.557,3330.23
Emirates,DXB,SIN,5900,6,Sat,7,5.39,True,1,113,292,350,0.836,3191.71
Turkish Airlines,DXB,JNB,6400,1,Mon,13,6.74,True,0,0,279,350,0.798,3196.33
Qatar Airways,DXB,SIN,5900,12,Sun,0,3.04,True,0,0,335,350,0.957,3452.26
Qatar Airways,DXB,SYD,12000,2,Fri,3,5.84,False,0,0,282,350,0.806,4192.89
British Airways,DXB,CDG,5200,9,Wed,20,4.35,False,0,0,193,350,0.553,2482.39
Emirates,DXB,FRA,4800,9,Fri,17,5.97,False,1,33,253,350,0.725,2771.79
Etihad,DXB,JNB,6400,8,Mon,5,3.86,False,0,0,206,350,0.591,2739.29
Turkish Airlines,DXB,JFK,11000,7,Thu,21,5.28,True,1,18,342,350,0.98,4497.6
Emirates,DXB,BKK,4900,4,Fri,1,5.39,False,0,0,240,350,0.686,2709.22
Qatar Airways,DXB,FRA,4800,6,Wed,3,3.81,True,0,0,325,350,0.929,3183.4
Emirates,DXB,FRA,4800,2,Thu,4,5.96,False,1,64,213,350,0.61,2540.26
Turkish Airlines,DXB,CDG,5200,8,Wed,6,3.33,False,1,135,218,350,0.625,2631.12
Qatar Airways,DXB,CDG,5200,2,Sat,6,7.42,False,0,0,214,350,0.614,2609.34
Turkish Airlines,DXB,JFK,11000,12,Sun,18,4.74,True,0,0,350,350,1.0,4554.0
Etihad,DXB,BOM,1900,9,Sun,12,4.41,False,0,0,254,350,0.726,2295.46
Qatar Airways,DXB,SYD,12000,7,Sun,7,6.76,True,0,0,302,350,0.864,4361.43
Qatar Airways,DXB,JNB,6400,9,Wed,18,6.31,False,0,0,224,350,0.64,2848.79
Etihad,DXB,BKK,4900,9,Wed,0,6.55,False,0,0,258,350,0.74,2818.48
Emirates,DXB,JNB,6400,10,Tue,11,4.79,False,0,0,271,350,0.777,3150.67
Emirates,DXB,BKK,4900,5,Wed,14,7.51,False,0,0,230,350,0.658,2652.05
Qatar Airways,DXB,LHR,5500,4,Wed,21,5.7,False,0,0,275,350,0.786,3016.18
Etihad,DXB,BOM,1900,7,Fri,15,4.91,True,1,23,321,350,0.918,2614.84
British Airways,DXB,FRA,4800,1,Mon,4,6.21,True,0,0,350,350,1.0,3326.4
British Airways,DXB,JNB,6400,6,Wed,5,5.32,True,0,0,305,350,0.873,3363.17
British Airways,DXB,SIN,5900,6,Fri,5,4.54,True,0,0,350,350,1.0,3544.2
Singapore Airlines,DXB,SIN,5900,1,Mon,18,5.15,True,1,93,318,350,0.91,3350.48
Emirates,DXB,LHR,5500,4,Mon,0,8.71,False,0,0,173,350,0.496,2406.29
Etihad,DXB,SYD,12000,7,Sun,13,7.16,True,0,0,246,350,0.706,3904.15
British Airways,DXB,FRA,4800,11,Sat,1,7.08,False,0,0,241,350,0.689,2698.67
Emirates,DXB,NRT,7900,6,Sat,12,5.01,True,0,0,331,350,0.946,3810.65
Etihad,DXB,CDG,5200,2,Tue,13,2.95,False,0,0,220,350,0.629,2639.02
Emirates,DXB,JNB,6400,12,Sat,11,5.22,True,0,0,318,350,0.909,3443.26
Turkish Airlines,DXB,BOM,1900,2,Mon,19,2.02,False,0,0,241,350,0.69,2234.93
Singapore Airlines,DXB,FRA,4800,6,Thu,18,7.6,True,0,0,346,350,0.99,3305.45
Emirates,DXB,CDG,5200,12,Sat,19,4.42,True,0,0,332,350,0.949,3300.22
Emirates,DXB,BOM,1900,1,Fri,17,3.01,True,1,107,307,350,0.878,2548.19
British Airways,DXB,FRA,4800,3,Wed,8,5.25,False,0,0,160,350,0.458,2233.58
Turkish Airlines,DXB,BKK,4900,4,Tue,2,4.95,False,0,0,188,350,0.539,2410.5
Turkish Airlines,DXB,FRA,4800,10,Mon,21,4.81,False,0,0,232,350,0.665,2651.27
Qatar Airways,DXB,SIN,5900,5,Tue,19,4.9,False,0,0,250,350,0.716,2934.59
Singapore Airlines,DXB,LHR,5500,2,Fri,0,6.01,False,0,0,253,350,0.725,2888.5
Emirates,DXB,BOM,1900,12,Wed,17,4.94,True,0,0,305,350,0.872,2539.33
Emirates,DXB,BOM,1900,7,Thu,4,3.18,True,0,0,313,350,0.896,2577.9
Emirates,DXB,NRT,7900,10,Tue,9,7.14,False,0,0,301,350,0.861,3607.88
Etihad,DXB,FRA,4800,10,Sat,8,5.44,False,0,0,156,350,0.447,2210.99
British Airways,DXB,LHR,5500,4,Sun,10,6.4,False,0,0,322,350,0.92,3297.32
Qatar Airways,DXB,JNB,6400,7,Sat,8,4.35,True,0,0,350,350,1.0,3643.2
Etihad,DXB,LHR,5500,2,Thu,21,5.97,False,0,0,203,350,0.582,2586.24
Emirates,DXB,FRA,4800,12,Sat,3,4.65,True,0,0,270,350,0.773,2867.99
Turkish Airlines,DXB,SIN,5900,3,Sun,13,10.0,False,0,0,275,350,0.788,3087.77
Qatar Airways,DXB,BOM,1900,6,Tue,17,4.62,True,0,0,313,350,0.897,2579.83
Turkish Airlines,DXB,BKK,4900,2,Sat,0,6.04,False,0,0,236,350,0.675,2687.38
British Airways,DXB,LHR,5500,1,Thu,6,6.48,True,0,0,281,350,0.804,3053.95
Qatar Airways,DXB,BOM,1900,9,Wed,12,4.89,False,0,0,292,350,0.835,2476.16
Emirates,DXB,BKK,4900,1,Tue,7,5.34,True,0,0,271,350,0.776,2892.39
Singapore Airlines,DXB,BOM,1900,5,Mon,21,3.59,False,0,0,276,350,0.79,2402.16
Emirates,DXB,LHR,5500,10,Fri,13,6.08,False,0,0,255,350,0.73,2897.53
Turkish Airlines,DXB,BOM,1900,8,Fri,16,5.8,False,0,0,306,350,0.875,2543.84
Etihad,DXB,NRT,7900,2,Wed,15,4.11,False,0,0,301,350,0.863,3611.9
Emirates,DXB,CDG,5200,4,Fri,11,8.28,False,0,0,255,350,0.731,2849.54
British Airways,DXB,NRT,7900,10,Sat,8,8.72,False,0,0,229,350,0.655,3116.75
Singapore Airlines,DXB,LHR,5500,5,Tue,0,3.24,False,0,0,261,350,0.747,2934.33
British Airways,DXB,CDG,5200,10,Fri,5,7.99,False,0,0,257,350,0.735,2857.74
British Airways,DXB,SYD,12000,12,Sat,2,7.57,True,0,0,350,350,1.0,4752.0
Emirates,DXB,CDG,5200,5,Sat,22,6.41,False,0,0,263,350,0.752,2894.55
Emirates,DXB,BKK,4900,10,Tue,3,7.59,False,0,0,196,350,0.562,2457.75
Emirates,DXB,BOM,1900,6,Fri,18,4.35,True,0,0,312,350,0.893,2573.05
Emirates,DXB,BOM,1900,7,Sat,5,4.47,True,1,43,350,350,1.0,2752.2
Singapore Airlines,DXB,SYD,12000,5,Sat,21,5.4,False,1,140,301,350,0.86,4349.44
Emirates,DXB,JFK,11000,9,Sat,4,4.82,False,0,0,215,350,0.617,3496.29
Emirates,DXB,CDG,5200,4,Sun,18,7.82,False,0,0,260,350,0.746,2880.36
Emirates,DXB,LHR,5500,10,Thu,17,3.62,False,0,0,245,350,0.702,2838.61
Qatar Airways,DXB,LHR,5500,7,Thu,1,4.6,True,0,0,320,350,0.917,3290.33
Qatar Airways,DXB,CDG,5200,4,Fri,18,9.62,False,0,0,171,350,0.489,2351.02
Emirates,DXB,SYD,12000,12,Wed,18,3.13,True,1,28,326,350,0.931,4554.63
Emirates,DXB,JFK,11000,3,Sat,23,5.4,False,0,0,270,350,0.771,3923.2
Emirates,DXB,SYD,12000,7,Mon,18,8.88,True,1,63,315,350,0.9,4464.82
Qatar Airways,DXB,SIN,5900,9,Thu,22,6.72,False,0,0,215,350,0.616,2718.58
Emirates,DXB,JNB,6400,9,Sun,17,6.0,False,0,0,350,350,1.0,3643.2
Emirates,DXB,JFK,11000,2,Sun,11,1.14,False,0,0,231,350,0.661,3619.46
Turkish Airlines,DXB,LHR,5500,6,Wed,18,6.04,True,0,0,227,350,0.649,2728.63
Turkish Airlines,DXB,JFK,11000,5,Sat,15,7.27,False,0,0,303,350,0.868,4188.52
Emirates,DXB,LHR,5500,2,Wed,10,5.76,False,0,0,201,350,0.576,2574.75
Emirates,DXB,SYD,12000,12,Mon,4,5.76,True,1,32,350,350,1.0,4752.0
Qatar Airways,DXB,BKK,4900,2,Sun,10,5.37,False,0,0,208,350,0.595,2524.81
Emirates,DXB,FRA,4800,1,Sat,10,6.17,True,0,0,276,350,0.789,2901.22
Etihad,DXB,BKK,4900,4,Thu,13,9.67,False,0,0,254,350,0.727,2792.18
Singapore Airlines,DXB,NRT,7900,8,Thu,4,3.62,False,0,0,250,350,0.714,3258.18
Singapore Airlines,DXB,JNB,6400,3,Sun,4,7.64,False,0,0,188,350,0.537,2621.86
Emirates,DXB,NRT,7900,3,Sun,10,7.22,False,1,65,275,350,0.787,3430.37
Etihad,DXB,BKK,4900,10,Fri,21,7.77,False,0,0,263,350,0.754,2847.74
Turkish Airlines,DXB,JFK,11000,7,Sun,3,4.95,True,0,0,350,350,1.0,4554.0
Qatar Airways,DXB,LHR,5500,9,Mon,5,4.85,False,0,0,306,350,0.875,3202.54
Emirates,DXB,NRT,7900,12,Thu,21,4.62,True,0,0,278,350,0.796,3453.71
Qatar Airways,DXB,CDG,5200,11,Tue,19,6.16,False,1,42,212,350,0.607,2594.85
Emirates,DXB,SIN,5900,1,Sat,14,5.75,True,0,0,299,350,0.855,3233.32
Qatar Airways,DXB,SIN,5900,2,Sun,9,1.74,False,0,0,195,350,0.56,2598.84
Etihad,DXB,LHR,5500,7,Mon,5,3.22,True,0,0,324,350,0.927,3312.3
Emirates,DXB,JFK,11000,11,Mon,20,6.65,False,0,0,258,350,0.737,3828.89
Emirates,DXB,BKK,4900,2,Thu,18,4.03,False,1,265,210,350,0.602,2539.49
Emirates,DXB,JNB,6400,9,Fri,22,3.11,False,1,20,148,350,0.425,2373.97
Singapore Airlines,DXB,LHR,5500,7,Mon,11,4.85,True,0,0,286,350,0.817,3081.35
Emirates,DXB,BKK,4900,8,Fri,18,5.5,False,0,0,275,350,0.786,2913.01
British Airways,DXB,SYD,12000,11,Wed,9,7.07,False,0,0,267,350,0.764,4073.33
Singapore Airlines,DXB,SYD,12000,5,Thu,11,7.44,False,0,0,235,350,0.672,3807.88
British Airways,DXB,SYD,12000,5,Thu,18,4.48,False,0,0,275,350,0.787,4138.75
Singapore Airlines,DXB,CDG,5200,2,Wed,2,3.57,False,0,0,138,350,0.395,2157.6
British Airways,DXB,NRT,7900,7,Tue,5,4.45,True,0,0,350,350,1.0,3940.2
Singapore Airlines,DXB,FRA,4800,9,Fri,15,2.61,False,0,0,310,350,0.888,3101.27
Singapore Airlines,DXB,SIN,5900,11,Sun,17,8.88,False,0,0,305,350,0.873,3270.39
Emirates,DXB,SYD,12000,10,Sat,21,4.85,False,0,0,273,350,0.78,4119.45
Qatar Airways,DXB,NRT,7900,1,Sun,22,6.11,True,0,0,244,350,0.699,3221.05
Etihad,DXB,CDG,5200,9,Sun,13,5.73,False,0,0,266,350,0.762,2914.57
Qatar Airways,DXB,JNB,6400,8,Wed,14,6.24,False,0,0,230,350,0.658,2889.01
British Airways,DXB,BKK,4900,5,Mon,5,7.41,False,0,0,246,350,0.705,2748.88
Emirates,DXB,JFK,11000,4,Thu,12,7.83,False,1,15,255,350,0.731,3812.45
Etihad,DXB,JNB,6400,9,Fri,15,4.23,False,0,0,290,350,0.83,3268.25
Emirates,DXB,JFK,11000,8,Sat,2,4.77,False,0,0,227,350,0.65,3589.16
Turkish Airlines,DXB,JNB,6400,7,Sat,12,3.1,True,0,0,350,350,1.0,3643.2
British Airways,DXB,SYD,12000,3,Sun,4,8.59,False,0,0,258,350,0.74,4002.69
Emirates,DXB,SYD,12000,5,Mon,18,3.29,False,0,0,257,350,0.735,3987.37
Turkish Airlines,DXB,CDG,5200,6,Mon,10,5.83,True,1,32,310,350,0.886,3170.97
Turkish Airlines,DXB,LHR,5500,9,Wed,7,3.58,False,0,0,187,350,0.537,2492.59
Qatar Airways,DXB,FRA,4800,4,Sun,11,5.41,False,1,28,281,350,0.805,2932.88
Emirates,DXB,NRT,7900,12,Sun,15,5.83,True,0,0,309,350,0.884,3662.95
Emirates,DXB,SYD,12000,7,Sat,17,3.68,True,1,15,291,350,0.832,4266.89
Singapore Airlines,DXB,NRT,7900,10,Sun,19,5.89,False,0,0,173,350,0.496,2736.53
Qatar Airways,DXB,SIN,5900,2,Fri,10,4.34,False,0,0,282,350,0.806,3128.07
Singapore Airlines,DXB,FRA,4800,9,Sat,0,3.78,False,0,0,241,350,0.691,2703.87
British Airways,DXB,SYD,12000,4,Mon,9,9.11,False,0,0,222,350,0.635,3701.29
Emirates,DXB,JNB,6400,10,Wed,7,7.76,False,0,0,258,350,0.738,3065.58
Emirates,DXB,LHR,5500,8,Tue,16,2.81,False,0,0,245,350,0.702,2838.73
Turkish Airlines,DXB,JFK,11000,3,Sun,2,6.18,False,0,0,286,350,0.82,4055.91
Turkish Airlines,DXB,LHR,5500,1,Thu,17,3.18,True,0,0,292,350,0.834,3117.04
British Airways,DXB,NRT,7900,10,Thu,21,8.32,False,0,0,254,350,0.727,3287.79
Emirates,DXB,BOM,1900,5,Fri,21,3.76,False,1,38,280,350,0.801,2419.74
British Airways,DXB,FRA,4800,11,Sun,6,7.8,False,0,0,318,350,0.909,3143.26
Etihad,DXB,CDG,5200,3,Sun,2,6.16,False,1,34,322,350,0.923,3245.73
Turkish Airlines,DXB,JFK,11000,6,Tue,9,3.38,True,0,0,289,350,0.827,4075.68
Emirates,DXB,SYD,12000,12,Thu,17,4.5,True,1,56,241,350,0.689,3855.78
British Airways,DXB,SIN,5900,1,Fri,3,3.03,True,1,34,350,350,1.0,3544.2
Qatar Airways,DXB,NRT,7900,6,Sun,19,5.57,True,0,0,300,350,0.857,3599.28
Etihad,DXB,JNB,6400,9,Sun,23,6.8,False,0,0,244,350,0.698,2975.59
Singapore Airlines,DXB,NRT,7900,5,Sun,8,1.22,False,0,0,261,350,0.748,3338.08
Etihad,DXB,JNB,6400,9,Mon,16,5.39,False,0,0,202,350,0.58,2714.82
Qatar Airways,DXB,SIN,5900,3,Sun,20,8.91,False,0,0,260,350,0.744,2994.0
Emirates,DXB,BKK,4900,11,Thu,4,4.08,False,0,0,202,350,0.58,2494.05
Emirates,DXB,LHR,5500,9,Mon,21,4.73,False,0,0,267,350,0.765,2971.82
Turkish Airlines,DXB,CDG,5200,3,Fri,1,7.17,False,0,0,272,350,0.778,2947.73
British Airways,DXB,FRA,4800,9,Wed,14,4.67,False,0,0,237,350,0.679,2679.61
Emirates,DXB,SIN,5900,4,Sat,3,5.1,False,0,0,228,350,0.653,2799.42
Qatar Airways,DXB,LHR,5500,4,Sun,8,7.47,False,0,0,248,350,0.711,2857.37
Emirates,DXB,NRT,7900,6,Wed,19,7.63,True,0,0,273,350,0.781,3416.54
Qatar Airways,DXB,FRA,4800,12,Sat,12,5.55,True,0,0,350,350,1.0,3326.4
Qatar Airways,DXB,JNB,6400,4,Wed,1,5.4,False,0,0,156,350,0.448,2424.28
Etihad,DXB,SIN,5900,7,Mon,17,4.43,True,0,0,310,350,0.888,3302.76
Turkish Airlines,DXB,SYD,12000,1,Tue,13,7.8,True,1,32,281,350,0.803,4184.42
Qatar Airways,DXB,CDG,5200,6,Tue,13,4.97,True,0,0,325,350,0.929,3258.28
Qatar Airways,DXB,FRA,4800,2,Tue,5,3.15,False,0,0,158,350,0.451,2220.52
Etihad,DXB,FRA,4800,4,Fri,22,6.78,False,0,0,283,350,0.809,2941.11
Qatar Airways,DXB,JFK,11000,2,Mon,17,4.34,False,1,51,239,350,0.685,3684.25
British Airways,DXB,NRT,7900,4,Sat,7,6.06,False,0,0,305,350,0.872,3633.41
Etihad,DXB,JFK,11000,7,Thu,23,6.25,True,0,0,319,350,0.913,4312.84
Singapore Airlines,DXB,LHR,5500,4,Tue,15,7.29,False,0,0,272,350,0.779,3000.69
Singapore Airlines,DXB,BKK,4900,7,Mon,14,3.99,True,0,0,249,350,0.712,2762.67
Emirates,DXB,SIN,5900,9,Mon,18,6.55,False,0,0,155,350,0.443,2348.51
Singapore Airlines,DXB,NRT,7900,7,Mon,23,4.45,True,1,21,293,350,0.837,3551.68
Turkish Airlines,DXB,BKK,4900,6,Sat,2,4.56,True,1,71,306,350,0.874,3091.6
Qatar Airways,DXB,BKK,4900,4,Wed,23,7.84,False,0,0,228,350,0.654,2644.75
Etihad,DXB,SIN,5900,4,Thu,10,5.35,False,0,0,229,350,0.655,2803.89
British Airways,DXB,JNB,6400,9,Wed,1,5.94,False,0,0,241,350,0.689,2957.04
Turkish Airlines,DXB,SYD,12000,5,Wed,5,5.35,False,0,0,237,350,0.68,3829.95
Etihad,DXB,CDG,5200,8,Sun,21,5.24,False,0,0,208,350,0.596,2572.13
Emirates,DXB,NRT,7900,7,Sat,12,2.38,True,0,0,311,350,0.891,3679.53
Etihad,DXB,JFK,11000,8,Tue,15,5.93,False,0,0,242,350,0.692,3702.77
Etihad,DXB,BOM,1900,6,Thu,12,5.03,True,1,112,350,350,1.0,2752.2
Emirates,DXB,FRA,4800,7,Tue,3,3.24,True,0,0,338,350,0.968,3261.14
Etihad,DXB,JFK,11000,4,Fri,17,9.01,False,0,0,247,350,0.707,3746.59
Qatar Airways,DXB,NRT,7900,9,Sat,12,4.9,False,0,0,248,350,0.711,3249.12
Turkish Airlines,DXB,SYD,12000,1,Fri,8,2.82,True,0,0,250,350,0.716,3933.41
Emirates,DXB,SYD,12000,2,Mon,1,4.75,False,0,0,236,350,0.676,3818.86
Emirates,DXB,BOM,1900,6,Tue,11,3.66,True,0,0,347,350,0.994,2741.68
Emirates,DXB,SIN,5900,12,Tue,19,3.74,True,0,0,246,350,0.704,2909.43
Turkish Airlines,DXB,SIN,5900,12,Wed,16,5.06,True,0,0,310,350,0.887,3302.46
Emirates,DXB,BKK,4900,2,Sun,0,6.59,False,0,0,267,350,0.765,2870.23
British Airways,DXB,BOM,1900,1,Mon,22,5.09,True,0,0,250,350,0.716,2278.51
Emirates,DXB,NRT,7900,12,Wed,19,7.64,True,0,0,350,350,1.0,3940.2
Emirates,DXB,NRT,7900,1,Sat,10,3.6,True,0,0,350,350,1.0,3940.2
Etihad,DXB,SIN,5900,3,Thu,12,9.24,False,0,0,281,350,0.803,3121.93
Emirates,DXB,SYD,12000,1,Mon,5,5.13,True,1,75,255,350,0.729,3971.71
Emirates,DXB,FRA,4800,9,Mon,15,5.64,False,1,47,243,350,0.697,2715.59
British Airways,DXB,CDG,5200,11,Fri,10,6.36,False,0,0,190,350,0.543,2462.24
Emirates,DXB,LHR,5500,11,Fri,15,6.58,False,0,0,237,350,0.679,2791.49
Turkish Airlines,DXB,NRT,7900,5,Thu,15,4.44,False,0,0,181,350,0.519,2792.33
Emirates,DXB,LHR,5500,4,Thu,11,8.25,False,0,0,243,350,0.695,2823.96
Qatar Airways,DXB,BOM,1900,1,Mon,3,6.62,True,0,0,293,350,0.84,2484.74
Etihad,DXB,NRT,7900,4,Mon,16,5.47,False,0,0,187,350,0.534,2828.32
Singapore Airlines,DXB,CDG,5200,3,Wed,23,6.33,False,0,0,210,350,0.601,2582.61
Qatar Airways,DXB,JNB,6400,9,Fri,19,3.71,False,0,0,261,350,0.748,3086.35
Qatar Airways,DXB,FRA,4800,7,Fri,12,3.54,True,1,23,272,350,0.778,2877.99
Emirates,DXB,NRT,7900,2,Sat,9,5.89,False,0,0,271,350,0.776,3405.24
Singapore Airlines,DXB,BOM,1900,8,Tue,16,5.5,False,1,17,258,350,0.74,2318.47
Turkish Airlines,DXB,SYD,12000,6,Sat,7,5.91,True,1,78,311,350,0.89,4435.71
Qatar Airways,DXB,JNB,6400,8,Sat,10,5.99,False,1,15,286,350,0.82,3245.11
Singapore Airlines,DXB,LHR,5500,8,Wed,3,6.05,False,0,0,264,350,0.756,2951.89
British Airways,DXB,SYD,12000,1,Fri,7,3.98,True,0,0,307,350,0.879,4404.09
British Airways,DXB,BKK,4900,4,Sun,13,6.12,False,0,0,269,350,0.77,2879.2
Emirates,DXB,CDG,5200,10,Tue,20,5.88,False,0,0,143,350,0.41,2187.85
Singapore Airlines,DXB,SIN,5900,12,Fri,2,9.1,True,1,67,288,350,0.825,3168.85
British Airways,DXB,SIN,5900,12,Tue,6,3.67,True,0,0,329,350,0.94,3415.32
Etihad,DXB,SIN,5900,11,Thu,4,7.51,False,0,0,242,350,0.693,2884.66
Emirates,DXB,BKK,4900,10,Sun,16,8.28,False,0,0,237,350,0.679,2695.49
Qatar Airways,DXB,BOM,1900,1,Sun,12,3.2,True,1,39,307,350,0.879,2550.06
Emirates,DXB,NRT,7900,6,Thu,0,6.32,True,0,0,262,350,0.75,3343.15
Emirates,DXB,JNB,6400,5,Sat,17,4.32,False,0,0,294,350,0.84,3289.99
British Airways,DXB,JFK,11000,12,Wed,4,4.3,True,0,0,333,350,0.952,4420.72
Qatar Airways,DXB,JNB,6400,12,Sun,11,4.6,True,0,0,306,350,0.877,3371.35
Emirates,DXB,JFK,11000,9,Thu,18,5.17,False,0,0,222,350,0.637,3552.06
Turkish Airlines,DXB,SIN,5900,9,Thu,22,5.01,False,0,0,221,350,0.632,2754.52
Etihad,DXB,FRA,4800,6,Wed,4,4.56,True,0,0,295,350,0.844,3010.93
British Airways,DXB,JFK,11000,6,Sun,7,3.86,True,0,0,329,350,0.94,4389.69
Singapore Airlines,DXB,SYD,12000,5,Mon,14,7.19,False,0,0,232,350,0.666,3788.66
Turkish Airlines,DXB,NRT,7900,2,Mon,0,4.02,False,0,0,235,350,0.673,3159.03
Emirates,DXB,CDG,5200,8,Sun,17,6.53,False,0,0,280,350,0.8,2993.47
Qatar Airways,DXB,JFK,11000,11,Sat,2,8.43,False,0,0,226,350,0.647,3579.96
Emirates,DXB,FRA,4800,2,Fri,6,4.76,False,0,0,305,350,0.873,3071.22
Emirates,DXB,BKK,4900,1,Wed,9,4.25,True,0,0,265,350,0.758,2856.33
British Airways,DXB,NRT,7900,4,Mon,13,9.07,False,0,0,229,350,0.655,3116.94
Emirates,DXB,CDG,5200,6,Tue,21,5.55,True,0,0,350,350,1.0,3405.6
Turkish Airlines,DXB,JFK,11000,11,Thu,2,6.39,False,0,0,144,350,0.413,2933.18
Emirates,DXB,SYD,12000,9,Wed,22,4.69,False,0,0,237,350,0.68,3829.72
Emirates,DXB,JNB,6400,6,Tue,16,4.23,True,0,0,303,350,0.867,3350.2
Emirates,DXB,SYD,12000,1,Fri,20,6.43,True,0,0,350,350,1.0,4752.0
Emirates,DXB,SIN,5900,10,Sun,2,5.22,False,0,0,274,350,0.783,3078.11
Singapore Airlines,DXB,BKK,4900,10,Sun,20,6.74,False,0,0,214,350,0.614,2563.71
Emirates,DXB,LHR,5500,3,Fri,9,6.97,False,0,0,254,350,0.728,2893.65
Emirates,DXB,FRA,4800,6,Mon,17,4.92,True,1,85,263,350,0.753,2828.27
Singapore Airlines,DXB,CDG,5200,11,Sat,20,7.54,False,0,0,258,350,0.739,2866.22
Turkish Airlines,DXB,SIN,5900,3,Fri,23,10.0,False,0,0,224,350,0.642,2775.1
Emirates,DXB,JNB,6400,1,Wed,5,6.83,True,0,0,267,350,0.765,3124.45
Emirates,DXB,SYD,12000,9,Fri,9,5.14,False,0,0,265,350,0.76,4060.43
Etihad,DXB,SIN,5900,9,Tue,16,6.09,False,0,0,263,350,0.752,3012.17
Etihad,DXB,FRA,4800,7,Sun,6,4.12,True,0,0,350,350,1.0,3326.4
Qatar Airways,DXB,JFK,11000,6,Tue,9,7.2,True,0,0,238,350,0.681,3673.27
Emirates,DXB,BKK,4900,6,Fri,19,1.91,True,0,0,350,350,1.0,3346.2
Singapore Airlines,DXB,JNB,6400,9,Tue,12,2.16,False,0,0,172,350,0.491,2520.28
Singapore Airlines,DXB,BKK,4900,5,Sat,21,1.7,False,0,0,308,350,0.882,3107.39
British Airways,DXB,FRA,4800,1,Sun,19,4.1,True,0,0,293,350,0.838,3000.33
Turkish Airlines,DXB,BKK,4900,8,Fri,4,6.52,False,0,0,206,350,0.589,2513.46
Singapore Airlines,DXB,SIN,5900,12,Fri,7,6.1,True,0,0,350,350,1.0,3544.2
Qatar Airways,DXB,SYD,12000,3,Mon,9,6.32,False,0,0,105,350,0.302,2740.75
Emirates,DXB,BOM,1900,6,Sat,14,7.25,True,0,0,322,350,0.921,2619.93
Emirates,DXB,LHR,5500,8,Mon,8,5.4,False,0,0,230,350,0.658,2746.05
Emirates,DXB,BKK,4900,6,Fri,16,3.76,True,1,47,341,350,0.977,3299.6
Emirates,DXB,FRA,4800,1,Wed,7,5.98,True,0,0,347,350,0.993,3313.28
Etihad,DXB,LHR,5500,6,Sat,21,7.02,True,0,0,350,350,1.0,3465.0
Turkish Airlines,DXB,SIN,5900,10,Wed,22,6.45,False,0,0,296,350,0.847,3215.78
Emirates,DXB,JFK,11000,1,Sat,21,5.5,True,1,16,311,350,0.891,4253.16
Emirates,DXB,LHR,5500,7,Mon,10,5.24,True,0,0,317,350,0.908,3272.24
British Airways,DXB,BKK,4900,6,Thu,6,5.69,True,0,0,241,350,0.689,2715.42
Emirates,DXB,SYD,12000,1,Wed,9,5.25,True,0,0,296,350,0.846,4309.62
Emirates,DXB,NRT,7900,1,Wed,17,5.86,True,0,0,293,350,0.84,3556.99
Emirates,DXB,CDG,5200,12,Tue,19,3.79,True,1,15,221,350,0.634,2649.61
Singapore Airlines,DXB,FRA,4800,6,Sat,4,4.56,True,0,0,324,350,0.927,3179.7
Etihad,DXB,FRA,4800,2,Mon,7,3.02,False,1,83,243,350,0.696,2714.13
Emirates,DXB,JFK,11000,5,Fri,22,6.36,False,0,0,277,350,0.792,3979.95
British Airways,DXB,SYD,12000,9,Fri,22,6.9,False,0,0,203,350,0.581,3544.08
Singapore Airlines,DXB,SIN,5900,9,Thu,8,5.39,False,1,45,164,350,0.469,2403.35
Etihad,DXB,CDG,5200,10,Mon,7,6.48,False,0,0,287,350,0.821,3037.05
Emirates,DXB,BOM,1900,8,Thu,14,5.49,False,0,0,211,350,0.605,2093.83
Singapore Airlines,DXB,SIN,5900,5,Fri,2,2.87,False,1,77,219,350,0.627,2743.23
Emirates,DXB,SYD,12000,6,Mon,20,4.56,True,0,0,324,350,0.926,4539.21
Qatar Airways,DXB,CDG,5200,2,Mon,0,5.13,False,0,0,230,350,0.659,2701.12
Qatar Airways,DXB,SYD,12000,11,Mon,9,7.2,False,0,0,233,350,0.668,3795.64
Qatar Airways,DXB,LHR,5500,5,Sun,13,6.14,False,0,0,220,350,0.629,2686.84
Etihad,DXB,JFK,11000,2,Thu,14,4.6,False,1,21,242,350,0.693,3706.12
Emirates,DXB,JFK,11000,1,Mon,17,5.25,True,0,0,295,350,0.844,4124.34
Emirates,DXB,CDG,5200,1,Tue,4,6.31,True,1,62,350,350,1.0,3405.6
Emirates,DXB,SIN,5900,4,Fri,9,4.93,False,1,31,193,350,0.554,2586.49
Emirates,DXB,NRT,7900,4,Sun,12,6.33,False,0,0,242,350,0.692,3205.07
Qatar Airways,DXB,SIN,5900,7,Tue,19,5.44,True,0,0,314,350,0.897,3323.78
Singapore Airlines,DXB,BKK,4900,4,Sat,0,3.27,False,0,0,211,350,0.605,2545.67
Emirates,DXB,SIN,5900,11,Sun,21,6.48,False,0,0,315,350,0.902,3334.65
Emirates,DXB,FRA,4800,4,Thu,19,4.82,False,0,0,217,350,0.622,2564.63
Singapore Airlines,DXB,BOM,1900,3,Sat,3,4.95,False,0,0,173,350,0.496,1910.71
Etihad,DXB,JFK,11000,7,Sat,17,3.76,True,0,0,350,350,1.0,4554.0
Emirates,DXB,BOM,1900,5,Tue,18,7.86,False,0,0,234,350,0.669,2199.41
Qatar Airways,DXB,BKK,4900,2,Mon,19,6.7,False,0,0,246,350,0.704,2744.94
British Airways,DXB,FRA,4800,12,Fri,1,5.17,True,0,0,324,350,0.926,3178.08
Turkish Airlines,DXB,SYD,12000,10,Wed,4,7.09,False,0,0,175,350,0.503,3319.66
Etihad,DXB,SIN,5900,2,Fri,22,6.24,False,0,0,267,350,0.764,3037.17
Etihad,DXB,SIN,5900,4,Sun,12,6.73,False,0,0,256,350,0.734,2972.9
Qatar Airways,DXB,FRA,4800,9,Thu,4,4.32,False,0,0,234,350,0.669,2658.6
Emirates,DXB,SIN,5900,5,Sun,12,4.46,False,0,0,246,350,0.704,2908.46
Etihad,DXB,CDG,5200,12,Sat,4,4.05,True,0,0,350,350,1.0,3405.6
Emirates,DXB,FRA,4800,8,Thu,8,3.48,False,1,31,230,350,0.658,2636.95
Qatar Airways,DXB,SIN,5900,9,Fri,10,6.51,False,0,0,221,350,0.632,2754.74
Etihad,DXB,LHR,5500,3,Wed,13,8.09,False,0,0,265,350,0.758,2956.52
Qatar Airways,DXB,BOM,1900,11,Mon,7,4.42,False,0,0,271,350,0.776,2377.96
Qatar Airways,DXB,SYD,12000,10,Fri,18,8.03,False,0,0,278,350,0.796,4163.7
Emirates,DXB,JNB,6400,8,Wed,23,3.27,False,0,0,257,350,0.737,3062.19
Etihad,DXB,NRT,7900,2,Tue,17,7.62,False,0,0,140,350,0.403,2514.15
Emirates,DXB,SYD,12000,6,Thu,3,4.56,True,0,0,257,350,0.736,3991.54
Qatar Airways,DXB,BKK,4900,6,Thu,10,6.33,True,1,48,340,350,0.973,3292.18
Singapore Airlines,DXB,SIN,5900,7,Mon,11,6.34,True,0,0,350,350,1.0,3544.2
Etihad,DXB,BKK,4900,6,Sun,8,8.71,True,0,0,303,350,0.867,3077.2
Emirates,DXB,NRT,7900,11,Fri,19,9.66,False,0,0,268,350,0.767,3383.62
British Airways,DXB,JNB,6400,7,Fri,8,5.57,True,0,0,327,350,0.936,3502.99
Emirates,DXB,LHR,5500,5,Tue,17,5.89,False,0,0,209,350,0.599,2622.55
Emirates,DXB,FRA,4800,8,Fri,0,2.52,False,0,0,256,350,0.734,2790.39
British Airways,DXB,FRA,4800,8,Fri,10,2.0,False,1,78,225,350,0.645,2611.45
Emirates,DXB,LHR,5500,5,Tue,5,6.47,False,0,0,213,350,0.611,2648.23
British Airways,DXB,JNB,6400,8,Fri,20,6.24,False,0,0,217,350,0.62,2804.33
Etihad,DXB,CDG,5200,1,Thu,21,3.39,True,1,40,316,350,0.905,3209.52
Qatar Airways,DXB,NRT,7900,6,Thu,8,6.15,True,0,0,350,350,1.0,3940.2
Singapore Airlines,DXB,NRT,7900,12,Wed,18,2.44,True,1,72,294,350,0.84,3558.18
Emirates,DXB,JFK,11000,3,Wed,13,4.48,False,0,0,191,350,0.548,3305.18
Etihad,DXB,NRT,7900,6,Mon,18,5.06,True,0,0,268,350,0.768,3385.41
Singapore Airlines,DXB,BOM,1900,5,Thu,11,5.41,False,1,90,251,350,0.718,2281.72
Singapore Airlines,DXB,NRT,7900,2,Wed,23,6.64,False,0,0,165,350,0.473,2682.29
Emirates,DXB,SYD,12000,2,Sun,23,7.29,False,0,0,270,350,0.774,4101.4
Qatar Airways,DXB,JNB,6400,8,Sat,6,4.34,False,0,0,208,350,0.596,2751.23
Emirates,DXB,BKK,4900,3,Sun,4,8.48,False,0,0,274,350,0.785,2910.39
Singapore Airlines,DXB,JNB,6400,2,Mon,3,3.15,False,0,0,305,350,0.873,3361.75
Singapore Airlines,DXB,JNB,6400,3,Thu,19,6.74,False,0,0,243,350,0.695,2969.1
British Airways,DXB,SYD,12000,6,Sat,21,1.31,True,0,0,284,350,0.812,4211.45
Turkish Airlines,DXB,FRA,4800,7,Fri,23,6.01,True,0,0,338,350,0.967,3259.09
Emirates,DXB,SIN,5900,1,Sun,16,1.85,True,0,0,297,350,0.849,3220.23
Emirates,DXB,SIN,5900,6,Fri,6,5.84,True,1,44,320,350,0.917,3366.15
British Airways,DXB,SYD,12000,10,Mon,0,7.22,False,0,0,213,350,0.61,3628.54
Singapore Airlines,DXB,FRA,4800,11,Fri,5,6.9,False,0,0,214,350,0.612,2544.16
Qatar Airways,DXB,FRA,4800,4,Mon,4,6.95,False,0,0,232,350,0.664,2649.96
Etihad,DXB,FRA,4800,1,Sat,19,3.71,True,1,56,306,350,0.877,3077.51
Emirates,DXB,SYD,12000,6,Fri,11,2.84,True,1,159,337,350,0.964,4648.49
Etihad,DXB,NRT,7900,1,Sun,18,3.25,True,0,0,319,350,0.912,3730.01
Emirates,DXB,LHR,5500,7,Fri,17,3.99,True,1,64,350,350,1.0,3465.0
Emirates,DXB,CDG,5200,6,Sun,6,4.13,True,0,0,350,350,1.0,3405.6
Emirates,DXB,JNB,6400,5,Tue,18,7.29,False,0,0,199,350,0.57,2694.74
Singapore Airlines,DXB,BOM,1900,9,Mon,0,8.0,False,0,0,183,350,0.523,1957.36
Qatar Airways,DXB,JFK,11000,4,Tue,13,6.06,False,0,0,349,350,1.0,4553.15
Emirates,DXB,NRT,7900,9,Sun,1,5.35,False,0,0,344,350,0.984,3902.03
Turkish Airlines,DXB,JFK,11000,4,Tue,0,9.18,False,0,0,306,350,0.876,4210.91
Singapore Airlines,DXB,CDG,5200,4,Mon,15,3.34,False,0,0,227,350,0.65,2682.24
Emirates,DXB,CDG,5200,5,Sat,20,4.84,False,0,0,283,350,0.811,3014.83
Etihad,DXB,BKK,4900,11,Thu,23,8.5,False,0,0,234,350,0.67,2677.79
Qatar Airways,DXB,CDG,5200,8,Wed,4,3.5,False,0,0,186,350,0.532,2438.89
Emirates,DXB,CDG,5200,12,Sun,11,5.43,True,0,0,244,350,0.698,2781.67
Singapore Airlines,DXB,BKK,4900,6,Sat,20,4.17,True,0,0,247,350,0.708,2753.4
Emirates,DXB,LHR,5500,10,Sun,19,3.41,False,1,17,326,350,0.934,3325.45
Emirates,DXB,BKK,4900,2,Sun,22,7.43,False,0,0,233,350,0.668,2672.13
Emirates,DXB,LHR,5500,9,Sat,13,5.49,False,0,0,216,350,0.62,2666.43
Emirates,DXB,SIN,5900,9,Thu,2,5.68,False,0,0,218,350,0.623,2735.09
Emirates,DXB,JNB,6400,9,Sun,5,6.14,False,0,0,243,350,0.697,2974.48
Emirates,DXB,SYD,12000,10,Sat,21,7.89,False,0,0,248,350,0.711,3920.34
Singapore Airlines,DXB,NRT,7900,9,Sun,15,5.4,False,0,0,201,350,0.576,2927.54
British Airways,DXB,SIN,5900,9,Mon,13,5.21,False,0,0,277,350,0.793,3099.04
Turkish Airlines,DXB,NRT,7900,2,Wed,6,5.81,False,0,0,308,350,0.882,3659.26
Emirates,DXB,NRT,7900,2,Sun,0,3.28,False,0,0,291,350,0.833,3541.48
Emirates,DXB,BOM,1900,7,Mon,2,1.47,True,0,0,350,350,1.0,2752.2
Singapore Airlines,DXB,FRA,4800,11,Thu,8,9.83,False,0,0,186,350,0.534,2387.3
Qatar Airways,DXB,NRT,7900,5,Tue,7,5.15,False,0,0,205,350,0.587,2954.7
Emirates,DXB,BKK,4900,5,Mon,21,4.02,False,0,0,265,350,0.76,2859.17
Turkish Airlines,DXB,NRT,7900,5,Tue,14,6.7,False,1,65,314,350,0.897,3694.83
Etihad,DXB,BOM,1900,1,Tue,17,5.21,True,1,62,318,350,0.91,2601.7
Singapore Airlines,DXB,BKK,4900,7,Thu,18,6.32,True,0,0,274,350,0.784,2907.79
Emirates,DXB,CDG,5200,6,Mon,22,4.21,True,0,0,250,350,0.715,2816.79
Emirates,DXB,JNB,6400,2,Mon,12,4.77,False,0,0,210,350,0.601,2762.76
Emirates,DXB,JFK,11000,4,Sat,20,8.11,False,0,0,295,350,0.845,4125.23
Etihad,DXB,SYD,12000,3,Sun,12,6.23,False,0,0,230,350,0.658,3766.69
Emirates,DXB,JNB,6400,1,Tue,12,2.98,True,0,0,309,350,0.886,3390.62
British Airways,DXB,FRA,4800,7,Tue,2,5.13,True,0,0,266,350,0.762,2847.2
Emirates,DXB,JFK,11000,2,Sun,11,5.91,False,0,0,210,350,0.601,3453.2
Qatar Airways,DXB,JFK,11000,5,Sun,0,3.81,False,0,0,193,350,0.553,3320.92
Emirates,DXB,JFK,11000,10,Mon,22,7.82,False,0,0,236,350,0.677,3661.61
Emirates,DXB,LHR,5500,6,Tue,21,5.18,True,0,0,249,350,0.714,2864.76
Qatar Airways,DXB,NRT,7900,1,Fri,12,6.33,True,0,0,328,350,0.94,3796.16
Qatar Airways,DXB,JFK,11000,7,Wed,12,6.63,True,0,0,282,350,0.807,4021.0
British Airways,DXB,SIN,5900,3,Wed,22,6.59,False,0,0,148,350,0.426,2310.46
Emirates,DXB,LHR,5500,8,Tue,12,6.8,False,0,0,228,350,0.652,2733.61
Turkish Airlines,DXB,CDG,5200,11,Wed,8,5.1,False,0,0,158,350,0.452,2274.18
Emirates,DXB,BKK,4900,2,Mon,2,3.84,False,0,0,282,350,0.806,2953.45
Emirates,DXB,LHR,5500,7,Tue,14,5.33,True,1,22,327,350,0.935,3328.7
Singapore Airlines,DXB,NRT,7900,11,Mon,8,6.94,False,0,0,206,350,0.59,2960.55
British Airways,DXB,JFK,11000,1,Thu,20,4.79,True,0,0,336,350,0.961,4445.96
Etihad,DXB,SYD,12000,10,Thu,17,8.86,False,0,0,216,350,0.619,3655.29
British Airways,DXB,JNB,6400,8,Mon,16,6.58,False,0,0,267,350,0.763,3120.53
Emirates,DXB,LHR,5500,6,Wed,6,4.36,True,0,0,350,350,1.0,3465.0
Emirates,DXB,CDG,5200,6,Thu,14,4.6,True,0,0,267,350,0.765,2920.45
Emirates,DXB,JNB,6400,3,Wed,7,6.13,False,0,0,191,350,0.546,2640.48
British Airways,DXB,NRT,7900,12,Sat,17,3.55,True,1,71,304,350,0.869,3626.38
Emirates,DXB,NRT,7900,2,Thu,12,3.11,False,0,0,164,350,0.471,2677.22
Singapore Airlines,DXB,JNB,6400,8,Sun,18,4.46,False,1,93,323,350,0.923,3473.1
Qatar Airways,DXB,NRT,7900,9,Fri,7,3.94,False,0,0,244,350,0.699,3220.76
Emirates,DXB,CDG,5200,1,Fri,15,7.31,True,0,0,350,350,1.0,3405.6
Turkish Airlines,DXB,BKK,4900,5,Fri,20,5.74,False,0,0,207,350,0.594,2523.38
Emirates,DXB,JFK,11000,9,Sun,12,6.35,False,0,0,303,350,0.866,4185.35
British Airways,DXB,NRT,7900,10,Thu,9,6.99,False,0,0,200,350,0.572,2917.36
Emirates,DXB,CDG,5200,8,Sun,12,5.15,False,1,39,172,350,0.494,2360.42
British Airways,DXB,JNB,6400,9,Tue,5,6.56,False,0,0,208,350,0.596,2751.44
Emirates,DXB,JNB,6400,12,Tue,7,7.19,True,0,0,199,350,0.57,2694.05
Etihad,DXB,JFK,11000,2,Fri,20,3.44,False,0,0,219,350,0.626,3521.23
Etihad,DXB,JFK,11000,4,Thu,12,8.91,False,0,0,261,350,0.748,3858.25
Qatar Airways,DXB,FRA,4800,10,Thu,1,7.06,False,0,0,221,350,0.632,2584.02
Qatar Airways,DXB,LHR,5500,7,Tue,5,6.93,True,0,0,325,350,0.929,3315.41
Emirates,DXB,NRT,7900,10,Sat,11,8.34,False,0,0,241,350,0.69,3199.31
British Airways,DXB,SIN,5900,2,Tue,22,6.81,False,1,72,137,350,0.392,2238.76
Qatar Airways,DXB,LHR,5500,2,Sun,8,3.18,False,0,0,315,350,0.901,3257.92
Emirates,DXB,BOM,1900,2,Sun,16,4.84,False,0,0,261,350,0.746,2328.43
Emirates,DXB,BKK,4900,5,Mon,0,5.13,False,0,0,302,350,0.863,3068.93
Etihad,DXB,SIN,5900,12,Fri,1,6.44,True,0,0,283,350,0.81,3136.68
Singapore Airlines,DXB,JFK,11000,10,Sun,13,5.92,False,1,30,242,350,0.692,3704.12
Qatar Airways,DXB,CDG,5200,1,Fri,7,5.75,True,0,0,342,350,0.977,3358.66
Etihad,DXB,NRT,7900,5,Wed,5,6.72,False,0,0,246,350,0.704,3234.54
Singapore Airlines,DXB,FRA,4800,12,Thu,6,8.59,True,0,0,292,350,0.835,2994.19
British Airways,DXB,JNB,6400,4,Mon,7,6.44,False,0,0,230,350,0.659,2890.41
British Airways,DXB,SIN,5900,8,Mon,17,6.82,False,0,0,231,350,0.663,2819.66
Etihad,DXB,BOM,1900,7,Tue,23,2.92,True,1,53,298,350,0.852,2505.2
Emirates,DXB,JNB,6400,3,Tue,5,7.19,False,1,49,219,350,0.628,2822.29
British Airways,DXB,CDG,5200,3,Mon,6,9.94,False,0,0,199,350,0.569,2515.59
Singapore Airlines,DXB,BKK,4900,9,Mon,11,5.9,False,1,69,250,350,0.715,2768.47
Emirates,DXB,BOM,1900,8,Wed,3,6.12,False,0,0,312,350,0.893,2572.94
Turkish Airlines,DXB,CDG,5200,7,Thu,5,6.02,True,0,0,297,350,0.849,3094.1
British Airways,DXB,BOM,1900,11,Tue,7,6.81,False,0,0,236,350,0.677,2213.0
Etihad,DXB,SYD,12000,10,Sat,15,7.27,False,0,0,302,350,0.865,4361.87
Singapore Airlines,DXB,SYD,12000,12,Wed,11,4.97,True,0,0,303,350,0.868,4370.65
Turkish Airlines,DXB,SIN,5900,7,Sat,4,4.55,True,0,0,350,350,1.0,3544.2
Emirates,DXB,NRT,7900,9,Sat,17,6.16,False,0,0,269,350,0.769,3388.36
Emirates,DXB,LHR,5500,3,Sat,2,5.81,False,0,0,242,350,0.693,2819.85
British Airways,DXB,CDG,5200,9,Wed,22,5.43,False,0,0,183,350,0.524,2422.85
Emirates,DXB,NRT,7900,4,Mon,20,5.69,False,0,0,274,350,0.785,3427.81
Singapore Airlines,DXB,LHR,5500,2,Sun,23,7.31,False,0,0,224,350,0.642,2713.19
Emirates,DXB,FRA,4800,12,Wed,11,4.71,True,1,65,214,350,0.613,2545.39
Emirates,DXB,JFK,11000,4,Tue,13,6.35,False,1,110,165,350,0.473,3098.49
Etihad,DXB,CDG,5200,6,Wed,2,4.81,True,0,0,238,350,0.681,2746.71
Emirates,DXB,SIN,5900,3,Sat,1,8.04,False,0,0,241,350,0.689,2875.72
British Airways,DXB,JFK,11000,5,Thu,11,2.95,False,0,0,198,350,0.567,3358.45
Emirates,DXB,NRT,7900,4,Sat,6,7.97,False,0,0,300,350,0.859,3603.4
Emirates,DXB,JNB,6400,6,Mon,2,5.15,True,0,0,335,350,0.96,3553.78
British Airways,DXB,NRT,7900,5,Wed,12,8.27,False,0,0,212,350,0.606,2999.49
Qatar Airways,DXB,JFK,11000,12,Wed,1,5.06,True,0,0,298,350,0.852,4145.1
Singapore Airlines,DXB,LHR,5500,9,Thu,23,3.13,False,0,0,158,350,0.454,2318.97
Emirates,DXB,FRA,4800,1,Sat,12,9.24,True,0,0,350,350,1.0,3326.4
Emirates,DXB,SIN,5900,8,Fri,13,3.56,False,0,0,267,350,0.766,3040.93
Emirates,DXB,SYD,12000,10,Tue,10,6.6,False,0,0,232,350,0.664,3784.89
Emirates,DXB,JFK,11000,7,Tue,23,6.69,True,0,0,295,350,0.845,4126.17
Etihad,DXB,NRT,7900,2,Wed,5,4.17,False,0,0,272,350,0.779,3411.32
Singapore Airlines,DXB,SIN,5900,12,Mon,10,0.0,True,0,0,294,350,0.84,3201.02
Qatar Airways,DXB,FRA,4800,6,Mon,14,4.41,True,0,0,350,350,1.0,3326.4
Singapore Airlines,DXB,BOM,1900,1,Wed,5,3.43,True,1,118,269,350,0.77,2368.17
Emirates,DXB,LHR,5500,5,Fri,21,5.06,False,0,0,201,350,0.576,2574.35
Emirates,DXB,BOM,1900,8,Mon,13,3.76,False,1,94,252,350,0.721,2286.81
Emirates,DXB,JFK,11000,11,Tue,22,7.35,False,0,0,201,350,0.575,3381.39
Emirates,DXB,NRT,7900,6,Thu,11,6.74,True,0,0,335,350,0.958,3840.28
Emirates,DXB,JFK,11000,3,Sat,0,5.73,False,1,18,237,350,0.678,3664.37
Emirates,DXB,NRT,7900,7,Sun,0,3.97,True,1,85,324,350,0.927,3764.94
Etihad,DXB,SIN,5900,8,Sat,4,3.77,False,0,0,319,350,0.913,3358.21
Singapore Airlines,DXB,SYD,12000,12,Mon,10,4.79,True,0,0,324,350,0.928,4544.43
Singapore Airlines,DXB,JFK,11000,3,Wed,5,5.54,False,0,0,189,350,0.543,3291.5
British Airways,DXB,SIN,5900,11,Mon,20,5.39,False,0,0,262,350,0.75,3006.93
Qatar Airways,DXB,JFK,11000,7,Sun,12,5.12,True,1,89,345,350,0.987,4517.57
Singapore Airlines,DXB,BOM,1900,6,Sun,14,2.5,True,1,31,350,350,1.0,2752.2
Etihad,DXB,CDG,5200,10,Thu,7,6.88,False,0,0,264,350,0.756,2903.0
Singapore Airlines,DXB,CDG,5200,10,Thu,3,10.0,False,0,0,220,350,0.63,2642.16
Emirates,DXB,BOM,1900,4,Fri,15,9.33,False,0,0,187,350,0.536,1978.91
Etihad,DXB,SYD,12000,6,Thu,22,9.17,True,0,0,330,350,0.945,4594.84
Etihad,DXB,FRA,4800,11,Mon,18,6.58,False,0,0,224,350,0.641,2603.58
Singapore Airlines,DXB,JNB,6400,5,Wed,14,5.37,False,1,19,182,350,0.522,2586.81
Emirates,DXB,LHR,5500,4,Mon,7,7.1,False,0,0,272,350,0.777,2997.67
Emirates,DXB,JNB,6400,10,Wed,22,7.01,False,0,0,139,350,0.4,2318.05
Turkish Airlines,DXB,CDG,5200,8,Sun,12,6.27,False,0,0,268,350,0.768,2926.61
Emirates,DXB,LHR,5500,11,Tue,10,7.52,False,0,0,233,350,0.666,2763.64
Etihad,DXB,FRA,4800,8,Fri,9,5.36,False,0,0,280,350,0.801,2924.31
Emirates,DXB,NRT,7900,1,Sat,15,5.38,True,0,0,341,350,0.977,3884.48
Etihad,DXB,NRT,7900,2,Sun,8,6.13,False,0,0,230,350,0.659,3126.91
Singapore Airlines,DXB,NRT,7900,8,Wed,1,7.92,False,0,0,234,350,0.67,3151.98
British Airways,DXB,CDG,5200,7,Thu,16,7.5,True,0,0,289,350,0.829,3051.74
British Airways,DXB,SIN,5900,5,Sun,15,4.56,False,0,0,224,350,0.641,2772.46
Qatar Airways,DXB,CDG,5200,5,Sun,4,5.04,False,0,0,252,350,0.72,2828.67
British Airways,DXB,BOM,1900,7,Tue,18,6.69,True,0,0,233,350,0.666,2195.01
Turkish Airlines,DXB,SIN,5900,11,Tue,10,9.04,False,0,0,173,350,0.496,2462.06
Emirates,DXB,FRA,4800,8,Tue,6,5.58,False,0,0,213,350,0.609,2538.66
Emirates,DXB,LHR,5500,5,Sun,7,4.31,False,0,0,264,350,0.757,2954.8
Qatar Airways,DXB,NRT,7900,8,Sun,10,6.05,False,0,0,260,350,0.745,3331.34
Singapore Airlines,DXB,LHR,5500,10,Thu,14,4.84,False,0,0,231,350,0.662,2755.09
Singapore Airlines,DXB,BKK,4900,2,Mon,18,5.62,False,0,0,174,350,0.498,2328.04
Emirates,DXB,NRT,7900,3,Fri,15,7.27,False,0,0,306,350,0.877,3646.38
British Airways,DXB,FRA,4800,8,Sat,0,3.11,False,0,0,271,350,0.775,2873.6
Singapore Airlines,DXB,BKK,4900,5,Tue,9,5.74,False,0,0,216,350,0.619,2573.76
Emirates,DXB,JFK,11000,7,Tue,0,4.7,True,0,0,328,350,0.939,4386.59
Qatar Airways,DXB,SYD,12000,2,Fri,12,4.69,False,0,0,270,350,0.772,4095.99
Emirates,DXB,BOM,1900,7,Sat,10,5.46,True,0,0,311,350,0.889,2567.59
Etihad,DXB,SYD,12000,6,Thu,9,6.91,True,1,27,283,350,0.811,4206.96
Qatar Airways,DXB,CDG,5200,9,Thu,4,5.99,False,0,0,122,350,0.35,2064.13
Emirates,DXB,NRT,7900,9,Sat,8,4.17,False,0,0,211,350,0.603,2992.22
Emirates,DXB,FRA,4800,5,Sat,14,3.23,False,0,0,321,350,0.917,3160.04
Qatar Airways,DXB,CDG,5200,5,Sat,14,8.12,False,0,0,236,350,0.675,2734.12
Singapore Airlines,DXB,NRT,7900,2,Thu,18,7.44,False,1,164,220,350,0.63,3056.47
Emirates,DXB,LHR,5500,6,Fri,11,5.44,True,0,0,350,350,1.0,3465.0
Singapore Airlines,DXB,BKK,4900,4,Mon,2,9.29,False,0,0,170,350,0.486,2303.31
Qatar Airways,DXB,JNB,6400,3,Sat,9,8.27,False,0,0,216,350,0.617,2798.04
Emirates,DXB,LHR,5500,5,Thu,23,2.16,False,0,0,249,350,0.714,2864.48
Etihad,DXB,JNB,6400,1,Mon,1,6.59,True,0,0,335,350,0.958,3550.35
Emirates,DXB,SYD,12000,4,Sat,22,4.64,False,0,0,272,350,0.777,4110.83
Emirates,DXB,SIN,5900,4,Sat,5,5.56,False,0,0,205,350,0.588,2659.57
Emirates,DXB,CDG,5200,2,Mon,10,4.8,False,0,0,183,350,0.524,2422.13
Emirates,DXB,BKK,4900,8,Sun,16,4.95,False,0,0,192,350,0.549,2432.44
Qatar Airways,DXB,LHR,5500,8,Tue,12,3.34,False,0,0,179,350,0.513,2441.92
British Airways,DXB,BKK,4900,3,Sat,3,7.5,False,0,0,332,350,0.951,3246.4
Qatar Airways,DXB,SYD,12000,11,Fri,14,6.84,False,0,0,250,350,0.716,3935.35
Singapore Airlines,DXB,JNB,6400,10,Mon,22,7.99,False,1,57,248,350,0.711,3005.6
Singapore Airlines,DXB,SYD,12000,1,Sun,19,5.4,True,0,0,303,350,0.868,4372.44
Etihad,DXB,SYD,12000,1,Wed,9,3.67,True,0,0,282,350,0.806,4194.46
Singapore Airlines,DXB,FRA,4800,6,Wed,8,6.24,True,0,0,224,350,0.643,2606.39
Emirates,DXB,BKK,4900,4,Wed,7,6.48,False,0,0,263,350,0.752,2843.17
Etihad,DXB,SYD,12000,8,Sun,3,6.36,False,0,0,194,350,0.556,3472.65
Emirates,DXB,NRT,7900,4,Wed,2,7.37,False,0,0,197,350,0.566,2902.91
Emirates,DXB,JNB,6400,1,Thu,21,5.75,True,0,0,318,350,0.909,3443.19
Etihad,DXB,SYD,12000,9,Sat,22,3.31,False,0,0,258,350,0.739,4000.63
Qatar Airways,DXB,JNB,6400,1,Fri,16,5.39,True,0,0,350,350,1.0,3643.2
British Airways,DXB,CDG,5200,6,Wed,20,3.58,True,1,133,325,350,0.929,3258.45
Turkish Airlines,DXB,BKK,4900,10,Wed,7,6.86,False,0,0,270,350,0.772,2884.75
Turkish Airlines,DXB,CDG,5200,12,Mon,2,4.8,True,0,0,260,350,0.743,2875.98
Emirates,DXB,NRT,7900,9,Thu,2,4.9,False,0,0,276,350,0.79,3437.63
Singapore Airlines,DXB,JNB,6400,12,Thu,5,4.8,True,0,0,263,350,0.754,3099.02
Etihad,DXB,BKK,4900,1,Wed,22,5.5,True,0,0,283,350,0.81,2960.8
Etihad,DXB,NRT,7900,9,Thu,21,5.96,False,0,0,250,350,0.715,3258.57
British Airways,DXB,JNB,6400,10,Mon,16,7.42,False,0,0,261,350,0.747,3084.75
British Airways,DXB,JFK,11000,2,Wed,14,5.57,False,0,0,248,350,0.709,3749.75
Singapore Airlines,DXB,CDG,5200,7,Sun,0,6.06,True,1,15,350,350,1.0,3405.6
Qatar Airways,DXB,NRT,7900,5,Wed,18,4.01,False,0,0,237,350,0.679,3172.57
Etihad,DXB,JNB,6400,11,Sat,9,7.51,False,0,0,286,350,0.818,3241.28
Qatar Airways,DXB,JFK,11000,8,Sun,10,5.63,False,0,0,263,350,0.752,3869.75
Emirates,DXB,BKK,4900,5,Tue,3,5.11,False,0,0,230,350,0.658,2652.93
Singapore Airlines,DXB,JNB,6400,6,Sun,17,3.82,True,1,53,281,350,0.803,3208.33
Turkish Airlines,DXB,CDG,5200,8,Tue,14,3.51,False,0,0,204,350,0.584,2547.16
Turkish Airlines,DXB,LHR,5500,4,Tue,19,6.13,False,1,68,296,350,0.847,3143.91
Singapore Airlines,DXB,CDG,5200,11,Wed,7,6.04,False,0,0,260,350,0.746,2880.67
Etihad,DXB,NRT,7900,3,Sun,8,7.93,False,1,18,302,350,0.865,3617.82
Etihad,DXB,SYD,12000,12,Fri,22,4.21,True,0,0,350,350,1.0,4752.0
Singapore Airlines,DXB,BKK,4900,5,Mon,5,5.2,False,0,0,255,350,0.731,2800.83
Emirates,DXB,JNB,6400,9,Sun,10,4.67,False,0,0,273,350,0.783,3162.99
Singapore Airlines,DXB,BKK,4900,7,Thu,6,4.41,True,0,0,308,350,0.882,3106.13
Qatar Airways,DXB,BKK,4900,7,Thu,11,5.92,True,0,0,284,350,0.814,2968.21
Emirates,DXB,SIN,5900,11,Tue,7,8.84,False,0,0,246,350,0.704,2908.78
Qatar Airways,DXB,BOM,1900,4,Fri,22,5.99,False,0,0,251,350,0.72,2284.56
Emirates,DXB,SIN,5900,6,Wed,9,3.38,True,0,0,304,350,0.87,3265.26
Etihad,DXB,NRT,7900,5,Sun,11,3.71,False,1,117,259,350,0.742,3323.38
Emirates,DXB,SYD,12000,9,Tue,10,4.32,False,0,0,299,350,0.856,4337.89
Emirates,DXB,JFK,11000,3,Fri,3,7.36,False,0,0,244,350,0.699,3724.47
Etihad,DXB,NRT,7900,8,Sun,18,4.84,False,1,35,201,350,0.577,2929.38
Etihad,DXB,JFK,11000,5,Mon,19,6.28,False,1,81,259,350,0.741,3838.82
Emirates,DXB,JFK,11000,11,Fri,4,7.91,False,0,0,243,350,0.696,3715.97
Emirates,DXB,BOM,1900,3,Wed,23,7.79,False,1,178,127,350,0.363,1690.31
Emirates,DXB,SIN,5900,1,Tue,17,5.2,True,1,124,283,350,0.809,3133.84
British Airways,DXB,BOM,1900,5,Fri,13,3.13,False,0,0,226,350,0.648,2165.26
Qatar Airways,DXB,SIN,5900,5,Mon,18,2.01,False,0,0,197,350,0.565,2609.92
British Airways,DXB,JNB,6400,5,Sun,0,4.23,False,0,0,256,350,0.733,3054.09
Singapore Airlines,DXB,FRA,4800,8,Wed,16,5.9,False,0,0,235,350,0.672,2664.41
Emirates,DXB,JFK,11000,4,Tue,3,6.97,False,0,0,173,350,0.495,3160.96
Turkish Airlines,DXB,BKK,4900,5,Sat,21,4.97,False,0,0,193,350,0.554,2440.99
Etihad,DXB,CDG,5200,11,Wed,20,7.56,False,0,0,228,350,0.652,2687.72
Etihad,DXB,LHR,5500,11,Fri,0,4.92,False,1,32,280,350,0.801,3047.45
Emirates,DXB,FRA,4800,6,Tue,15,7.99,True,0,0,309,350,0.884,3092.29
Emirates,DXB,SYD,12000,4,Mon,1,7.88,False,0,0,245,350,0.703,3895.2
Etihad,DXB,CDG,5200,7,Sat,23,4.92,True,0,0,295,350,0.844,3083.18
Etihad,DXB,JFK,11000,2,Thu,2,5.39,False,0,0,243,350,0.695,3712.32
Emirates,DXB,BKK,4900,6,Sun,21,4.67,True,0,0,315,350,0.902,3146.85
Emirates,DXB,JFK,11000,6,Sat,13,1.43,True,1,34,279,350,0.798,3996.04
Turkish Airlines,DXB,NRT,7900,9,Fri,5,5.35,False,1,91,238,350,0.68,3176.5
Qatar Airways,DXB,SYD,12000,8,Thu,17,4.68,False,0,0,187,350,0.535,3411.88
Emirates,DXB,LHR,5500,4,Mon,15,7.57,False,0,0,113,350,0.325,2046.46
Turkish Airlines,DXB,FRA,4800,8,Tue,13,6.88,False,0,0,225,350,0.644,2608.0
Etihad,DXB,NRT,7900,12,Fri,7,4.54,True,0,0,350,350,1.0,3940.2
British Airways,DXB,SYD,12000,2,Mon,7,3.17,False,0,0,189,350,0.54,3427.56
Emirates,DXB,CDG,5200,12,Sun,22,2.33,True,0,0,350,350,1.0,3405.6
Emirates,DXB,FRA,4800,2,Sat,10,6.22,False,0,0,221,350,0.631,2583.4
Emirates,DXB,SYD,12000,6,Tue,21,6.18,True,0,0,283,350,0.809,4201.6
Singapore Airlines,DXB,SIN,5900,9,Sat,22,5.44,False,0,0,277,350,0.793,3098.79
Emirates,DXB,JNB,6400,12,Tue,8,4.04,True,0,0,343,350,0.981,3600.94
Emirates,DXB,NRT,7900,11,Mon,15,7.46,False,0,0,217,350,0.621,3034.53
Qatar Airways,DXB,NRT,7900,2,Fri,14,4.23,False,1,48,315,350,0.901,3704.4
Emirates,DXB,LHR,5500,11,Tue,13,6.72,False,0,0,245,350,0.7,2835.66
British Airways,DXB,JNB,6400,2,Sun,18,4.48,False,1,88,209,350,0.598,2755.89
Qatar Airways,DXB,BKK,4900,7,Sun,17,7.78,True,0,0,350,350,1.0,3346.2
Etihad,DXB,LHR,5500,1,Mon,19,2.4,True,0,0,288,350,0.824,3096.35
Etihad,DXB,JNB,6400,10,Tue,23,8.72,False,0,0,161,350,0.461,2452.22
Etihad,DXB,BOM,1900,5,Fri,19,5.99,False,1,136,350,350,1.0,2752.2
Turkish Airlines,DXB,SIN,5900,9,Tue,6,6.49,False,0,0,201,350,0.575,2631.64
Emirates,DXB,CDG,5200,2,Mon,8,6.92,False,0,0,243,350,0.697,2780.12
Emirates,DXB,JNB,6400,5,Sat,22,2.58,False,0,0,325,350,0.931,3489.92
Singapore Airlines,DXB,BKK,4900,6,Sat,15,4.98,True,0,0,350,350,1.0,3346.2
British Airways,DXB,CDG,5200,11,Thu,21,6.69,False,0,0,253,350,0.723,2833.91
Turkish Airlines,DXB,JFK,11000,4,Sun,4,6.88,False,0,0,301,350,0.862,4172.02
Singapore Airlines,DXB,BOM,1900,12,Tue,16,6.72,True,1,155,294,350,0.842,2489.02
Singapore Airlines,DXB,JNB,6400,8,Wed,1,6.11,False,0,0,263,350,0.752,3094.62
Emirates,DXB,SIN,5900,9,Wed,8,7.04,False,0,0,167,350,0.478,2422.72
Emirates,DXB,BKK,4900,5,Wed,8,4.44,False,0,0,175,350,0.5,2332.5
Turkish Airlines,DXB,CDG,5200,3,Mon,15,4.77,False,0,0,242,350,0.694,2774.15
Qatar Airways,DXB,CDG,5200,8,Thu,21,5.49,False,0,0,70,350,0.2,1754.4
Qatar Airways,DXB,FRA,4800,12,Thu,7,1.88,True,0,0,309,350,0.883,3091.49
Emirates,DXB,CDG,5200,1,Thu,19,1.6,True,1,30,185,350,0.53,2435.54
Turkish Airlines,DXB,JFK,11000,2,Fri,22,4.09,False,0,0,189,350,0.543,3291.58
Qatar Airways,DXB,NRT,7900,3,Wed,1,5.27,False,0,0,199,350,0.569,2910.74
Emirates,DXB,SIN,5900,2,Mon,21,4.52,False,0,0,256,350,0.732,2969.26
Qatar Airways,DXB,BOM,1900,3,Tue,20,6.78,False,1,46,168,350,0.482,1888.94
British Airways,DXB,BOM,1900,12,Sun,16,5.88,True,0,0,255,350,0.729,2300.91
British Airways,DXB,JFK,11000,3,Thu,15,5.73,False,0,0,300,350,0.859,4165.65
Etihad,DXB,JNB,6400,1,Fri,6,5.79,True,0,0,350,350,1.0,3643.2
Turkish Airlines,DXB,JNB,6400,1,Mon,20,3.45,True,0,0,350,350,1.0,3643.2
Singapore Airlines,DXB,FRA,4800,12,Wed,19,5.35,True,0,0,319,350,0.914,3153.28
Emirates,DXB,LHR,5500,3,Sat,15,5.49,False,0,0,186,350,0.533,2485.11
Turkish Airlines,DXB,CDG,5200,4,Mon,10,6.7,False,0,0,230,350,0.658,2699.04
Qatar Airways,DXB,CDG,5200,5,Thu,13,5.45,False,0,0,157,350,0.451,2273.13
Qatar Airways,DXB,JFK,11000,4,Sun,0,6.1,False,0,0,307,350,0.878,4217.98
Qatar Airways,DXB,JNB,6400,6,Sun,23,5.1,True,0,0,350,350,1.0,3643.2
Emirates,DXB,NRT,7900,6,Sat,15,8.61,True,1,36,350,350,1.0,3940.2
Turkish Airlines,DXB,SYD,12000,2,Sat,3,4.38,False,0,0,299,350,0.856,4336.73
Etihad,DXB,LHR,5500,6,Thu,0,4.88,True,0,0,271,350,0.777,2995.88
Emirates,DXB,BKK,4900,9,Thu,22,3.79,False,1,33,302,350,0.865,3072.78
Emirates,DXB,CDG,5200,12,Sat,17,7.36,True,1,19,326,350,0.932,3265.77
Etihad,DXB,SIN,5900,6,Sun,2,3.62,True,0,0,252,350,0.721,2945.23
Turkish Airlines,DXB,LHR,5500,8,Sat,1,6.48,False,0,0,271,350,0.776,2995.35
Emirates,DXB,FRA,4800,6,Fri,21,4.57,True,0,0,350,350,1.0,3326.4
Singapore Airlines,DXB,FRA,4800,8,Mon,0,9.09,False,0,0,176,350,0.503,2325.31
Qatar Airways,DXB,SIN,5900,11,Sat,2,5.36,False,0,0,241,350,0.691,2880.14
Emirates,DXB,BKK,4900,4,Sat,10,7.48,False,0,0,324,350,0.928,3199.58
British Airways,DXB,LHR,5500,5,Mon,0,4.78,False,0,0,224,350,0.641,2710.34
British Airways,DXB,LHR,5500,11,Mon,22,7.42,False,0,0,251,350,0.719,2875.7
Emirates,DXB,JFK,11000,2,Tue,5,2.13,False,0,0,246,350,0.703,3734.37
Qatar Airways,DXB,NRT,7900,11,Fri,8,9.53,False,0,0,217,350,0.623,3039.15
British Airways,DXB,LHR,5500,11,Sat,7,8.62,False,0,0,209,350,0.598,2620.93
Emirates,DXB,SYD,12000,5,Mon,6,8.1,False,0,0,210,350,0.602,3605.84
Etihad,DXB,BKK,4900,3,Thu,20,8.64,False,0,0,221,350,0.632,2600.87
Emirates,DXB,CDG,5200,3,Sun,23,5.04,False,0,0,269,350,0.771,2932.73
Singapore Airlines,DXB,LHR,5500,10,Mon,16,4.96,False,0,0,165,350,0.473,2359.14
Emirates,DXB,FRA,4800,10,Sat,6,6.82,False,0,0,240,350,0.688,2697.44
Etihad,DXB,BOM,1900,8,Thu,15,3.43,False,0,0,233,350,0.668,2199.0
Qatar Airways,DXB,JFK,11000,8,Sun,2,5.33,False,0,0,230,350,0.658,3609.58
Emirates,DXB,SIN,5900,7,Sat,14,6.62,True,1,18,332,350,0.951,3439.72
Etihad,DXB,BKK,4900,1,Sat,10,6.16,True,1,15,350,350,1.0,3346.2
Emirates,DXB,CDG,5200,5,Tue,9,5.2,False,0,0,201,350,0.577,2531.7
Emirates,DXB,BKK,4900,10,Sat,16,7.68,False,0,0,261,350,0.747,2833.26
British Airways,DXB,FRA,4800,1,Sat,13,4.86,True,0,0,338,350,0.968,3262.6
British Airways,DXB,NRT,7900,11,Tue,1,5.42,False,0,0,258,350,0.737,3312.66
Emirates,DXB,NRT,7900,5,Sat,8,5.03,False,0,0,193,350,0.552,2871.22
Emirates,DXB,LHR,5500,7,Fri,20,3.99,True,0,0,244,350,0.699,2832.76
Etihad,DXB,JFK,11000,2,Wed,12,4.0,False,1,37,285,350,0.815,4042.46
Emirates,DXB,BKK,4900,4,Sun,6,8.35,False,0,0,223,350,0.638,2611.46
Qatar Airways,DXB,BOM,1900,12,Wed,6,4.57,True,0,0,297,350,0.851,2503.64
Etihad,DXB,JFK,11000,7,Mon,2,3.55,True,0,0,263,350,0.753,3871.01
Etihad,DXB,JNB,6400,4,Sun,21,6.93,False,0,0,244,350,0.699,2979.61
Emirates,DXB,BOM,1900,9,Sun,20,5.28,False,0,0,201,350,0.574,2042.31
Turkish Airlines,DXB,BKK,4900,11,Mon,20,6.15,False,0,0,252,350,0.722,2781.7
Emirates,DXB,NRT,7900,10,Thu,11,8.54,False,1,24,207,350,0.593,2969.27
Qatar Airways,DXB,SIN,5900,4,Wed,7,6.85,False,0,0,187,350,0.536,2548.48
Qatar Airways,DXB,SIN,5900,5,Fri,18,2.65,False,1,22,350,350,1.0,3544.2
Emirates,DXB,BKK,4900,9,Tue,15,4.03,False,0,0,263,350,0.752,2842.47
Qatar Airways,DXB,FRA,4800,1,Fri,20,5.08,True,0,0,331,350,0.947,3219.98
Turkish Airlines,DXB,NRT,7900,3,Thu,14,10.0,False,0,0,226,350,0.648,3100.27
Turkish Airlines,DXB,BOM,1900,12,Mon,13,2.98,True,0,0,322,350,0.921,2620.34
Emirates,DXB,SYD,12000,6,Sun,10,3.99,True,0,0,350,350,1.0,4752.0
Etihad,DXB,BKK,4900,7,Mon,9,6.28,True,0,0,233,350,0.668,2673.52
Etihad,DXB,LHR,5500,10,Sat,0,6.26,False,1,33,151,350,0.432,2271.4
Qatar Airways,DXB,CDG,5200,4,Mon,18,6.32,False,0,0,253,350,0.723,2834.55
Emirates,DXB,SIN,5900,11,Mon,15,4.67,False,0,0,222,350,0.635,2761.2
British Airways,DXB,SIN,5900,4,Fri,15,5.72,False,0,0,276,350,0.79,3093.31
Emirates,DXB,LHR,5500,4,Wed,0,4.99,False,0,0,154,350,0.442,2294.14
British Airways,DXB,NRT,7900,1,Thu,18,5.44,True,0,0,234,350,0.67,3151.26
Emirates,DXB,BOM,1900,2,Sun,1,3.29,False,1,43,276,350,0.791,2404.05
Emirates,DXB,BOM,1900,3,Mon,23,5.79,False,0,0,225,350,0.643,2156.82
Etihad,DXB,FRA,4800,4,Wed,9,8.19,False,0,0,249,350,0.712,2746.72
Qatar Airways,DXB,SYD,12000,3,Tue,14,6.99,False,0,0,214,350,0.613,3636.27
Turkish Airlines,DXB,CDG,5200,6,Mon,11,4.75,True,0,0,326,350,0.934,3269.92
Singapore Airlines,DXB,JNB,6400,4,Mon,0,6.78,False,0,0,274,350,0.783,3165.11
Etihad,DXB,SYD,12000,2,Sat,14,5.66,False,0,0,298,350,0.853,4328.37
Etihad,DXB,JFK,11000,3,Thu,3,8.65,False,1,71,270,350,0.773,3928.37
Qatar Airways,DXB,CDG,5200,11,Mon,11,6.86,False,0,0,212,350,0.609,2597.6
Qatar Airways,DXB,SIN,5900,8,Tue,17,4.8,False,0,0,260,350,0.744,2995.0
Singapore Airlines,DXB,SYD,12000,6,Wed,22,5.0,True,0,0,254,350,0.726,3963.3
British Airways,DXB,LHR,5500,10,Sun,14,5.53,False,0,0,206,350,0.591,2606.92
British Airways,DXB,LHR,5500,10,Fri,14,8.65,False,0,0,209,350,0.597,2619.44
Emirates,DXB,BKK,4900,6,Mon,9,2.94,True,1,25,250,350,0.716,2771.08
British Airways,DXB,BKK,4900,12,Tue,11,5.34,True,1,42,273,350,0.781,2901.1
Emirates,DXB,CDG,5200,7,Fri,8,4.56,True,0,0,350,350,1.0,3405.6
Qatar Airways,DXB,SYD,12000,8,Mon,13,4.89,False,0,0,230,350,0.66,3771.76
Qatar Airways,DXB,BOM,1900,2,Sat,2,2.02,False,0,0,218,350,0.625,2127.38
Emirates,DXB,LHR,5500,10,Sat,0,6.84,False,0,0,196,350,0.563,2546.64
Emirates,DXB,NRT,7900,4,Thu,7,6.3,False,0,0,275,350,0.786,3428.99
Singapore Airlines,DXB,NRT,7900,7,Sun,17,6.17,True,1,52,334,350,0.955,3833.55
Emirates,DXB,NRT,7900,6,Mon,1,4.5,True,0,0,331,350,0.947,3813.63
British Airways,DXB,JFK,11000,8,Mon,17,7.22,False,0,0,259,350,0.741,3839.33
Singapore Airlines,DXB,BOM,1900,12,Tue,7,4.98,True,0,0,350,350,1.0,2752.2
Qatar Airways,DXB,FRA,4800,8,Sun,12,5.08,False,0,0,260,350,0.745,2812.85
Turkish Airlines,DXB,NRT,7900,1,Fri,7,4.09,True,0,0,350,350,1.0,3940.2
Emirates,DXB,JNB,6400,8,Mon,22,5.46,False,0,0,250,350,0.715,3014.36
Emirates,DXB,JNB,6400,10,Mon,14,10.0,False,0,0,195,350,0.558,2668.21
Turkish Airlines,DXB,SYD,12000,5,Tue,13,3.37,False,1,70,231,350,0.662,3779.53
Qatar Airways,DXB,CDG,5200,6,Sun,6,6.0,True,0,0,336,350,0.96,3324.0
Emirates,DXB,CDG,5200,4,Fri,6,10.0,False,0,0,291,350,0.833,3060.35
Emirates,DXB,BKK,4900,12,Sun,2,5.8,True,0,0,319,350,0.911,3166.58
Singapore Airlines,DXB,JNB,6400,10,Sat,22,6.06,False,0,0,242,350,0.693,2966.15
Emirates,DXB,LHR,5500,4,Fri,22,6.12,False,0,0,280,350,0.801,3046.07
Etihad,DXB,FRA,4800,9,Sat,13,4.78,False,1,75,247,350,0.709,2738.86
British Airways,DXB,FRA,4800,8,Fri,2,4.29,False,0,0,237,350,0.678,2677.29
Etihad,DXB,BOM,1900,12,Sat,17,4.79,True,0,0,350,350,1.0,2752.2
Qatar Airways,DXB,CDG,5200,7,Thu,0,4.31,True,0,0,242,350,0.694,2773.02
Emirates,DXB,JFK,11000,3,Sat,14,5.83,False,0,0,269,350,0.769,3916.64
Emirates,DXB,LHR,5500,2,Wed,1,7.08,False,0,0,220,350,0.629,2686.61
Emirates,DXB,JFK,11000,8,Tue,12,5.83,False,0,0,307,350,0.878,4216.25
British Airways,DXB,JFK,11000,6,Mon,5,5.05,True,0,0,313,350,0.896,4266.55
Etihad,DXB,NRT,7900,3,Mon,3,6.97,False,0,0,260,350,0.745,3332.19
Etihad,DXB,NRT,7900,3,Thu,5,6.74,False,0,0,188,350,0.537,2835.12
Turkish Airlines,DXB,SIN,5900,5,Sat,3,3.4,False,0,0,273,350,0.781,3073.7
Singapore Airlines,DXB,BKK,4900,9,Thu,17,6.69,False,0,0,129,350,0.37,2068.75
Qatar Airways,DXB,CDG,5200,3,Fri,11,6.31,False,0,0,251,350,0.718,2824.02
Singapore Airlines,DXB,JFK,11000,11,Mon,4,6.56,False,0,0,133,350,0.382,2847.84
Qatar Airways,DXB,JNB,6400,2,Mon,15,5.07,False,0,0,272,350,0.779,3155.67
Qatar Airways,DXB,FRA,4800,11,Tue,18,4.77,False,0,0,158,350,0.452,2220.75
Qatar Airways,DXB,SIN,5900,8,Sun,10,3.39,False,1,15,215,350,0.615,2717.57
Emirates,DXB,CDG,5200,6,Sun,15,3.3,True,0,0,339,350,0.969,3341.57
Qatar Airways,DXB,CDG,5200,9,Mon,2,6.28,False,0,0,173,350,0.497,2366.43
Qatar Airways,DXB,JNB,6400,2,Wed,21,4.88,False,0,0,327,350,0.935,3499.54
Emirates,DXB,LHR,5500,10,Sun,15,6.51,False,0,0,196,350,0.561,2543.48
Emirates,DXB,SYD,12000,11,Wed,7,9.0,False,0,0,194,350,0.557,3476.03
Emirates,DXB,BOM,1900,9,Sat,10,4.95,False,0,0,228,350,0.652,2171.36
Etihad,DXB,JNB,6400,4,Tue,9,7.18,False,0,0,128,350,0.367,2245.44
Emirates,DXB,JFK,11000,2,Fri,13,5.68,False,0,0,265,350,0.758,3885.07
Etihad,DXB,SIN,5900,9,Thu,2,6.93,False,0,0,220,350,0.63,2748.54
Etihad,DXB,BOM,1900,3,Thu,3,8.48,False,0,0,222,350,0.636,2145.14
Emirates,DXB,NRT,7900,8,Mon,15,5.93,False,0,0,240,350,0.687,3193.41
British Airways,DXB,SIN,5900,5,Thu,21,3.83,False,0,0,217,350,0.62,2728.41
Singapore Airlines,DXB,JNB,6400,7,Mon,2,5.35,True,0,0,325,350,0.931,3490.31
Turkish Airlines,DXB,JFK,11000,2,Tue,6,7.43,False,0,0,177,350,0.506,3191.36
Emirates,DXB,JNB,6400,10,Wed,16,7.2,False,0,0,270,350,0.773,3142.77
Turkish Airlines,DXB,BOM,1900,3,Wed,1,6.97,False,0,0,183,350,0.523,1956.52
Qatar Airways,DXB,JFK,11000,7,Thu,11,4.37,True,0,0,285,350,0.816,4044.9
Qatar Airways,DXB,BKK,4900,12,Mon,0,6.75,True,1,18,338,350,0.968,3282.0
Emirates,DXB,BOM,1900,2,Sat,21,5.36,False,0,0,243,350,0.697,2246.16
Qatar Airways,DXB,SIN,5900,7,Sat,12,5.3,True,0,0,317,350,0.908,3346.31
Emirates,DXB,FRA,4800,5,Wed,14,2.84,False,0,0,279,350,0.8,2922.49
Singapore Airlines,DXB,SYD,12000,4,Sat,20,10.0,False,0,0,220,350,0.63,3687.71
Emirates,DXB,SYD,12000,11,Tue,0,6.72,False,0,0,178,350,0.511,3343.89
British Airways,DXB,FRA,4800,9,Sun,3,5.7,False,0,0,247,350,0.708,2737.37
Etihad,DXB,JNB,6400,1,Thu,3,3.07,True,0,0,248,350,0.71,3002.74
British Airways,DXB,CDG,5200,10,Thu,7,9.63,False,0,0,194,350,0.557,2490.74
Qatar Airways,DXB,BKK,4900,1,Wed,16,2.77,True,0,0,262,350,0.751,2840.39
Emirates,DXB,JFK,11000,11,Sun,13,6.31,False,0,0,213,350,0.611,3481.49
Qatar Airways,DXB,SIN,5900,5,Fri,20,7.45,False,1,16,216,350,0.619,2725.45
Emirates,DXB,NRT,7900,10,Tue,3,6.72,False,0,0,325,350,0.931,3774.84
Emirates,DXB,JFK,11000,7,Mon,0,4.93,True,0,0,322,350,0.92,4334.13
Emirates,DXB,CDG,5200,12,Wed,5,5.76,True,0,0,230,350,0.659,2701.98
Singapore Airlines,DXB,JNB,6400,5,Fri,18,4.35,False,0,0,192,350,0.551,2650.87
Singapore Airlines,DXB,BOM,1900,10,Wed,22,6.92,False,0,0,149,350,0.428,1797.5
Emirates,DXB,LHR,5500,2,Mon,20,4.2,False,1,40,197,350,0.565,2551.6
Emirates,DXB,SYD,12000,10,Sat,17,4.66,False,0,0,267,350,0.763,4069.54
Etihad,DXB,SIN,5900,7,Fri,14,4.36,True,0,0,295,350,0.845,3211.95
Turkish Airlines,DXB,NRT,7900,6,Tue,3,3.95,True,0,0,300,350,0.857,3599.18
Singapore Airlines,DXB,NRT,7900,2,Sat,20,7.27,False,0,0,241,350,0.691,3203.17
Emirates,DXB,CDG,5200,2,Thu,15,4.86,False,1,30,209,350,0.598,2574.95
Emirates,DXB,CDG,5200,6,Sat,16,6.29,True,1,61,340,350,0.974,3351.57
Qatar Airways,DXB,CDG,5200,7,Sat,20,5.33,True,0,0,350,350,1.0,3405.6
Etihad,DXB,JFK,11000,12,Tue,9,5.03,True,0,0,291,350,0.834,4095.91
British Airways,DXB,SYD,12000,4,Mon,2,6.78,False,0,0,163,350,0.468,3219.04
Qatar Airways,DXB,BKK,4900,1,Wed,13,3.2,True,0,0,339,350,0.97,3285.73
Etihad,DXB,BOM,1900,9,Mon,13,7.89,False,0,0,223,350,0.638,2147.83
Etihad,DXB,BOM,1900,3,Tue,17,8.55,False,0,0,263,350,0.753,2339.42
Singapore Airlines,DXB,CDG,5200,2,Sun,15,4.65,False,0,0,299,350,0.856,3108.09
Qatar Airways,DXB,BKK,4900,7,Tue,5,5.31,True,0,0,249,350,0.712,2762.03
British Airways,DXB,FRA,4800,8,Sun,18,5.33,False,0,0,207,350,0.592,2503.64
Singapore Airlines,DXB,CDG,5200,9,Tue,0,4.34,False,0,0,275,350,0.787,2966.16
Turkish Airlines,DXB,JFK,11000,9,Mon,1,5.75,False,1,108,159,350,0.455,3050.69
Singapore Airlines,DXB,JNB,6400,6,Mon,10,4.61,True,0,0,329,350,0.941,3512.69
Emirates,DXB,SIN,5900,1,Fri,15,3.88,True,0,0,306,350,0.877,3279.87
British Airways,DXB,JFK,11000,12,Tue,14,7.48,True,0,0,332,350,0.949,4414.47
Singapore Airlines,DXB,SYD,12000,9,Fri,19,8.67,False,0,0,285,350,0.817,4224.41
Emirates,DXB,FRA,4800,1,Mon,20,4.5,True,1,17,212,350,0.607,2533.32
Emirates,DXB,BKK,4900,10,Sun,2,6.72,False,0,0,276,350,0.791,2921.67
Emirates,DXB,BOM,1900,1,Sun,5,4.76,True,0,0,335,350,0.959,2683.74
Qatar Airways,DXB,BOM,1900,6,Mon,12,4.26,True,0,0,279,350,0.799,2416.85
Emirates,DXB,NRT,7900,11,Sun,10,9.91,False,1,20,215,350,0.617,3025.63
Etihad,DXB,LHR,5500,5,Wed,14,3.56,False,1,68,225,350,0.644,2716.97
Etihad,DXB,CDG,5200,2,Mon,17,7.97,False,0,0,300,350,0.859,3115.21
Qatar Airways,DXB,SYD,12000,5,Sat,12,3.85,False,0,0,229,350,0.654,3756.68
Qatar Airways,DXB,NRT,7900,10,Wed,8,5.11,False,0,0,254,350,0.726,3287.07
Singapore Airlines,DXB,SIN,5900,5,Mon,5,5.86,False,0,0,157,350,0.45,2363.68
Qatar Airways,DXB,BOM,1900,12,Sat,18,4.84,True,0,0,350,350,1.0,2752.2
Emirates,DXB,SIN,5900,5,Wed,1,5.4,False,0,0,254,350,0.726,2956.65
Qatar Airways,DXB,BOM,1900,5,Wed,8,6.0,False,0,0,239,350,0.685,2227.11
Qatar Airways,DXB,LHR,5500,11,Wed,6,6.12,False,0,0,212,350,0.607,2639.31
Emirates,DXB,JNB,6400,10,Wed,2,5.37,False,1,19,280,350,0.802,3206.58
Etihad,DXB,JNB,6400,12,Tue,22,5.6,True,1,88,268,350,0.768,3131.62
Singapore Airlines,DXB,CDG,5200,1,Mon,23,3.54,True,1,51,338,350,0.967,3337.57
Emirates,DXB,NRT,7900,4,Tue,4,7.26,False,0,0,207,350,0.594,2970.25
Turkish Airlines,DXB,CDG,5200,4,Sun,16,6.34,False,0,0,291,350,0.832,3059.25
Etihad,DXB,SIN,5900,10,Mon,4,9.1,False,0,0,185,350,0.529,2533.2
Emirates,DXB,JNB,6400,11,Mon,18,8.55,False,0,0,167,350,0.478,2489.55
British Airways,DXB,FRA,4800,10,Sat,2,7.14,False,0,0,278,350,0.796,2914.54
Emirates,DXB,CDG,5200,2,Mon,18,6.85,False,0,0,250,350,0.716,2819.04
Emirates,DXB,JNB,6400,8,Sun,11,6.48,False,0,0,301,350,0.861,3335.36
Qatar Airways,DXB,CDG,5200,1,Tue,1,5.98,True,0,0,336,350,0.962,3327.36
Singapore Airlines,DXB,SIN,5900,12,Thu,12,6.2,True,0,0,246,350,0.705,2910.14
Emirates,DXB,JFK,11000,4,Sun,22,6.46,False,0,0,244,350,0.699,3723.55
Etihad,DXB,BOM,1900,7,Sun,18,3.91,True,0,0,299,350,0.857,2513.66
Etihad,DXB,SYD,12000,9,Tue,18,4.08,False,1,36,190,350,0.544,3437.61
Singapore Airlines,DXB,BKK,4900,5,Sat,8,5.74,False,0,0,208,350,0.594,2523.52
Turkish Airlines,DXB,BOM,1900,6,Thu,15,5.41,True,0,0,314,350,0.898,2582.8
Emirates,DXB,LHR,5500,8,Thu,17,1.67,False,0,0,242,350,0.692,2818.94
Qatar Airways,DXB,LHR,5500,2,Mon,21,6.49,False,0,0,228,350,0.652,2734.23
Emirates,DXB,BKK,4900,10,Sun,9,8.47,False,0,0,237,350,0.678,2693.81
Emirates,DXB,LHR,5500,2,Sat,10,7.41,False,0,0,207,350,0.593,2610.61
Etihad,DXB,BKK,4900,1,Fri,19,4.25,True,0,0,350,350,1.0,3346.2
Emirates,DXB,LHR,5500,11,Fri,8,7.97,False,0,0,257,350,0.735,2908.65
Qatar Airways,DXB,SIN,5900,11,Tue,19,5.24,False,0,0,282,350,0.807,3128.72
Emirates,DXB,CDG,5200,5,Sat,0,4.73,False,0,0,290,350,0.829,3052.77
British Airways,DXB,CDG,5200,4,Thu,7,5.92,False,0,0,201,350,0.575,2528.37
Turkish Airlines,DXB,NRT,7900,10,Tue,10,7.16,False,0,0,129,350,0.369,2433.94
Turkish Airlines,DXB,BKK,4900,9,Sun,5,1.07,False,0,0,254,350,0.728,2794.22
Singapore Airlines,DXB,SYD,12000,1,Wed,10,4.55,True,0,0,344,350,0.984,4705.26
Singapore Airlines,DXB,JNB,6400,11,Tue,9,7.52,False,0,0,235,350,0.672,2918.7
Emirates,DXB,FRA,4800,4,Tue,9,6.45,False,0,0,261,350,0.746,2813.89
Emirates,DXB,CDG,5200,4,Thu,18,8.67,False,0,0,215,350,0.615,2610.38
Emirates,DXB,BKK,4900,5,Sun,10,3.78,False,0,0,289,350,0.828,2996.47
Emirates,DXB,SYD,12000,8,Fri,11,3.08,False,1,27,252,350,0.721,3949.62
Emirates,DXB,JNB,6400,7,Sat,17,6.75,True,0,0,306,350,0.876,3369.25
Emirates,DXB,CDG,5200,3,Wed,14,3.74,False,1,16,258,350,0.737,2863.2
Etihad,DXB,NRT,7900,10,Wed,17,7.02,False,0,0,177,350,0.507,2762.16
Emirates,DXB,JNB,6400,7,Tue,8,6.11,True,1,62,224,350,0.642,2852.62
British Airways,DXB,JNB,6400,10,Sun,15,8.62,False,0,0,213,350,0.61,2782.67
Etihad,DXB,BKK,4900,4,Sun,19,7.19,False,0,0,287,350,0.821,2984.09
Qatar Airways,DXB,CDG,5200,4,Tue,14,8.63,False,0,0,226,350,0.647,2676.29
Etihad,DXB,JNB,6400,8,Sat,0,5.8,False,0,0,274,350,0.785,3168.12
Qatar Airways,DXB,CDG,5200,12,Sat,13,6.05,True,0,0,350,350,1.0,3405.6
Emirates,DXB,LHR,5500,3,Tue,11,6.96,False,0,0,246,350,0.705,2845.05
Etihad,DXB,FRA,4800,10,Mon,23,10.0,False,0,0,253,350,0.725,2771.99
Turkish Airlines,DXB,BOM,1900,7,Fri,17,3.4,True,1,147,310,350,0.886,2562.85
Emirates,DXB,JNB,6400,8,Mon,10,5.7,False,0,0,275,350,0.788,3175.14
Singapore Airlines,DXB,NRT,7900,11,Sun,5,7.72,False,1,16,226,350,0.647,3096.88
Etihad,DXB,CDG,5200,1,Sat,9,4.3,True,1,74,337,350,0.965,3332.47
Singapore Airlines,DXB,BOM,1900,11,Sat,15,10.0,False,0,0,277,350,0.792,2405.01
Etihad,DXB,BKK,4900,11,Mon,22,6.81,False,0,0,209,350,0.599,2533.7
Singapore Airlines,DXB,SIN,5900,11,Mon,15,4.64,False,1,69,288,350,0.823,3164.97
Emirates,DXB,LHR,5500,7,Sun,5,5.15,True,0,0,327,350,0.935,3327.92
Qatar Airways,DXB,LHR,5500,7,Fri,10,6.49,True,0,0,322,350,0.921,3299.43
Etihad,DXB,BKK,4900,3,Sat,15,6.18,False,0,0,214,350,0.611,2558.23
Turkish Airlines,DXB,SIN,5900,7,Wed,2,4.94,True,0,0,336,350,0.961,3460.3
Etihad,DXB,LHR,5500,6,Thu,3,3.96,True,0,0,278,350,0.796,3037.32
Etihad,DXB,SYD,12000,4,Thu,21,8.58,False,0,0,206,350,0.591,3573.1
Emirates,DXB,SIN,5900,6,Tue,16,6.56,True,0,0,309,350,0.883,3293.64
Emirates,DXB,LHR,5500,7,Fri,14,5.91,True,1,47,319,350,0.913,3281.59
Qatar Airways,DXB,BKK,4900,11,Mon,3,5.14,False,0,0,255,350,0.729,2795.94
Qatar Airways,DXB,JFK,11000,10,Sun,14,8.54,False,0,0,180,350,0.517,3220.7
Turkish Airlines,DXB,FRA,4800,6,Tue,1,3.97,True,1,51,319,350,0.913,3151.48
Turkish Airlines,DXB,FRA,4800,2,Thu,16,5.61,False,0,0,124,350,0.355,2027.0
British Airways,DXB,LHR,5500,2,Tue,15,4.49,False,0,0,207,350,0.592,2608.83
Emirates,DXB,CDG,5200,9,Tue,21,3.48,False,0,0,184,350,0.527,2429.99
Etihad,DXB,SYD,12000,5,Mon,21,7.26,False,0,0,258,350,0.738,3997.34
Qatar Airways,DXB,JNB,6400,11,Thu,1,6.78,False,0,0,238,350,0.682,2940.45
Emirates,DXB,CDG,5200,4,Tue,22,9.02,False,0,0,253,350,0.724,2836.38
Singapore Airlines,DXB,CDG,5200,9,Thu,1,1.45,False,0,0,231,350,0.663,2709.69
Turkish Airlines,DXB,CDG,5200,7,Mon,4,5.82,True,0,0,271,350,0.775,2941.88
Singapore Airlines,DXB,JFK,11000,2,Sun,10,4.08,False,0,0,286,350,0.819,4055.27
British Airways,DXB,FRA,4800,7,Fri,1,5.07,True,0,0,350,350,1.0,3326.4
Emirates,DXB,JNB,6400,8,Sat,4,7.1,False,0,0,260,350,0.746,3081.69
Qatar Airways,DXB,JFK,11000,10,Mon,20,8.68,False,1,62,236,350,0.674,3655.03
British Airways,DXB,JFK,11000,7,Sun,18,4.74,True,0,0,350,350,1.0,4554.0
Etihad,DXB,FRA,4800,1,Sun,10,2.91,True,0,0,287,350,0.82,2964.24
Emirates,DXB,CDG,5200,3,Mon,11,6.2,False,1,70,231,350,0.662,2707.2
Emirates,DXB,FRA,4800,10,Sun,22,9.78,False,0,0,271,350,0.775,2873.58
Singapore Airlines,DXB,BOM,1900,12,Thu,15,5.31,True,0,0,277,350,0.792,2404.52
Turkish Airlines,DXB,SIN,5900,12,Mon,8,5.05,True,0,0,267,350,0.763,3035.15
Emirates,DXB,SIN,5900,12,Thu,23,5.05,True,0,0,253,350,0.724,2951.36
Qatar Airways,DXB,NRT,7900,4,Sun,3,6.61,False,1,81,276,350,0.789,3436.32
Singapore Airlines,DXB,BOM,1900,9,Wed,22,6.65,False,0,0,191,350,0.546,1995.05
Turkish Airlines,DXB,NRT,7900,12,Sun,13,5.11,True,0,0,320,350,0.917,3741.2
Singapore Airlines,DXB,LHR,5500,1,Wed,0,5.04,True,1,67,300,350,0.858,3166.53
Emirates,DXB,NRT,7900,6,Sun,5,6.36,True,0,0,314,350,0.9,3701.08
British Airways,DXB,FRA,4800,7,Fri,18,4.78,True,0,0,314,350,0.897,3119.32
Singapore Airlines,DXB,JFK,11000,3,Wed,19,6.38,False,0,0,243,350,0.695,3710.87
British Airways,DXB,FRA,4800,7,Wed,19,7.28,True,0,0,315,350,0.903,3129.88
Emirates,DXB,FRA,4800,10,Tue,6,7.84,False,0,0,170,350,0.487,2292.75
Emirates,DXB,CDG,5200,1,Thu,19,4.2,True,0,0,305,350,0.874,3145.87
Turkish Airlines,DXB,JNB,6400,11,Sun,12,9.06,False,1,35,209,350,0.6,2759.22
Emirates,DXB,SIN,5900,8,Sun,11,5.03,False,0,0,231,350,0.662,2817.52
Emirates,DXB,FRA,4800,5,Wed,21,6.87,False,1,43,248,350,0.711,2743.82
Singapore Airlines,DXB,JFK,11000,12,Wed,2,4.05,True,0,0,276,350,0.789,3972.17
Emirates,DXB,BOM,1900,4,Sat,22,6.74,False,0,0,203,350,0.58,2052.37
Emirates,DXB,SIN,5900,2,Wed,4,4.48,False,0,0,132,350,0.38,2211.79
Emirates,DXB,BOM,1900,5,Sun,14,5.57,False,0,0,267,350,0.764,2358.8
Qatar Airways,DXB,LHR,5500,2,Thu,2,5.33,False,1,57,220,350,0.63,2687.49
Singapore Airlines,DXB,FRA,4800,3,Fri,9,7.79,False,0,0,294,350,0.841,3006.68
Emirates,DXB,SYD,12000,3,Fri,2,7.94,False,1,23,295,350,0.845,4305.81
Qatar Airways,DXB,FRA,4800,3,Wed,13,6.54,False,0,0,243,350,0.694,2710.12
Emirates,DXB,SIN,5900,12,Tue,5,5.88,True,1,18,283,350,0.811,3137.68
Etihad,DXB,JFK,11000,7,Fri,16,2.74,True,0,0,283,350,0.809,4026.96
British Airways,DXB,BKK,4900,2,Sun,22,8.53,False,0,0,296,350,0.847,3036.66
Emirates,DXB,BKK,4900,4,Sun,9,7.95,False,0,0,248,350,0.709,2756.29
Turkish Airlines,DXB,SYD,12000,9,Mon,6,4.48,False,1,32,200,350,0.573,3521.24
Emirates,DXB,JNB,6400,7,Thu,21,6.82,True,0,0,328,350,0.939,3508.56
Emirates,DXB,LHR,5500,8,Tue,20,5.87,False,0,0,273,350,0.78,3003.03
Qatar Airways,DXB,BOM,1900,12,Wed,12,6.91,True,0,0,294,350,0.842,2489.37
Emirates,DXB,NRT,7900,9,Tue,4,2.76,False,0,0,232,350,0.665,3139.16
Emirates,DXB,SYD,12000,1,Mon,21,3.73,True,0,0,256,350,0.732,3981.58
Emirates,DXB,BOM,1900,4,Mon,1,6.43,False,1,51,229,350,0.656,2178.94
Emirates,DXB,LHR,5500,9,Thu,15,5.76,False,0,0,231,350,0.66,2751.44
Emirates,DXB,JFK,11000,11,Thu,6,4.67,False,0,0,269,350,0.771,3920.8
Emirates,DXB,SIN,5900,12,Fri,2,5.52,True,0,0,333,350,0.954,3445.66
Qatar Airways,DXB,NRT,7900,4,Fri,3,7.3,False,1,19,185,350,0.529,2815.18
British Airways,DXB,SYD,12000,1,Tue,17,4.82,True,0,0,350,350,1.0,4752.0
Etihad,DXB,JFK,11000,12,Mon,23,4.37,True,0,0,267,350,0.765,3904.3
Qatar Airways,DXB,SYD,12000,3,Thu,15,6.62,False,0,0,197,350,0.566,3501.17
Etihad,DXB,JFK,11000,11,Mon,18,5.86,False,0,0,219,350,0.628,3526.43
Qatar Airways,DXB,SYD,12000,3,Fri,5,8.02,False,0,0,295,350,0.845,4305.35
Emirates,DXB,BKK,4900,5,Sat,6,5.13,False,0,0,280,350,0.802,2944.01
Singapore Airlines,DXB,SIN,5900,6,Wed,5,5.16,True,0,0,318,350,0.91,3350.5
Singapore Airlines,DXB,SIN,5900,3,Mon,20,5.49,False,0,0,212,350,0.606,2697.8
Etihad,DXB,SYD,12000,2,Sun,7,4.53,False,0,0,246,350,0.704,3900.41
Emirates,DXB,LHR,5500,10,Fri,19,5.45,False,0,0,271,350,0.775,2993.22
Qatar Airways,DXB,SYD,12000,3,Fri,6,3.66,False,1,37,319,350,0.913,4502.7
Etihad,DXB,JFK,11000,3,Wed,18,7.96,False,1,61,248,350,0.711,3755.39
Etihad,DXB,CDG,5200,6,Thu,2,3.55,True,0,0,271,350,0.776,2943.1
Emirates,DXB,JNB,6400,5,Mon,3,3.25,False,0,0,221,350,0.633,2832.8
Emirates,DXB,NRT,7900,4,Tue,17,9.51,False,0,0,248,350,0.71,3246.88
Etihad,DXB,SYD,12000,6,Sun,0,0.55,True,1,95,350,350,1.0,4752.0
Singapore Airlines,DXB,LHR,5500,12,Sun,6,3.78,True,0,0,350,350,1.0,3465.0
Singapore Airlines,DXB,NRT,7900,3,Thu,22,7.06,False,1,55,206,350,0.591,2964.14
Turkish Airlines,DXB,SYD,12000,10,Sun,10,8.24,False,0,0,264,350,0.756,4047.9
Singapore Airlines,DXB,LHR,5500,1,Wed,15,3.31,True,0,0,324,350,0.928,3313.25
Singapore Airlines,DXB,JFK,11000,10,Mon,12,6.39,False,0,0,207,350,0.593,3429.79
British Airways,DXB,SYD,12000,7,Fri,2,4.57,True,0,0,342,350,0.98,4694.29
Emirates,DXB,FRA,4800,6,Tue,10,4.11,True,0,0,270,350,0.773,2869.45
Etihad,DXB,LHR,5500,4,Thu,9,8.25,False,0,0,217,350,0.622,2670.36
Emirates,DXB,LHR,5500,6,Thu,23,5.56,True,1,54,242,350,0.693,2821.32
Etihad,DXB,FRA,4800,9,Tue,8,2.73,False,0,0,172,350,0.493,2305.2
Singapore Airlines,DXB,BKK,4900,6,Sat,19,6.15,True,0,0,285,350,0.817,2975.28
Etihad,DXB,NRT,7900,2,Tue,17,5.24,False,0,0,269,350,0.769,3389.41
Singapore Airlines,DXB,NRT,7900,1,Sat,12,4.41,True,0,0,230,350,0.659,3124.86
British Airways,DXB,NRT,7900,11,Wed,21,7.94,False,0,0,159,350,0.455,2637.57
Singapore Airlines,DXB,FRA,4800,2,Thu,0,4.98,False,0,0,302,350,0.864,3052.77
Singapore Airlines,DXB,SYD,12000,10,Fri,10,7.44,False,1,145,238,350,0.68,3831.33
British Airways,DXB,LHR,5500,8,Wed,17,2.93,False,0,0,225,350,0.645,2719.78
British Airways,DXB,JNB,6400,12,Sun,5,3.93,True,0,0,348,350,0.996,3635.44
Emirates,DXB,BOM,1900,5,Wed,5,4.0,False,0,0,261,350,0.746,2329.33
British Airways,DXB,BKK,4900,9,Wed,0,8.36,False,0,0,223,350,0.637,2610.6
Qatar Airways,DXB,BKK,4900,3,Mon,12,4.72,False,0,0,196,350,0.561,2456.7
Singapore Airlines,DXB,LHR,5500,5,Sat,9,5.04,False,0,0,254,350,0.728,2893.9
Singapore Airlines,DXB,JFK,11000,1,Thu,1,3.65,True,0,0,332,350,0.95,4416.72
Singapore Airlines,DXB,BKK,4900,7,Sat,13,2.91,True,0,0,350,350,1.0,3346.2
Emirates,DXB,JFK,11000,12,Thu,22,3.83,True,0,0,327,350,0.936,4376.34
Etihad,DXB,LHR,5500,3,Thu,11,9.27,False,0,0,222,350,0.634,2697.17
Singapore Airlines,DXB,JFK,11000,5,Thu,18,5.41,False,0,0,225,350,0.644,3570.8
Qatar Airways,DXB,JNB,6400,4,Sat,11,8.53,False,0,0,290,350,0.829,3264.93
Singapore Airlines,DXB,JNB,6400,10,Sun,2,6.66,False,0,0,295,350,0.844,3299.61
Qatar Airways,DXB,NRT,7900,3,Wed,22,3.43,False,0,0,256,350,0.734,3305.06
Qatar Airways,DXB,BKK,4900,2,Tue,17,5.58,False,0,0,253,350,0.725,2787.68
Qatar Airways,DXB,JFK,11000,9,Fri,11,2.39,False,1,207,271,350,0.774,3931.08
Emirates,DXB,CDG,5200,8,Wed,18,5.09,False,0,0,258,350,0.739,2866.76
Singapore Airlines,DXB,BOM,1900,7,Tue,15,4.26,True,0,0,350,350,1.0,2752.2
Emirates,DXB,FRA,4800,4,Mon,7,7.31,False,1,24,287,350,0.82,2964.09
Turkish Airlines,DXB,NRT,7900,12,Wed,15,3.73,True,1,32,350,350,1.0,3940.2
Turkish Airlines,DXB,CDG,5200,8,Tue,13,5.09,False,0,0,270,350,0.772,2934.53
Emirates,DXB,JFK,11000,5,Sat,19,6.78,False,0,0,221,350,0.633,3541.74
Singapore Airlines,DXB,CDG,5200,2,Tue,0,6.97,False,0,0,214,350,0.614,2608.02
Etihad,DXB,JFK,11000,8,Sun,3,5.17,False,0,0,182,350,0.522,3233.92
Qatar Airways,DXB,SYD,12000,1,Tue,13,5.55,True,0,0,245,350,0.702,3894.13
Qatar Airways,DXB,JNB,6400,9,Tue,13,5.38,False,0,0,260,350,0.743,3076.84
Emirates,DXB,SIN,5900,2,Tue,4,3.97,False,0,0,223,350,0.639,2768.71
Etihad,DXB,NRT,7900,2,Sat,19,4.43,False,0,0,272,350,0.779,3413.0
British Airways,DXB,JFK,11000,11,Fri,17,8.02,False,0,0,294,350,0.841,4116.3
Qatar Airways,DXB,BKK,4900,9,Sun,14,5.45,False,0,0,161,350,0.462,2254.38
Qatar Airways,DXB,CDG,5200,10,Thu,16,5.26,False,0,0,166,350,0.476,2323.24
Qatar Airways,DXB,JFK,11000,10,Fri,19,7.24,False,0,0,308,350,0.882,4229.64
British Airways,DXB,NRT,7900,5,Sat,23,3.24,False,1,16,261,350,0.748,3337.27
Singapore Airlines,DXB,BOM,1900,2,Thu,18,3.57,False,0,0,239,350,0.683,2223.98
Etihad,DXB,NRT,7900,10,Tue,23,7.1,False,0,0,246,350,0.705,3235.21
Singapore Airlines,DXB,SIN,5900,5,Fri,21,6.15,False,0,0,338,350,0.967,3472.68
Qatar Airways,DXB,LHR,5500,9,Thu,12,8.87,False,0,0,224,350,0.642,2713.84
Emirates,DXB,BKK,4900,5,Sat,3,3.96,False,0,0,302,350,0.863,3068.52
Emirates,DXB,JFK,11000,2,Tue,11,4.52,False,1,54,297,350,0.851,4142.38
Qatar Airways,DXB,BOM,1900,8,Wed,16,4.42,False,0,0,227,350,0.65,2167.59
Singapore Airlines,DXB,CDG,5200,11,Tue,19,7.82,False,1,44,233,350,0.666,2715.8
Etihad,DXB,FRA,4800,4,Tue,4,6.78,False,0,0,174,350,0.498,2314.77
Emirates,DXB,SIN,5900,7,Tue,18,6.98,True,0,0,295,350,0.844,3209.87
Qatar Airways,DXB,SIN,5900,2,Tue,11,4.06,False,0,0,264,350,0.755,3017.42
Emirates,DXB,LHR,5500,1,Tue,13,4.75,True,0,0,267,350,0.765,2971.4
Emirates,DXB,SYD,12000,8,Sat,22,4.6,False,0,0,267,350,0.765,4075.95
Qatar Airways,DXB,LHR,5500,9,Wed,12,6.14,False,0,0,273,350,0.783,3008.83
Singapore Airlines,DXB,SIN,5900,1,Thu,15,6.99,True,1,25,223,350,0.639,2769.67
Etihad,DXB,SYD,12000,10,Mon,10,5.85,False,1,154,174,350,0.498,3305.06
Turkish Airlines,DXB,BKK,4900,7,Mon,7,3.89,True,0,0,336,350,0.962,3269.3
Turkish Airlines,DXB,CDG,5200,4,Sat,6,7.2,False,0,0,272,350,0.777,2945.71
Emirates,DXB,NRT,7900,9,Thu,9,5.91,False,0,0,221,350,0.633,3064.66
Emirates,DXB,SIN,5900,1,Fri,21,5.97,True,0,0,304,350,0.871,3267.81
Etihad,DXB,BKK,4900,3,Fri,10,6.36,False,0,0,244,350,0.7,2737.24
Singapore Airlines,DXB,JFK,11000,7,Fri,6,6.77,True,0,0,327,350,0.936,4376.63
Emirates,DXB,LHR,5500,5,Sun,0,4.87,False,0,0,199,350,0.57,2562.3
Etihad,DXB,CDG,5200,8,Sat,3,5.76,False,0,0,305,350,0.873,3143.06
British Airways,DXB,LHR,5500,9,Thu,21,4.52,False,0,0,189,350,0.54,2499.51
Emirates,DXB,SIN,5900,6,Sun,22,1.21,True,0,0,307,350,0.878,3281.78
Qatar Airways,DXB,BKK,4900,2,Fri,12,5.49,False,0,0,268,350,0.768,2875.15
Singapore Airlines,DXB,JNB,6400,6,Thu,6,6.84,True,0,0,281,350,0.804,3210.39
Singapore Airlines,DXB,SYD,12000,10,Sun,19,8.94,False,0,0,222,350,0.637,3706.39
Qatar Airways,DXB,NRT,7900,3,Tue,18,5.83,False,0,0,187,350,0.535,2829.17
Qatar Airways,DXB,BKK,4900,1,Fri,15,4.88,True,0,0,350,350,1.0,3346.2
British Airways,DXB,CDG,5200,3,Mon,2,10.0,False,0,0,185,350,0.529,2434.35
Singapore Airlines,DXB,NRT,7900,2,Sat,13,8.24,False,0,0,250,350,0.715,3260.81
Emirates,DXB,LHR,5500,10,Sat,21,6.83,False,0,0,246,350,0.705,2845.04
Emirates,DXB,LHR,5500,1,Thu,13,4.35,True,0,0,321,350,0.917,3291.03
Emirates,DXB,BKK,4900,2,Sun,2,4.21,False,1,152,275,350,0.787,2914.52
Etihad,DXB,JNB,6400,7,Wed,7,2.94,True,0,0,284,350,0.812,3227.12
Emirates,DXB,JFK,11000,2,Sat,1,7.36,False,0,0,313,350,0.895,4264.02
Qatar Airways,DXB,BKK,4900,10,Sat,6,5.68,False,1,51,252,350,0.721,2779.47
British Airways,DXB,CDG,5200,4,Tue,14,8.46,False,1,24,243,350,0.696,2777.36
British Airways,DXB,JFK,11000,5,Wed,9,4.21,False,1,152,222,350,0.637,3551.87
Emirates,DXB,CDG,5200,11,Wed,9,6.41,False,0,0,226,350,0.646,2674.4
Singapore Airlines,DXB,JNB,6400,6,Sun,16,5.93,True,0,0,315,350,0.9,3422.8
Emirates,DXB,BOM,1900,12,Wed,23,6.04,True,0,0,299,350,0.856,2511.81
Turkish Airlines,DXB,JFK,11000,10,Thu,14,6.14,False,0,0,221,350,0.632,3538.54
Turkish Airlines,DXB,CDG,5200,2,Fri,12,3.02,False,0,0,174,350,0.498,2369.94
Etihad,DXB,SIN,5900,6,Sun,12,6.08,True,0,0,333,350,0.953,3442.46
Emirates,DXB,BOM,1900,2,Thu,10,5.87,False,0,0,212,350,0.608,2098.66
Turkish Airlines,DXB,LHR,5500,9,Mon,2,6.87,False,0,0,202,350,0.58,2582.73
Emirates,DXB,LHR,5500,10,Tue,7,10.0,False,0,0,254,350,0.727,2891.1
Singapore Airlines,DXB,LHR,5500,9,Sun,19,3.06,False,0,0,316,350,0.905,3265.64
Qatar Airways,DXB,FRA,4800,3,Sun,13,9.24,False,0,0,176,350,0.505,2327.99
Emirates,DXB,BKK,4900,1,Thu,1,6.33,True,0,0,350,350,1.0,3346.2
Emirates,DXB,BKK,4900,12,Fri,1,3.68,True,0,0,295,350,0.844,3030.61
Etihad,DXB,BKK,4900,6,Sun,8,2.93,True,0,0,243,350,0.697,2731.79
Emirates,DXB,SYD,12000,6,Mon,6,3.86,True,0,0,208,350,0.596,3589.5
British Airways,DXB,SYD,12000,9,Tue,23,3.24,False,0,0,222,350,0.635,3700.11
Emirates,DXB,CDG,5200,9,Wed,10,4.09,False,0,0,216,350,0.618,2617.24
Qatar Airways,DXB,SYD,12000,11,Wed,9,8.3,False,1,27,272,350,0.778,4112.86
Emirates,DXB,JFK,11000,12,Fri,18,5.98,True,0,0,341,350,0.975,4484.93
Emirates,DXB,CDG,5200,9,Tue,13,8.48,False,0,0,223,350,0.638,2659.26
Qatar Airways,DXB,BKK,4900,1,Fri,6,4.52,True,0,0,350,350,1.0,3346.2
Etihad,DXB,JFK,11000,11,Wed,4,8.03,False,0,0,241,350,0.691,3700.54
Singapore Airlines,DXB,CDG,5200,11,Wed,13,10.0,False,0,0,233,350,0.667,2719.06
Emirates,DXB,BKK,4900,6,Sat,6,6.58,True,0,0,350,350,1.0,3346.2
Qatar Airways,DXB,NRT,7900,12,Wed,4,5.69,True,1,21,335,350,0.959,3842.26
Emirates,DXB,CDG,5200,7,Fri,20,5.72,True,0,0,344,350,0.985,3375.14
Emirates,DXB,JNB,6400,6,Wed,7,2.93,True,0,0,209,350,0.599,2757.39
Singapore Airlines,DXB,SYD,12000,2,Sat,23,6.48,False,0,0,293,350,0.838,4284.54
Etihad,DXB,BKK,4900,1,Mon,21,5.51,True,0,0,343,350,0.98,3305.84
Emirates,DXB,LHR,5500,1,Tue,20,7.95,True,1,93,282,350,0.808,3062.15
Etihad,DXB,SYD,12000,1,Thu,12,6.85,True,1,37,278,350,0.796,4164.81
Singapore Airlines,DXB,BKK,4900,9,Mon,4,2.11,False,0,0,221,350,0.633,2602.48
Etihad,DXB,JNB,6400,3,Tue,14,8.41,False,0,0,231,350,0.66,2893.17
Emirates,DXB,JNB,6400,1,Wed,22,5.03,True,0,0,245,350,0.701,2983.71
Emirates,DXB,JFK,11000,2,Thu,5,6.44,False,0,0,212,350,0.606,3466.29
Emirates,DXB,JNB,6400,6,Fri,8,5.71,True,0,0,219,350,0.626,2817.27
Qatar Airways,DXB,SIN,5900,2,Tue,7,6.03,False,0,0,263,350,0.753,3013.74
Etihad,DXB,JNB,6400,7,Mon,17,3.84,True,1,45,283,350,0.81,3224.63
Qatar Airways,DXB,BOM,1900,8,Thu,1,6.31,False,0,0,222,350,0.636,2145.07
Emirates,DXB,SIN,5900,8,Mon,16,6.02,False,0,0,274,350,0.783,3078.21
Singapore Airlines,DXB,SIN,5900,2,Thu,0,6.94,False,0,0,153,350,0.439,2338.76
Emirates,DXB,BKK,4900,6,Sat,21,6.92,True,0,0,313,350,0.896,3135.46
British Airways,DXB,CDG,5200,1,Tue,11,3.99,True,0,0,258,350,0.74,2868.63
Emirates,DXB,SYD,12000,12,Thu,6,4.85,True,0,0,252,350,0.721,3949.69
British Airways,DXB,JNB,6400,11,Sat,22,8.15,False,0,0,304,350,0.869,3353.37
Singapore Airlines,DXB,BKK,4900,3,Tue,5,8.09,False,0,0,151,350,0.433,2195.91
Qatar Airways,DXB,SIN,5900,12,Mon,17,6.6,True,0,0,322,350,0.922,3376.65
Emirates,DXB,BOM,1900,6,Sat,6,5.44,True,0,0,300,350,0.859,2517.72
British Airways,DXB,BOM,1900,12,Fri,20,4.92,True,1,81,271,350,0.774,2375.85
Singapore Airlines,DXB,SIN,5900,6,Thu,22,3.35,True,0,0,334,350,0.957,3450.77
Emirates,DXB,JFK,11000,12,Wed,8,5.84,True,1,91,270,350,0.774,3929.75
British Airways,DXB,JNB,6400,7,Thu,10,4.63,True,1,72,239,350,0.683,2943.26
Singapore Airlines,DXB,JFK,11000,7,Sun,17,4.9,True,0,0,350,350,1.0,4554.0
British Airways,DXB,NRT,7900,7,Fri,0,3.13,True,0,0,313,350,0.895,3690.64
Emirates,DXB,JNB,6400,4,Tue,14,6.87,False,0,0,231,350,0.661,2893.99
Qatar Airways,DXB,CDG,5200,6,Wed,10,5.11,True,0,0,267,350,0.766,2922.01
Emirates,DXB,JFK,11000,7,Tue,9,5.05,True,0,0,250,350,0.714,3765.49
Emirates,DXB,LHR,5500,3,Thu,12,7.45,False,0,0,280,350,0.8,3045.91
Emirates,DXB,SIN,5900,5,Mon,23,6.87,False,0,0,221,350,0.633,2754.94
Emirates,DXB,FRA,4800,11,Wed,8,5.3,False,0,0,248,350,0.709,2740.43
Singapore Airlines,DXB,BOM,1900,2,Tue,9,4.76,False,0,0,301,350,0.862,2521.38
Etihad,DXB,LHR,5500,11,Fri,17,6.28,False,0,0,229,350,0.656,2742.63
Singapore Airlines,DXB,LHR,5500,8,Wed,14,3.23,False,0,0,242,350,0.692,2818.71
British Airways,DXB,SIN,5900,12,Wed,16,4.15,True,1,30,350,350,1.0,3544.2
Turkish Airlines,DXB,JFK,11000,3,Tue,21,8.25,False,0,0,270,350,0.774,3929.73
Emirates,DXB,BOM,1900,11,Mon,13,8.44,False,0,0,200,350,0.573,2039.52
Etihad,DXB,JNB,6400,10,Wed,12,6.25,False,0,0,142,350,0.406,2332.04
Qatar Airways,DXB,BOM,1900,1,Fri,7,2.84,True,0,0,350,350,1.0,2752.2
Emirates,DXB,SIN,5900,11,Mon,13,7.65,False,0,0,269,350,0.77,3051.14
Qatar Airways,DXB,BKK,4900,12,Mon,2,7.62,True,0,0,337,350,0.965,3275.12
Emirates,DXB,BOM,1900,6,Sat,2,1.61,True,1,48,350,350,1.0,2752.2
Emirates,DXB,SIN,5900,7,Wed,21,4.65,True,0,0,234,350,0.669,2833.14
Qatar Airways,DXB,LHR,5500,4,Thu,9,4.06,False,0,0,272,350,0.78,3002.04
Emirates,DXB,LHR,5500,12,Wed,18,7.93,True,0,0,332,350,0.95,3360.77
Etihad,DXB,BKK,4900,2,Thu,3,7.3,False,0,0,213,350,0.611,2557.81
Emirates,DXB,CDG,5200,6,Mon,16,6.27,True,1,27,350,350,1.0,3405.6
Turkish Airlines,DXB,SYD,12000,5,Tue,19,3.57,False,1,77,213,350,0.611,3631.5
Emirates,DXB,LHR,5500,5,Tue,14,3.54,False,1,39,320,350,0.915,3285.86
Emirates,DXB,JFK,11000,12,Mon,19,4.37,True,0,0,260,350,0.745,3851.06
Emirates,DXB,JFK,11000,6,Sat,11,6.95,True,0,0,343,350,0.982,4505.3
Emirates,DXB,SYD,12000,7,Wed,20,4.9,True,0,0,157,350,0.45,3169.32
Singapore Airlines,DXB,JNB,6400,3,Fri,15,7.43,False,0,0,310,350,0.888,3395.37
Etihad,DXB,BOM,1900,9,Tue,10,7.51,False,0,0,280,350,0.8,2418.93
Emirates,DXB,BOM,1900,6,Wed,19,2.18,True,1,111,350,350,1.0,2752.2
British Airways,DXB,SYD,12000,2,Fri,17,3.92,False,0,0,239,350,0.684,3841.38
British Airways,DXB,JFK,11000,4,Sun,21,5.89,False,0,0,257,350,0.735,3823.44
British Airways,DXB,JNB,6400,7,Wed,3,5.93,True,0,0,315,350,0.9,3423.29
Etihad,DXB,BKK,4900,9,Fri,3,2.2,False,1,121,349,350,0.999,3344.91
Singapore Airlines,DXB,NRT,7900,6,Fri,21,4.54,True,0,0,279,350,0.8,3462.2
Singapore Airlines,DXB,CDG,5200,4,Wed,19,7.53,False,0,0,243,350,0.697,2780.3
Singapore Airlines,DXB,LHR,5500,8,Wed,13,4.57,False,1,24,182,350,0.521,2460.09
Singapore Airlines,DXB,SYD,12000,11,Sat,17,10.0,False,0,0,254,350,0.726,3963.63
British Airways,DXB,FRA,4800,6,Sat,21,0.12,True,0,0,350,350,1.0,3326.4
Turkish Airlines,DXB,BKK,4900,2,Mon,10,3.74,False,0,0,240,350,0.688,2712.93
Emirates,DXB,FRA,4800,4,Fri,7,7.1,False,1,59,297,350,0.85,3023.34
Qatar Airways,DXB,CDG,5200,12,Fri,8,7.68,True,0,0,350,350,1.0,3405.6
British Airways,DXB,JFK,11000,1,Sun,19,5.78,True,0,0,350,350,1.0,4554.0
British Airways,DXB,SYD,12000,12,Thu,10,4.38,True,0,0,281,350,0.805,4190.43
Etihad,DXB,FRA,4800,3,Sun,11,6.93,False,0,0,252,350,0.722,2765.75
Emirates,DXB,FRA,4800,5,Tue,22,7.51,False,0,0,256,350,0.733,2788.11
Etihad,DXB,JNB,6400,1,Sun,6,7.2,True,0,0,252,350,0.72,3024.97
British Airways,DXB,SIN,5900,2,Fri,20,4.33,False,1,50,266,350,0.761,3029.94
Emirates,DXB,BKK,4900,11,Sun,11,6.2,False,0,0,268,350,0.768,2876.53
Turkish Airlines,DXB,NRT,7900,7,Wed,5,6.31,True,0,0,339,350,0.969,3865.78
Qatar Airways,DXB,SYD,12000,4,Tue,13,7.24,False,0,0,317,350,0.907,4483.76
Emirates,DXB,NRT,7900,2,Thu,3,2.53,False,0,0,224,350,0.642,3086.18
Emirates,DXB,LHR,5500,6,Fri,2,6.03,True,0,0,350,350,1.0,3465.0
Singapore Airlines,DXB,SYD,12000,7,Wed,19,2.56,True,0,0,339,350,0.97,4664.23
Emirates,DXB,JFK,11000,3,Sat,20,6.5,False,0,0,283,350,0.809,4028.22
Emirates,DXB,CDG,5200,3,Fri,6,7.21,False,0,0,269,350,0.771,2932.72
Emirates,DXB,SYD,12000,3,Sun,14,8.41,False,1,16,218,350,0.624,3670.45
Emirates,DXB,CDG,5200,7,Mon,12,6.18,True,0,0,262,350,0.749,2888.11
British Airways,DXB,SIN,5900,1,Tue,2,2.64,True,1,168,249,350,0.712,2926.33
Etihad,DXB,LHR,5500,3,Tue,1,7.32,False,0,0,209,350,0.6,2624.6
Emirates,DXB,NRT,7900,5,Sun,7,4.81,False,0,0,247,350,0.708,3242.64
Singapore Airlines,DXB,BKK,4900,11,Tue,17,7.0,False,1,42,260,350,0.745,2828.07
Emirates,DXB,FRA,4800,5,Mon,1,1.89,False,0,0,229,350,0.655,2630.76
Turkish Airlines,DXB,SIN,5900,9,Wed,2,7.85,False,0,0,205,350,0.586,2655.12
Emirates,DXB,LHR,5500,2,Wed,21,5.54,False,0,0,207,350,0.592,2607.39
Emirates,DXB,SYD,12000,9,Sat,23,3.3,False,1,24,217,350,0.622,3664.13
British Airways,DXB,LHR,5500,1,Wed,0,7.04,True,0,0,316,350,0.904,3263.98
Qatar Airways,DXB,JNB,6400,11,Fri,19,6.83,False,0,0,310,350,0.888,3395.75
Emirates,DXB,NRT,7900,11,Mon,11,6.95,False,0,0,236,350,0.677,3168.76
Singapore Airlines,DXB,LHR,5500,4,Fri,9,5.39,False,0,0,251,350,0.72,2876.43
Emirates,DXB,NRT,7900,8,Wed,9,5.4,False,0,0,218,350,0.623,3040.46
British Airways,DXB,CDG,5200,6,Wed,4,4.98,True,0,0,273,350,0.783,2957.12
Singapore Airlines,DXB,CDG,5200,9,Thu,21,5.37,False,0,0,221,350,0.633,2648.2
Turkish Airlines,DXB,LHR,5500,4,Wed,3,8.54,False,0,0,292,350,0.835,3117.54
Singapore Airlines,DXB,NRT,7900,1,Mon,3,6.7,True,0,0,254,350,0.728,3289.74
Emirates,DXB,CDG,5200,1,Mon,12,5.85,True,0,0,292,350,0.834,3063.83
Turkish Airlines,DXB,JNB,6400,7,Fri,8,6.36,True,0,0,331,350,0.946,3524.69
Emirates,DXB,JNB,6400,11,Sun,0,7.81,False,0,0,194,350,0.556,2662.11
Emirates,DXB,SYD,12000,3,Thu,1,7.08,False,0,0,254,350,0.728,3968.77
Etihad,DXB,JFK,11000,6,Mon,15,5.98,True,0,0,224,350,0.643,3567.88
Emirates,DXB,JNB,6400,3,Sat,22,8.97,False,0,0,212,350,0.609,2778.77
Singapore Airlines,DXB,BOM,1900,3,Tue,15,8.85,False,0,0,278,350,0.795,2410.2
Qatar Airways,DXB,FRA,4800,2,Sun,9,4.06,False,0,0,277,350,0.793,2910.03
Emirates,DXB,CDG,5200,10,Sat,9,10.0,False,0,0,272,350,0.778,2948.08
British Airways,DXB,JFK,11000,3,Thu,6,7.8,False,0,0,269,350,0.769,3916.47
Singapore Airlines,DXB,LHR,5500,9,Tue,2,4.14,False,0,0,257,350,0.736,2910.58
British Airways,DXB,LHR,5500,6,Wed,13,5.64,True,0,0,350,350,1.0,3465.0
Emirates,DXB,FRA,4800,8,Sat,18,5.93,False,0,0,242,350,0.694,2709.95
British Airways,DXB,CDG,5200,7,Wed,9,4.15,True,0,0,314,350,0.898,3195.71
Qatar Airways,DXB,FRA,4800,8,Fri,15,2.64,False,1,118,221,350,0.633,2586.92
Singapore Airlines,DXB,SYD,12000,4,Wed,1,8.22,False,0,0,228,350,0.651,3748.27
Qatar Airways,DXB,CDG,5200,7,Tue,9,2.97,True,0,0,290,350,0.83,3055.16
Etihad,DXB,JFK,11000,4,Mon,14,6.04,False,1,33,228,350,0.653,3596.15
Singapore Airlines,DXB,JNB,6400,5,Sat,5,4.28,False,0,0,196,350,0.561,2674.44
Turkish Airlines,DXB,BKK,4900,1,Wed,7,6.21,True,0,0,251,350,0.718,2773.41
Etihad,DXB,CDG,5200,8,Wed,19,5.32,False,0,0,237,350,0.679,2742.79
Etihad,DXB,BKK,4900,9,Fri,12,4.92,False,0,0,210,350,0.602,2539.05
Emirates,DXB,SIN,5900,2,Fri,4,3.98,False,1,36,195,350,0.557,2593.68
Emirates,DXB,SYD,12000,1,Wed,2,3.34,True,0,0,246,350,0.705,3903.57
Singapore Airlines,DXB,LHR,5500,10,Thu,22,7.24,False,0,0,200,350,0.574,2569.5
Emirates,DXB,SIN,5900,4,Mon,13,6.71,False,0,0,250,350,0.714,2930.85
Emirates,DXB,BKK,4900,5,Wed,3,5.65,False,0,0,234,350,0.669,2675.2
British Airways,DXB,JNB,6400,7,Thu,3,3.87,True,0,0,350,350,1.0,3643.2
Turkish Airlines,DXB,SIN,5900,3,Wed,19,9.55,False,0,0,350,350,1.0,3544.2
Emirates,DXB,SIN,5900,5,Sat,22,3.68,False,0,0,294,350,0.842,3204.0
Turkish Airlines,DXB,BKK,4900,1,Sun,16,3.77,True,0,0,294,350,0.842,3025.32
Emirates,DXB,FRA,4800,5,Sat,3,5.32,False,0,0,345,350,0.987,3300.55
British Airways,DXB,FRA,4800,7,Tue,7,4.37,True,0,0,210,350,0.601,2522.03
Qatar Airways,DXB,NRT,7900,12,Mon,12,6.35,True,0,0,350,350,1.0,3940.2
Turkish Airlines,DXB,JFK,11000,10,Fri,4,9.79,False,0,0,266,350,0.762,3896.56
Emirates,DXB,LHR,5500,11,Wed,16,6.45,False,0,0,207,350,0.592,2608.95
Emirates,DXB,BKK,4900,8,Thu,18,5.46,False,1,22,195,350,0.558,2449.87
Qatar Airways,DXB,BKK,4900,11,Sat,19,6.9,False,0,0,273,350,0.781,2902.1
Emirates,DXB,FRA,4800,11,Wed,18,4.13,False,0,0,248,350,0.709,2739.45
British Airways,DXB,CDG,5200,8,Sat,3,5.52,False,1,41,305,350,0.872,3140.88
Turkish Airlines,DXB,NRT,7900,3,Wed,7,9.21,False,0,0,167,350,0.48,2697.4
Qatar Airways,DXB,SIN,5900,10,Mon,12,8.46,False,0,0,275,350,0.788,3089.34
Emirates,DXB,LHR,5500,4,Tue,14,10.0,False,0,0,270,350,0.773,2987.84
Emirates,DXB,NRT,7900,1,Sun,10,4.41,True,0,0,342,350,0.98,3892.07
Emirates,DXB,JFK,11000,8,Sun,8,8.24,False,0,0,180,350,0.515,3215.2
Singapore Airlines,DXB,SYD,12000,9,Thu,3,4.03,False,0,0,220,350,0.629,3683.47
British Airways,DXB,NRT,7900,7,Sat,6,3.0,True,0,0,317,350,0.908,3720.24
Qatar Airways,DXB,JNB,6400,7,Wed,10,5.72,True,1,128,286,350,0.817,3240.06
Singapore Airlines,DXB,JFK,11000,5,Sun,4,5.86,False,0,0,213,350,0.609,3474.79
Turkish Airlines,DXB,NRT,7900,6,Fri,6,3.54,True,1,42,311,350,0.889,3675.87
Qatar Airways,DXB,BKK,4900,7,Fri,3,5.53,True,0,0,343,350,0.981,3307.92
Emirates,DXB,FRA,4800,3,Sun,11,8.13,False,0,0,310,350,0.886,3096.46
Qatar Airways,DXB,SIN,5900,9,Sat,15,1.65,False,0,0,208,350,0.596,2676.53
Etihad,DXB,CDG,5200,9,Thu,3,5.02,False,0,0,174,350,0.498,2370.26
Emirates,DXB,JFK,11000,1,Tue,1,6.65,True,0,0,281,350,0.804,4013.78
Singapore Airlines,DXB,LHR,5500,8,Tue,6,5.25,False,0,0,316,350,0.904,3262.52
Emirates,DXB,BOM,1900,8,Sun,0,5.65,False,0,0,225,350,0.644,2158.38
Singapore Airlines,DXB,FRA,4800,1,Mon,2,4.62,True,1,23,256,350,0.733,2787.15
Emirates,DXB,BKK,4900,9,Thu,16,6.8,False,0,0,256,350,0.733,2805.61
Turkish Airlines,DXB,SYD,12000,5,Sat,15,6.21,False,0,0,251,350,0.718,3941.27
Emirates,DXB,BKK,4900,6,Wed,6,5.43,True,0,0,244,350,0.697,2732.45
Etihad,DXB,FRA,4800,11,Sat,21,5.4,False,0,0,236,350,0.677,2675.28
British Airways,DXB,FRA,4800,1,Wed,9,6.32,True,0,0,251,350,0.72,2761.22
Etihad,DXB,JFK,11000,7,Sun,8,6.59,True,1,138,306,350,0.876,4213.09
Emirates,DXB,JNB,6400,5,Sat,20,5.6,False,0,0,314,350,0.898,3417.72
Singapore Airlines,DXB,NRT,7900,11,Tue,23,5.43,False,0,0,235,350,0.672,3157.8
Emirates,DXB,FRA,4800,1,Fri,20,3.81,True,0,0,329,350,0.94,3206.01
Emirates,DXB,BOM,1900,8,Thu,6,7.02,False,0,0,228,350,0.652,2171.64
Emirates,DXB,LHR,5500,3,Fri,7,7.89,False,0,0,281,350,0.805,3055.0
British Airways,DXB,JFK,11000,8,Thu,1,5.65,False,1,96,170,350,0.486,3135.53
Emirates,DXB,FRA,4800,1,Tue,14,5.72,True,0,0,309,350,0.884,3093.5
Emirates,DXB,FRA,4800,7,Sun,20,2.62,True,0,0,300,350,0.859,3042.02
Singapore Airlines,DXB,SIN,5900,11,Thu,2,5.76,False,0,0,277,350,0.793,3098.92
British Airways,DXB,JFK,11000,2,Mon,4,4.06,False,0,0,246,350,0.704,3737.5
Qatar Airways,DXB,FRA,4800,4,Tue,0,5.44,False,0,0,276,350,0.791,2904.08
Singapore Airlines,DXB,FRA,4800,9,Mon,6,7.02,False,0,0,246,350,0.704,2729.92
Etihad,DXB,FRA,4800,10,Tue,12,6.63,False,0,0,160,350,0.458,2234.16
Emirates,DXB,JNB,6400,3,Wed,9,6.4,False,0,0,253,350,0.724,3033.72
Emirates,DXB,BKK,4900,2,Tue,10,4.98,False,0,0,251,350,0.719,2777.04
Emirates,DXB,SIN,5900,4,Sat,15,6.66,False,0,0,254,350,0.728,2959.21
Etihad,DXB,NRT,7900,3,Mon,12,7.19,False,0,0,251,350,0.718,3266.37
Emirates,DXB,BOM,1900,7,Mon,6,4.26,True,0,0,273,350,0.78,2385.86
Turkish Airlines,DXB,JNB,6400,6,Tue,7,3.19,True,0,0,279,350,0.798,3196.25
Singapore Airlines,DXB,JFK,11000,9,Sat,22,4.61,False,0,0,259,350,0.742,3840.87
British Airways,DXB,FRA,4800,1,Mon,20,3.65,True,1,58,349,350,0.998,3323.34
Qatar Airways,DXB,NRT,7900,9,Mon,16,4.51,False,0,0,252,350,0.72,3272.41
Qatar Airways,DXB,LHR,5500,2,Sun,10,4.92,False,0,0,235,350,0.672,2775.24
Singapore Airlines,DXB,JFK,11000,7,Mon,10,3.76,True,0,0,282,350,0.808,4023.58
Turkish Airlines,DXB,SYD,12000,2,Fri,19,3.44,False,1,88,266,350,0.76,4062.18
Etihad,DXB,NRT,7900,1,Thu,20,4.09,True,0,0,249,350,0.714,3257.75
Emirates,DXB,SYD,12000,7,Thu,10,7.98,True,0,0,256,350,0.732,3980.58
Etihad,DXB,LHR,5500,2,Sat,23,3.49,False,0,0,303,350,0.867,3185.43
Emirates,DXB,LHR,5500,4,Sat,1,8.74,False,0,0,303,350,0.868,3187.67
Emirates,DXB,BKK,4900,10,Wed,8,5.8,False,0,0,299,350,0.856,3053.38
British Airways,DXB,JNB,6400,12,Fri,12,5.63,True,0,0,316,350,0.905,3434.23
Singapore Airlines,DXB,BKK,4900,2,Fri,15,0.6,False,1,29,338,350,0.967,3278.82
Emirates,DXB,BKK,4900,12,Sat,2,4.21,True,0,0,319,350,0.912,3168.32
Emirates,DXB,FRA,4800,10,Wed,9,7.6,False,0,0,201,350,0.576,2472.61
British Airways,DXB,CDG,5200,12,Wed,5,5.14,True,0,0,290,350,0.83,3055.47
Etihad,DXB,JFK,11000,7,Tue,15,4.17,True,1,35,254,350,0.728,3804.25
British Airways,DXB,NRT,7900,6,Fri,4,5.99,True,0,0,288,350,0.824,3518.89
British Airways,DXB,BKK,4900,11,Tue,9,6.74,False,1,33,216,350,0.617,2570.15
Emirates,DXB,BKK,4900,6,Sun,14,6.22,True,0,0,350,350,1.0,3346.2
Emirates,DXB,JNB,6400,11,Sun,8,7.16,False,0,0,255,350,0.729,3045.55
British Airways,DXB,FRA,4800,12,Fri,7,6.17,True,0,0,313,350,0.897,3117.79
British Airways,DXB,SYD,12000,8,Wed,20,4.93,False,0,0,220,350,0.63,3686.78
Emirates,DXB,JFK,11000,10,Thu,4,7.88,False,0,0,252,350,0.72,3781.78
Qatar Airways,DXB,JNB,6400,6,Wed,2,4.12,True,0,0,260,350,0.744,3078.92
British Airways,DXB,SIN,5900,12,Sun,5,1.13,True,0,0,334,350,0.956,3449.15
Emirates,DXB,JFK,11000,1,Wed,23,3.27,True,0,0,251,350,0.72,3780.92
Singapore Airlines,DXB,FRA,4800,3,Sat,16,6.7,False,0,0,291,350,0.834,2991.14
Etihad,DXB,SYD,12000,10,Sun,11,4.97,False,0,0,224,350,0.641,3718.59
British Airways,DXB,JNB,6400,12,Fri,22,4.91,True,1,55,350,350,1.0,3643.2
Emirates,DXB,CDG,5200,2,Wed,5,6.77,False,0,0,279,350,0.8,2992.47
Emirates,DXB,BOM,1900,5,Sat,5,4.44,False,1,98,256,350,0.733,2307.61
Emirates,DXB,FRA,4800,1,Sat,17,4.91,True,1,59,317,350,0.908,3140.83
Turkish Airlines,DXB,FRA,4800,4,Mon,21,7.12,False,0,0,226,350,0.647,2615.74
British Airways,DXB,FRA,4800,2,Sat,23,1.92,False,0,0,237,350,0.68,2680.49
Turkish Airlines,DXB,JFK,11000,9,Sat,15,3.8,False,0,0,252,350,0.722,3786.41
Emirates,DXB,JFK,11000,4,Sun,12,5.67,False,0,0,246,350,0.704,3735.87
Singapore Airlines,DXB,FRA,4800,2,Fri,17,3.32,False,0,0,306,350,0.876,3076.63
Singapore Airlines,DXB,SIN,5900,4,Tue,8,6.21,False,0,0,199,350,0.57,2620.08
Singapore Airlines,DXB,LHR,5500,9,Mon,21,2.44,False,0,0,253,350,0.725,2888.27
Etihad,DXB,LHR,5500,5,Mon,22,4.49,False,0,0,179,350,0.514,2443.86
Qatar Airways,DXB,JNB,6400,8,Thu,1,5.45,False,1,60,251,350,0.719,3022.43
Turkish Airlines,DXB,LHR,5500,2,Sat,4,4.93,False,0,0,266,350,0.763,2966.95
Qatar Airways,DXB,SYD,12000,5,Fri,1,3.5,False,0,0,204,350,0.586,3558.49
Etihad,DXB,JNB,6400,10,Fri,1,8.31,False,1,16,242,350,0.693,2964.8
Turkish Airlines,DXB,JNB,6400,2,Tue,22,7.55,False,1,57,261,350,0.748,3086.21
Etihad,DXB,SYD,12000,1,Sat,19,8.0,True,1,41,350,350,1.0,4752.0
Singapore Airlines,DXB,LHR,5500,10,Thu,5,7.22,False,0,0,201,350,0.576,2575.1
British Airways,DXB,SYD,12000,3,Wed,4,7.66,False,0,0,220,350,0.631,3690.31
Etihad,DXB,BOM,1900,5,Thu,1,4.83,False,0,0,228,350,0.654,2174.32
Etihad,DXB,SIN,5900,8,Fri,17,2.64,False,1,21,238,350,0.683,2862.55
Singapore Airlines,DXB,JFK,11000,6,Sat,23,6.45,True,0,0,322,350,0.922,4338.65
Etihad,DXB,JFK,11000,5,Sat,3,6.43,False,0,0,277,350,0.793,3981.37
Qatar Airways,DXB,SIN,5900,3,Wed,6,5.36,False,1,225,212,350,0.607,2699.31
Qatar Airways,DXB,LHR,5500,5,Thu,3,4.83,False,0,0,229,350,0.656,2742.26
Emirates,DXB,SYD,12000,6,Fri,17,4.07,True,0,0,330,350,0.944,4590.18
Emirates,DXB,LHR,5500,9,Wed,4,6.48,False,1,25,265,350,0.76,2960.01
Turkish Airlines,DXB,SYD,12000,10,Tue,0,10.0,False,0,0,253,350,0.723,3954.0
British Airways,DXB,BOM,1900,6,Wed,16,4.81,True,1,71,350,350,1.0,2752.2
Emirates,DXB,JFK,11000,2,Sun,21,6.02,False,1,76,350,350,1.0,4554.0
Qatar Airways,DXB,FRA,4800,3,Fri,13,6.66,False,0,0,247,350,0.707,2736.72
Emirates,DXB,SYD,12000,6,Mon,2,5.66,True,0,0,270,350,0.772,4094.35
Turkish Airlines,DXB,JFK,11000,7,Fri,11,5.48,True,0,0,342,350,0.98,4497.8
Emirates,DXB,SYD,12000,9,Wed,18,3.29,False,1,119,200,350,0.572,3518.01
Emirates,DXB,LHR,5500,9,Tue,10,4.74,False,0,0,231,350,0.661,2753.06
Turkish Airlines,DXB,BOM,1900,5,Sat,4,3.79,False,1,86,288,350,0.824,2458.8
Emirates,DXB,CDG,5200,10,Mon,13,10.0,False,0,0,262,350,0.749,2888.25
Turkish Airlines,DXB,SYD,12000,12,Wed,15,2.34,True,0,0,309,350,0.885,4421.63
Etihad,DXB,JFK,11000,7,Wed,10,7.36,True,0,0,350,350,1.0,4554.0
Turkish Airlines,DXB,BOM,1900,8,Wed,12,5.84,False,0,0,188,350,0.538,1981.53
Emirates,DXB,BKK,4900,5,Tue,18,2.48,False,0,0,243,350,0.695,2728.67
Turkish Airlines,DXB,SYD,12000,12,Tue,2,6.61,True,0,0,303,350,0.867,4370.37
Singapore Airlines,DXB,NRT,7900,12,Thu,11,5.18,True,0,0,246,350,0.706,3237.41
Emirates,DXB,JFK,11000,9,Sat,3,4.85,False,0,0,281,350,0.803,4010.48
British Airways,DXB,BKK,4900,1,Wed,22,4.07,True,1,76,298,350,0.854,3049.84
Singapore Airlines,DXB,FRA,4800,11,Sat,22,5.54,False,0,0,287,350,0.821,2965.4
Emirates,DXB,SYD,12000,7,Fri,23,5.28,True,0,0,331,350,0.947,4598.79
Emirates,DXB,LHR,5500,3,Mon,22,5.83,False,0,0,214,350,0.612,2649.24
Emirates,DXB,NRT,7900,9,Wed,7,4.53,False,0,0,237,350,0.678,3170.79
Etihad,DXB,SYD,12000,9,Tue,18,5.12,False,0,0,331,350,0.948,4603.29
Emirates,DXB,CDG,5200,2,Sat,13,6.8,False,0,0,256,350,0.733,2853.76
Emirates,DXB,BOM,1900,9,Wed,3,6.91,False,0,0,261,350,0.746,2328.92
Turkish Airlines,DXB,LHR,5500,4,Sun,2,5.96,False,0,0,335,350,0.958,3376.26
British Airways,DXB,JNB,6400,12,Tue,13,2.43,True,0,0,272,350,0.777,3151.35
Etihad,DXB,JFK,11000,6,Wed,23,4.95,True,0,0,350,350,1.0,4554.0
Etihad,DXB,BOM,1900,6,Sat,0,4.49,True,0,0,239,350,0.684,2224.49
Emirates,DXB,FRA,4800,10,Sun,22,8.53,False,0,0,291,350,0.833,2990.4
Etihad,DXB,CDG,5200,7,Wed,14,5.89,True,0,0,349,350,0.998,3401.28
Qatar Airways,DXB,BKK,4900,2,Tue,3,4.15,False,1,94,314,350,0.899,3140.79
Etihad,DXB,JNB,6400,4,Fri,19,6.32,False,0,0,171,350,0.489,2514.68
Etihad,DXB,BKK,4900,9,Sun,19,6.71,False,0,0,168,350,0.481,2293.96
Qatar Airways,DXB,JNB,6400,12,Mon,18,4.39,True,0,0,290,350,0.829,3265.49
Emirates,DXB,SIN,5900,5,Sun,6,6.53,False,0,0,230,350,0.658,2810.63
Etihad,DXB,SYD,12000,4,Sat,15,5.15,False,0,0,280,350,0.8,4176.95
Singapore Airlines,DXB,BOM,1900,8,Wed,20,7.16,False,0,0,186,350,0.534,1974.52
Turkish Airlines,DXB,CDG,5200,3,Fri,14,7.86,False,0,0,154,350,0.442,2254.44
Etihad,DXB,BOM,1900,11,Fri,9,5.55,False,1,16,242,350,0.694,2241.14
Emirates,DXB,JFK,11000,6,Thu,4,2.61,True,0,0,296,350,0.848,4134.25
Emirates,DXB,BOM,1900,5,Fri,4,5.2,False,0,0,232,350,0.664,2191.66
British Airways,DXB,JNB,6400,7,Wed,1,3.56,True,1,152,300,350,0.86,3333.73
Emirates,DXB,SYD,12000,6,Thu,2,5.88,True,0,0,350,350,1.0,4752.0
Emirates,DXB,SYD,12000,7,Wed,20,6.51,True,0,0,277,350,0.794,4158.42
Singapore Airlines,DXB,FRA,4800,6,Tue,19,5.5,True,1,62,338,350,0.968,3261.63
Etihad,DXB,LHR,5500,6,Sat,18,4.38,True,0,0,276,350,0.789,3022.3
Singapore Airlines,DXB,NRT,7900,3,Tue,10,7.45,False,1,36,265,350,0.759,3364.1
Emirates,DXB,NRT,7900,6,Sun,23,3.31,True,0,0,312,350,0.894,3686.22
Qatar Airways,DXB,CDG,5200,5,Mon,21,4.23,False,0,0,269,350,0.77,2930.88
Qatar Airways,DXB,CDG,5200,3,Thu,4,9.13,False,0,0,159,350,0.457,2284.76
Qatar Airways,DXB,FRA,4800,8,Tue,13,4.22,False,0,0,138,350,0.394,2105.53
Etihad,DXB,JNB,6400,10,Sat,9,7.46,False,0,0,222,350,0.637,2841.44
Etihad,DXB,SIN,5900,10,Mon,17,5.94,False,1,115,198,350,0.567,2614.89
Emirates,DXB,BKK,4900,5,Thu,20,5.12,False,1,32,284,350,0.813,2967.29
Emirates,DXB,JNB,6400,12,Sat,10,4.27,True,0,0,350,350,1.0,3643.2
Emirates,DXB,SYD,12000,5,Sun,7,4.96,False,1,79,265,350,0.758,4054.25
Emirates,DXB,FRA,4800,12,Thu,2,6.06,True,0,0,339,350,0.969,3264.57
Turkish Airlines,DXB,FRA,4800,9,Thu,15,6.24,False,0,0,217,350,0.621,2561.9
Emirates,DXB,BKK,4900,9,Sat,13,3.99,False,1,74,176,350,0.503,2338.01
British Airways,DXB,JFK,11000,1,Fri,2,5.08,True,1,193,304,350,0.87,4194.41
Emirates,DXB,CDG,5200,9,Sun,7,5.25,False,0,0,225,350,0.644,2669.8
Emirates,DXB,SYD,12000,3,Sat,9,4.89,False,0,0,277,350,0.793,4155.11
Singapore Airlines,DXB,FRA,4800,11,Thu,5,5.12,False,0,0,210,350,0.602,2524.05
Turkish Airlines,DXB,BOM,1900,11,Thu,19,5.63,False,0,0,175,350,0.503,1922.95
Emirates,DXB,SYD,12000,1,Thu,20,4.13,True,0,0,213,350,0.609,3626.93
British Airways,DXB,CDG,5200,1,Tue,5,2.35,True,0,0,322,350,0.92,3240.77
Etihad,DXB,BOM,1900,10,Sun,13,8.46,False,0,0,273,350,0.78,2385.79
Qatar Airways,DXB,SYD,12000,6,Thu,7,4.87,True,0,0,292,350,0.835,4276.55
Etihad,DXB,SIN,5900,10,Tue,16,7.4,False,0,0,170,350,0.486,2440.25
Etihad,DXB,NRT,7900,3,Sun,21,5.17,False,0,0,286,350,0.82,3510.16
Etihad,DXB,SYD,12000,11,Sat,7,5.67,False,0,0,184,350,0.528,3391.78
Qatar Airways,DXB,NRT,7900,12,Wed,5,7.7,True,1,43,248,350,0.71,3248.85
Singapore Airlines,DXB,SIN,5900,5,Fri,7,5.51,False,0,0,300,350,0.86,3243.27
Emirates,DXB,JFK,11000,3,Thu,22,6.08,False,0,0,193,350,0.553,3318.94
British Airways,DXB,BKK,4900,8,Mon,0,6.24,False,0,0,228,350,0.652,2640.59
Turkish Airlines,DXB,JFK,11000,8,Wed,8,3.47,False,0,0,242,350,0.693,3705.52
Etihad,DXB,CDG,5200,9,Tue,17,4.16,False,1,20,219,350,0.628,2638.58
Emirates,DXB,NRT,7900,5,Mon,3,3.65,False,0,0,216,350,0.618,3026.8
Emirates,DXB,JFK,11000,1,Wed,2,6.38,True,0,0,269,350,0.769,3916.01
Singapore Airlines,DXB,BKK,4900,6,Thu,15,5.35,True,1,132,283,350,0.811,2961.97
Singapore Airlines,DXB,JFK,11000,7,Fri,13,4.47,True,0,0,322,350,0.922,4337.44
Emirates,DXB,NRT,7900,9,Thu,0,4.96,False,0,0,196,350,0.561,2891.9
British Airways,DXB,JFK,11000,7,Tue,12,4.01,True,0,0,264,350,0.756,3881.84
British Airways,DXB,NRT,7900,9,Tue,18,2.2,False,1,21,226,350,0.647,3096.19
Singapore Airlines,DXB,JNB,6400,7,Mon,7,4.99,True,0,0,328,350,0.938,3506.9
Qatar Airways,DXB,JFK,11000,4,Sat,1,6.63,False,0,0,219,350,0.627,3524.82
Qatar Airways,DXB,SIN,5900,11,Fri,18,9.1,False,1,16,274,350,0.785,3081.77
Turkish Airlines,DXB,JNB,6400,1,Tue,6,5.12,True,0,0,273,350,0.781,3159.06
Singapore Airlines,DXB,BKK,4900,9,Sat,9,5.08,False,0,0,230,350,0.658,2652.14
Qatar Airways,DXB,FRA,4800,11,Thu,8,5.43,False,0,0,238,350,0.681,2682.68
Emirates,DXB,SYD,12000,12,Fri,22,4.63,True,0,0,329,350,0.942,4584.6
Etihad,DXB,BKK,4900,8,Fri,13,3.98,False,0,0,207,350,0.592,2519.59
Etihad,DXB,JNB,6400,11,Tue,16,6.95,False,0,0,194,350,0.557,2664.75
Emirates,DXB,SYD,12000,4,Tue,9,6.78,False,0,0,287,350,0.82,4234.02
Turkish Airlines,DXB,CDG,5200,4,Sat,23,7.61,False,1,65,211,350,0.603,2587.07
Emirates,DXB,JNB,6400,5,Wed,21,5.69,False,0,0,271,350,0.776,3147.78
Qatar Airways,DXB,JFK,11000,3,Tue,16,7.92,False,0,0,155,350,0.444,3020.46
Emirates,DXB,FRA,4800,2,Thu,9,7.4,False,0,0,263,350,0.753,2828.2
Emirates,DXB,JNB,6400,4,Sun,2,7.85,False,0,0,296,350,0.846,3303.23
Qatar Airways,DXB,BOM,1900,12,Thu,8,6.34,True,0,0,282,350,0.807,2429.8
Emirates,DXB,CDG,5200,9,Tue,18,6.39,False,0,0,290,350,0.83,3055.39
Etihad,DXB,BKK,4900,2,Mon,2,4.51,False,0,0,239,350,0.684,2705.51
Emirates,DXB,SYD,12000,7,Mon,8,2.78,True,0,0,305,350,0.874,4388.65
Turkish Airlines,DXB,SIN,5900,7,Sun,0,8.05,True,0,0,336,350,0.962,3462.42
Singapore Airlines,DXB,LHR,5500,4,Tue,10,6.74,False,0,0,234,350,0.67,2773.02
Emirates,DXB,NRT,7900,5,Sun,7,4.19,False,0,0,151,350,0.434,2588.93
Emirates,DXB,SIN,5900,4,Fri,21,7.26,False,0,0,308,350,0.881,3289.4
Turkish Airlines,DXB,CDG,5200,4,Thu,10,8.19,False,0,0,232,350,0.665,2714.3
Emirates,DXB,FRA,4800,1,Wed,1,5.28,True,0,0,265,350,0.757,2837.51
Etihad,DXB,FRA,4800,3,Sat,8,9.72,False,0,0,184,350,0.526,2370.65
Qatar Airways,DXB,NRT,7900,8,Sat,6,8.5,False,0,0,145,350,0.415,2544.06
Qatar Airways,DXB,BKK,4900,3,Tue,6,9.16,False,0,0,121,350,0.348,2023.66
Emirates,DXB,FRA,4800,7,Tue,3,3.86,True,0,0,350,350,1.0,3326.4
Emirates,DXB,JFK,11000,6,Sat,4,7.13,True,1,61,347,350,0.994,4537.01
Turkish Airlines,DXB,FRA,4800,10,Mon,16,8.34,False,0,0,231,350,0.661,2643.53
Etihad,DXB,CDG,5200,1,Sun,19,3.55,True,1,34,281,350,0.805,3002.94
Etihad,DXB,SYD,12000,2,Sat,4,3.59,False,0,0,270,350,0.773,4097.84
Emirates,DXB,BKK,4900,10,Fri,7,6.63,False,0,0,256,350,0.732,2802.06
Qatar Airways,DXB,BKK,4900,8,Tue,14,3.0,False,0,0,209,350,0.599,2532.28
Singapore Airlines,DXB,BOM,1900,3,Wed,11,6.52,False,1,28,236,350,0.676,2212.46
Emirates,DXB,BOM,1900,4,Sat,17,7.78,False,0,0,337,350,0.965,2693.76
Emirates,DXB,JFK,11000,6,Fri,23,4.51,True,1,41,350,350,1.0,4554.0
Qatar Airways,DXB,BKK,4900,8,Sat,1,4.68,False,0,0,337,350,0.964,3273.41
Etihad,DXB,NRT,7900,12,Sun,3,5.05,True,0,0,350,350,1.0,3940.2
Emirates,DXB,JFK,11000,5,Wed,8,5.15,False,0,0,209,350,0.599,3446.21
Emirates,DXB,LHR,5500,11,Tue,20,7.58,False,0,0,143,350,0.411,2227.43
Emirates,DXB,SIN,5900,9,Thu,5,6.17,False,1,21,237,350,0.679,2854.7
Emirates,DXB,LHR,5500,4,Sun,19,6.3,False,1,127,260,350,0.743,2926.22
Etihad,DXB,JNB,6400,7,Mon,7,5.53,True,0,0,327,350,0.936,3501.9
Etihad,DXB,BKK,4900,9,Tue,13,4.91,False,1,27,187,350,0.536,2404.34
Singapore Airlines,DXB,LHR,5500,5,Thu,17,5.23,False,0,0,198,350,0.567,2555.81
Emirates,DXB,NRT,7900,4,Fri,18,8.52,False,0,0,193,350,0.554,2875.05
Qatar Airways,DXB,BKK,4900,7,Tue,20,3.24,True,0,0,277,350,0.793,2926.73
Emirates,DXB,BKK,4900,7,Mon,0,6.07,True,0,0,273,350,0.781,2901.06
Emirates,DXB,FRA,4800,9,Sun,15,6.43,False,1,58,226,350,0.648,2617.57
Etihad,DXB,SYD,12000,11,Sat,18,7.0,False,0,0,240,350,0.686,3847.02
British Airways,DXB,BKK,4900,2,Fri,5,4.87,False,0,0,215,350,0.616,2567.37
Emirates,DXB,BKK,4900,2,Thu,6,2.19,False,0,0,213,350,0.609,2552.91
Turkish Airlines,DXB,BOM,1900,5,Sat,17,6.96,False,1,94,256,350,0.733,2307.37
Emirates,DXB,SYD,12000,7,Sun,4,5.11,True,1,81,348,350,0.995,4737.14
Qatar Airways,DXB,JNB,6400,2,Tue,5,4.99,False,0,0,236,350,0.677,2929.13
Singapore Airlines,DXB,BKK,4900,12,Tue,0,3.15,True,0,0,331,350,0.948,3241.17
Emirates,DXB,LHR,5500,6,Thu,6,4.88,True,1,46,300,350,0.86,3170.12
Turkish Airlines,DXB,NRT,7900,10,Sun,22,6.2,False,0,0,273,350,0.782,3418.58
Singapore Airlines,DXB,SYD,12000,4,Fri,9,5.75,False,0,0,330,350,0.944,4590.47
British Airways,DXB,NRT,7900,6,Fri,4,5.59,True,1,18,303,350,0.867,3622.26
Singapore Airlines,DXB,JNB,6400,2,Fri,16,7.49,False,0,0,304,350,0.869,3353.67
Qatar Airways,DXB,SIN,5900,7,Tue,16,6.55,True,1,36,224,350,0.641,2774.07
British Airways,DXB,JNB,6400,4,Thu,4,7.34,False,1,18,170,350,0.488,2512.29
Emirates,DXB,SIN,5900,12,Wed,17,6.77,True,0,0,282,350,0.806,3127.44
Emirates,DXB,CDG,5200,3,Mon,12,5.87,False,1,33,243,350,0.695,2775.28
British Airways,DXB,LHR,5500,5,Wed,22,5.5,False,0,0,242,350,0.694,2821.88
Qatar Airways,DXB,BOM,1900,5,Sun,20,4.35,False,0,0,277,350,0.793,2407.17
Emirates,DXB,JFK,11000,8,Mon,4,4.99,False,0,0,237,350,0.679,3668.55
Singapore Airlines,DXB,LHR,5500,8,Wed,11,3.63,False,1,107,210,350,0.601,2626.27
Emirates,DXB,CDG,5200,11,Mon,14,7.44,False,0,0,188,350,0.54,2455.47
Singapore Airlines,DXB,JNB,6400,12,Wed,5,4.45,True,1,70,288,350,0.825,3256.55
Emirates,DXB,BOM,1900,6,Thu,15,2.98,True,0,0,251,350,0.72,2284.79
Emirates,DXB,JNB,6400,8,Fri,15,6.72,False,0,0,284,350,0.812,3227.48
Emirates,DXB,LHR,5500,9,Fri,8,6.82,False,1,56,277,350,0.793,3029.43
Emirates,DXB,SYD,12000,8,Mon,6,5.24,False,0,0,263,350,0.752,4037.3
Qatar Airways,DXB,JNB,6400,5,Sat,10,8.35,False,0,0,240,350,0.688,2953.65
Emirates,DXB,JNB,6400,2,Tue,18,5.41,False,0,0,315,350,0.9,3423.44
Qatar Airways,DXB,BOM,1900,4,Tue,4,6.14,False,0,0,192,350,0.549,1999.44
Emirates,DXB,FRA,4800,6,Sun,16,7.16,True,1,99,328,350,0.938,3201.94
Emirates,DXB,CDG,5200,11,Thu,10,9.97,False,0,0,193,350,0.554,2484.96
Emirates,DXB,JFK,11000,12,Thu,23,4.42,True,0,0,279,350,0.799,3999.72
Etihad,DXB,JNB,6400,12,Sun,14,6.71,True,0,0,264,350,0.755,3102.15
Emirates,DXB,LHR,5500,11,Thu,18,9.67,False,1,16,250,350,0.717,2870.11
Emirates,DXB,FRA,4800,5,Sun,22,3.47,False,0,0,241,350,0.69,2701.64
Emirates,DXB,JFK,11000,2,Mon,8,4.4,False,0,0,212,350,0.607,3469.94
Etihad,DXB,BKK,4900,2,Fri,3,3.73,False,1,17,235,350,0.674,2684.24
Emirates,DXB,JFK,11000,11,Thu,2,5.87,False,1,76,265,350,0.759,3887.69
Qatar Airways,DXB,SYD,12000,7,Sat,14,5.29,True,0,0,279,350,0.798,4171.15
British Airways,DXB,LHR,5500,6,Fri,1,3.09,True,0,0,319,350,0.914,3284.76
Etihad,DXB,BOM,1900,12,Wed,7,7.38,True,0,0,223,350,0.639,2150.47
Singapore Airlines,DXB,JFK,11000,11,Mon,14,6.42,False,0,0,258,350,0.738,3830.42
Singapore Airlines,DXB,SIN,5900,9,Mon,8,4.68,False,0,0,217,350,0.623,2733.86
Emirates,DXB,SYD,12000,8,Sun,6,5.1,False,0,0,258,350,0.739,4001.08
Qatar Airways,DXB,JFK,11000,4,Sun,1,6.45,False,0,0,302,350,0.865,4180.73
Etihad,DXB,LHR,5500,10,Sun,12,6.37,False,0,0,239,350,0.683,2799.78
Emirates,DXB,SIN,5900,9,Mon,15,5.8,False,0,0,198,350,0.567,2613.49
Emirates,DXB,JFK,11000,10,Wed,4,5.27,False,0,0,228,350,0.652,3593.3
Qatar Airways,DXB,BKK,4900,12,Wed,1,5.73,True,0,0,249,350,0.713,2764.22
British Airways,DXB,LHR,5500,5,Sat,10,3.99,False,0,0,218,350,0.624,2676.25
Qatar Airways,DXB,SYD,12000,5,Fri,23,4.08,False,1,15,307,350,0.877,4399.12
Emirates,DXB,SYD,12000,1,Fri,8,5.78,True,0,0,303,350,0.867,4369.21
Emirates,DXB,BOM,1900,8,Wed,22,3.22,False,0,0,186,350,0.532,1971.28
Singapore Airlines,DXB,BKK,4900,10,Sat,4,7.32,False,0,0,310,350,0.886,3115.38
Turkish Airlines,DXB,JFK,11000,10,Wed,20,5.8,False,0,0,259,350,0.741,3838.96
Singapore Airlines,DXB,BOM,1900,4,Wed,13,7.11,False,0,0,245,350,0.7,2252.45
British Airways,DXB,JNB,6400,5,Sun,8,3.24,False,0,0,275,350,0.786,3171.56
Turkish Airlines,DXB,SIN,5900,1,Sun,13,4.26,True,0,0,292,350,0.837,3193.72
Emirates,DXB,SYD,12000,5,Sat,6,4.07,False,1,67,170,350,0.486,3271.41
Emirates,DXB,NRT,7900,7,Tue,9,3.29,True,1,56,263,350,0.754,3353.06
Qatar Airways,DXB,SIN,5900,10,Tue,6,7.24,False,0,0,271,350,0.775,3060.14
Emirates,DXB,FRA,4800,10,Thu,8,6.36,False,0,0,199,350,0.57,2460.2
Singapore Airlines,DXB,SYD,12000,10,Wed,4,10.0,False,0,0,205,350,0.586,3559.38
Emirates,DXB,NRT,7900,7,Sat,14,5.64,True,1,71,350,350,1.0,3940.2
Emirates,DXB,JFK,11000,3,Fri,8,8.06,False,0,0,221,350,0.632,3537.33
Singapore Airlines,DXB,SYD,12000,7,Mon,4,5.58,True,0,0,254,350,0.727,3966.66
Singapore Airlines,DXB,FRA,4800,8,Tue,0,5.19,False,1,52,240,350,0.687,2694.95
Turkish Airlines,DXB,FRA,4800,5,Wed,23,7.01,False,0,0,240,350,0.688,2697.96
British Airways,DXB,BOM,1900,4,Mon,8,6.02,False,0,0,246,350,0.704,2258.09
Etihad,DXB,SIN,5900,3,Tue,5,7.4,False,0,0,269,350,0.77,3049.67
Singapore Airlines,DXB,SYD,12000,11,Sun,10,6.09,False,0,0,296,350,0.847,4312.56
Etihad,DXB,BOM,1900,5,Sat,0,2.13,False,1,19,254,350,0.726,2294.87
Singapore Airlines,DXB,BOM,1900,2,Wed,7,5.52,False,0,0,188,350,0.538,1981.85
British Airways,DXB,FRA,4800,7,Fri,1,6.79,True,0,0,325,350,0.929,3183.32
Emirates,DXB,SIN,5900,11,Tue,11,5.82,False,0,0,279,350,0.799,3112.97
Turkish Airlines,DXB,JNB,6400,2,Wed,13,5.14,False,0,0,203,350,0.582,2720.92
Turkish Airlines,DXB,SIN,5900,6,Sun,16,4.19,True,0,0,331,350,0.947,3430.55
Emirates,DXB,JFK,11000,6,Wed,14,6.75,True,0,0,259,350,0.742,3840.64
Etihad,DXB,SIN,5900,10,Fri,4,6.57,False,0,0,281,350,0.804,3122.2
Singapore Airlines,DXB,LHR,5500,2,Sat,23,5.81,False,0,0,241,350,0.69,2814.05
British Airways,DXB,CDG,5200,11,Tue,2,6.36,False,0,0,181,350,0.518,2410.75
Etihad,DXB,BOM,1900,8,Wed,22,4.71,False,0,0,221,350,0.632,2138.65
Emirates,DXB,NRT,7900,10,Sun,5,5.33,False,0,0,241,350,0.689,3196.76
Turkish Airlines,DXB,SIN,5900,5,Mon,1,8.98,False,1,54,233,350,0.667,2829.75
Emirates,DXB,BOM,1900,8,Sun,3,5.32,False,0,0,262,350,0.75,2335.27
Qatar Airways,DXB,FRA,4800,9,Sun,16,6.64,False,0,0,237,350,0.679,2679.78
Turkish Airlines,DXB,JFK,11000,4,Thu,4,8.3,False,0,0,209,350,0.597,3442.39
British Airways,DXB,BKK,4900,9,Wed,21,7.17,False,0,0,293,350,0.839,3020.5
Etihad,DXB,FRA,4800,2,Sun,21,4.31,False,1,57,262,350,0.749,2819.74
Etihad,DXB,JNB,6400,8,Mon,15,4.77,False,0,0,276,350,0.789,3177.78
Emirates,DXB,JNB,6400,6,Thu,18,4.11,True,0,0,303,350,0.867,3348.79
Qatar Airways,DXB,BKK,4900,2,Wed,15,5.19,False,0,0,272,350,0.778,2896.3
Qatar Airways,DXB,FRA,4800,10,Wed,6,5.11,False,0,0,161,350,0.463,2242.95
Turkish Airlines,DXB,JFK,11000,2,Thu,22,6.64,False,0,0,230,350,0.658,3611.1
British Airways,DXB,LHR,5500,12,Wed,22,5.05,True,0,0,267,350,0.764,2968.63
Singapore Airlines,DXB,BOM,1900,4,Thu,4,8.75,False,0,0,247,350,0.708,2264.7
Etihad,DXB,SIN,5900,8,Wed,13,5.46,False,0,0,231,350,0.661,2815.88
Qatar Airways,DXB,JNB,6400,6,Tue,14,4.97,True,0,0,230,350,0.658,2886.97
Turkish Airlines,DXB,NRT,7900,5,Wed,13,5.05,False,0,0,230,350,0.658,3122.61
British Airways,DXB,LHR,5500,4,Sat,6,6.97,False,0,0,218,350,0.625,2677.81
Turkish Airlines,DXB,FRA,4800,4,Wed,23,7.71,False,0,0,202,350,0.578,2474.89
Singapore Airlines,DXB,BOM,1900,1,Wed,17,6.06,True,1,29,257,350,0.737,2313.22
Emirates,DXB,BKK,4900,7,Fri,23,6.19,True,0,0,264,350,0.756,2851.08
Emirates,DXB,NRT,7900,8,Mon,6,3.74,False,1,23,240,350,0.687,3192.14
Turkish Airlines,DXB,BKK,4900,12,Thu,20,6.44,True,0,0,299,350,0.855,3052.23
Singapore Airlines,DXB,JFK,11000,8,Sun,10,4.16,False,1,79,260,350,0.745,3850.59
Emirates,DXB,JNB,6400,5,Wed,11,4.37,False,0,0,223,350,0.639,2846.85
Etihad,DXB,JNB,6400,7,Wed,11,5.37,True,0,0,302,350,0.865,3345.26
British Airways,DXB,SIN,5900,8,Fri,6,3.98,False,0,0,286,350,0.818,3152.41
Turkish Airlines,DXB,SYD,12000,3,Thu,0,7.07,False,0,0,247,350,0.707,3909.19
Emirates,DXB,CDG,5200,8,Thu,8,4.48,False,0,0,224,350,0.641,2664.84
Turkish Airlines,DXB,CDG,5200,1,Thu,8,4.25,True,0,0,223,350,0.639,2659.93
Emirates,DXB,BOM,1900,6,Mon,18,6.89,True,0,0,235,350,0.674,2207.74
Emirates,DXB,SIN,5900,1,Fri,20,6.39,True,1,17,329,350,0.942,3420.04
British Airways,DXB,JNB,6400,2,Sat,0,4.27,False,0,0,313,350,0.897,3415.33
Etihad,DXB,LHR,5500,3,Fri,11,6.6,False,0,0,258,350,0.739,2917.15
British Airways,DXB,LHR,5500,6,Mon,22,1.23,True,0,0,335,350,0.959,3379.9
British Airways,DXB,BKK,4900,9,Thu,0,6.63,False,0,0,231,350,0.66,2656.74
Singapore Airlines,DXB,LHR,5500,11,Thu,18,6.07,False,0,0,129,350,0.37,2142.87
Emirates,DXB,JFK,11000,2,Sat,20,7.62,False,0,0,191,350,0.547,3303.84
Etihad,DXB,JFK,11000,1,Mon,20,4.4,True,0,0,276,350,0.789,3972.07
Emirates,DXB,NRT,7900,5,Thu,19,3.67,False,0,0,233,350,0.668,3147.69
Turkish Airlines,DXB,BKK,4900,2,Mon,9,4.56,False,0,0,146,350,0.418,2165.38
Turkish Airlines,DXB,LHR,5500,4,Thu,19,5.23,False,0,0,181,350,0.518,2453.8
Turkish Airlines,DXB,SYD,12000,7,Wed,17,2.45,True,0,0,236,350,0.677,3821.5
Etihad,DXB,CDG,5200,11,Fri,12,5.56,False,1,45,218,350,0.624,2628.98
Emirates,DXB,BKK,4900,8,Mon,13,7.38,False,0,0,174,350,0.5,2331.76
Emirates,DXB,SIN,5900,11,Thu,17,8.19,False,0,0,228,350,0.654,2799.92
Turkish Airlines,DXB,SIN,5900,4,Fri,0,7.56,False,0,0,204,350,0.583,2649.0
Etihad,DXB,SIN,5900,3,Fri,13,7.61,False,0,0,260,350,0.745,2995.61
Turkish Airlines,DXB,LHR,5500,6,Wed,11,5.0,True,0,0,278,350,0.795,3034.23
Emirates,DXB,BOM,1900,11,Wed,6,7.09,False,0,0,170,350,0.486,1895.21
Qatar Airways,DXB,FRA,4800,9,Thu,14,4.58,False,0,0,233,350,0.668,2657.65
Emirates,DXB,BOM,1900,9,Thu,4,2.63,False,0,0,217,350,0.622,2121.68
Turkish Airlines,DXB,JNB,6400,2,Thu,15,6.67,False,0,0,202,350,0.579,2713.64
Emirates,DXB,SYD,12000,11,Sun,16,9.49,False,1,77,237,350,0.678,3823.27
Etihad,DXB,FRA,4800,7,Mon,16,4.78,True,1,44,294,350,0.842,3007.8
Emirates,DXB,LHR,5500,3,Fri,10,8.24,False,0,0,253,350,0.724,2886.21
Emirates,DXB,JNB,6400,12,Fri,21,5.83,True,0,0,350,350,1.0,3643.2
British Airways,DXB,BKK,4900,1,Thu,13,8.21,True,0,0,335,350,0.957,3259.88
Qatar Airways,DXB,SYD,12000,6,Mon,7,2.63,True,1,59,325,350,0.93,4550.64
Emirates,DXB,SIN,5900,1,Sat,17,2.73,True,1,88,308,350,0.88,3287.17
Turkish Airlines,DXB,CDG,5200,4,Mon,17,5.34,False,0,0,260,350,0.744,2877.99
Turkish Airlines,DXB,NRT,7900,10,Sat,13,4.61,False,0,0,233,350,0.666,3143.0
Singapore Airlines,DXB,FRA,4800,7,Sat,11,5.14,True,0,0,254,350,0.727,2775.14
Etihad,DXB,JNB,6400,7,Mon,2,3.32,True,0,0,350,350,1.0,3643.2
Emirates,DXB,SYD,12000,6,Thu,21,6.25,True,0,0,327,350,0.937,4569.44
Singapore Airlines,DXB,NRT,7900,5,Mon,19,5.01,False,1,42,98,350,0.282,2224.71
Qatar Airways,DXB,FRA,4800,9,Wed,4,7.87,False,0,0,192,350,0.551,2421.05
Emirates,DXB,NRT,7900,1,Sun,10,6.39,True,0,0,289,350,0.826,3525.14
Etihad,DXB,FRA,4800,3,Sat,8,3.76,False,0,0,288,350,0.825,2974.59
Singapore Airlines,DXB,BKK,4900,10,Fri,16,7.18,False,0,0,265,350,0.759,2857.98
Emirates,DXB,LHR,5500,2,Fri,18,4.16,False,0,0,326,350,0.933,3324.93
Emirates,DXB,JNB,6400,12,Wed,1,2.66,True,1,28,294,350,0.842,3294.04
Emirates,DXB,FRA,4800,12,Sat,9,4.8,True,0,0,350,350,1.0,3326.4
Etihad,DXB,LHR,5500,7,Thu,20,3.53,True,1,101,337,350,0.964,3389.66
Turkish Airlines,DXB,SYD,12000,9,Thu,13,5.99,False,0,0,232,350,0.664,3784.83
Emirates,DXB,SYD,12000,5,Sat,14,4.35,False,1,58,294,350,0.842,4296.11
Qatar Airways,DXB,BOM,1900,11,Mon,10,6.42,False,0,0,242,350,0.694,2241.32
Turkish Airlines,DXB,FRA,4800,10,Mon,21,7.99,False,0,0,209,350,0.6,2519.26
Qatar Airways,DXB,SYD,12000,10,Thu,3,7.59,False,0,0,200,350,0.571,3517.77
Etihad,DXB,SYD,12000,8,Mon,4,4.36,False,1,41,181,350,0.518,3363.75
Singapore Airlines,DXB,JFK,11000,3,Tue,16,5.32,False,0,0,226,350,0.648,3583.27
Qatar Airways,DXB,JNB,6400,6,Mon,0,6.06,True,0,0,328,350,0.938,3505.93
Emirates,DXB,BKK,4900,4,Wed,23,6.02,False,1,21,210,350,0.602,2538.94
Etihad,DXB,JFK,11000,3,Tue,1,7.69,False,1,46,182,350,0.521,3233.17
Emirates,DXB,JFK,11000,11,Wed,6,6.91,False,0,0,235,350,0.673,3651.03
Qatar Airways,DXB,JFK,11000,4,Thu,23,8.04,False,0,0,238,350,0.68,3670.84
Qatar Airways,DXB,JNB,6400,3,Sat,20,6.25,False,0,0,350,350,1.0,3643.2
Etihad,DXB,FRA,4800,9,Thu,20,2.85,False,1,26,231,350,0.663,2646.25
Etihad,DXB,SIN,5900,3,Sat,18,7.93,False,0,0,306,350,0.877,3279.31
Emirates,DXB,LHR,5500,1,Thu,14,6.45,True,0,0,279,350,0.798,3041.65
Turkish Airlines,DXB,FRA,4800,10,Tue,8,5.92,False,0,0,203,350,0.581,2480.81
Emirates,DXB,NRT,7900,9,Mon,2,2.71,False,0,0,155,350,0.445,2615.37
Singapore Airlines,DXB,SYD,12000,5,Thu,12,7.4,False,0,0,232,350,0.664,3784.19
Etihad,DXB,FRA,4800,6,Sat,4,6.51,True,0,0,295,350,0.845,3013.26
Etihad,DXB,BKK,4900,9,Mon,16,5.96,False,0,0,298,350,0.854,3049.18
Emirates,DXB,BOM,1900,6,Wed,11,5.63,True,0,0,203,350,0.582,2055.18
Etihad,DXB,SYD,12000,7,Sat,6,6.24,True,1,85,337,350,0.964,4649.65
Emirates,DXB,JFK,11000,10,Sun,17,7.32,False,1,18,273,350,0.782,3953.1
Qatar Airways,DXB,LHR,5500,3,Fri,0,5.74,False,0,0,262,350,0.75,2939.7
Emirates,DXB,FRA,4800,1,Sat,4,5.42,True,0,0,350,350,1.0,3326.4
Emirates,DXB,NRT,7900,1,Sun,8,6.63,True,0,0,347,350,0.993,3922.96
Emirates,DXB,JNB,6400,10,Fri,11,7.18,False,0,0,285,350,0.816,3237.93
Turkish Airlines,DXB,JNB,6400,9,Wed,5,4.93,False,0,0,269,350,0.77,3136.04
Singapore Airlines,DXB,BKK,4900,2,Thu,9,3.65,False,1,46,216,350,0.618,2572.37
Emirates,DXB,NRT,7900,3,Wed,11,8.47,False,0,0,284,350,0.812,3491.7
Turkish Airlines,DXB,SYD,12000,6,Wed,5,5.35,True,0,0,265,350,0.759,4057.38
Singapore Airlines,DXB,LHR,5500,1,Sun,20,3.85,True,1,58,350,350,1.0,3465.0
Emirates,DXB,BKK,4900,10,Fri,12,6.1,False,0,0,295,350,0.844,3029.18
Emirates,DXB,LHR,5500,12,Wed,0,7.08,True,1,15,268,350,0.766,2973.33
Emirates,DXB,SIN,5900,10,Mon,12,4.93,False,0,0,159,350,0.457,2376.96
British Airways,DXB,BOM,1900,6,Thu,10,2.42,True,1,20,277,350,0.793,2407.53
Turkish Airlines,DXB,LHR,5500,9,Fri,16,4.04,False,0,0,262,350,0.751,2942.54
Etihad,DXB,JFK,11000,10,Mon,8,8.17,False,0,0,275,350,0.787,3966.92
Qatar Airways,DXB,FRA,4800,9,Sun,21,4.74,False,0,0,269,350,0.771,2864.17
Emirates,DXB,JNB,6400,4,Sat,18,3.59,False,0,0,188,350,0.539,2626.02
Turkish Airlines,DXB,SIN,5900,8,Sat,9,5.66,False,0,0,202,350,0.579,2640.45
Emirates,DXB,LHR,5500,5,Sat,15,4.97,False,0,0,202,350,0.579,2581.09
Singapore Airlines,DXB,NRT,7900,10,Wed,12,5.45,False,0,0,243,350,0.694,3210.35
Qatar Airways,DXB,SYD,12000,5,Fri,13,6.1,False,0,0,219,350,0.627,3677.69
Turkish Airlines,DXB,FRA,4800,1,Fri,17,5.28,True,1,22,350,350,1.0,3326.4
Turkish Airlines,DXB,BOM,1900,4,Wed,12,4.87,False,0,0,213,350,0.61,2101.6
Turkish Airlines,DXB,BOM,1900,2,Sat,22,2.07,False,0,0,255,350,0.73,2301.17
Qatar Airways,DXB,BOM,1900,12,Sun,7,3.01,True,1,40,341,350,0.977,2713.42
Qatar Airways,DXB,LHR,5500,12,Fri,0,4.67,True,0,0,332,350,0.95,3360.32
Emirates,DXB,JFK,11000,3,Wed,19,7.54,False,1,35,216,350,0.62,3504.04
Etihad,DXB,NRT,7900,11,Wed,7,5.28,False,0,0,236,350,0.674,3162.81
Qatar Airways,DXB,BKK,4900,6,Fri,7,5.31,True,0,0,348,350,0.995,3335.6
Emirates,DXB,SIN,5900,4,Wed,20,6.91,False,0,0,277,350,0.794,3100.76
Singapore Airlines,DXB,BOM,1900,5,Sat,6,5.6,False,0,0,226,350,0.648,2164.73
Turkish Airlines,DXB,NRT,7900,12,Thu,13,3.21,True,1,76,339,350,0.969,3867.35
Etihad,DXB,FRA,4800,5,Thu,8,3.8,False,0,0,152,350,0.435,2188.19
Emirates,DXB,SIN,5900,3,Mon,8,6.0,False,0,0,289,350,0.826,3171.12
Emirates,DXB,LHR,5500,3,Wed,15,8.52,False,0,0,193,350,0.553,2526.63
Qatar Airways,DXB,FRA,4800,2,Wed,8,6.83,False,0,0,248,350,0.711,2744.41
Emirates,DXB,LHR,5500,6,Thu,0,6.83,True,0,0,327,350,0.936,3331.53
Qatar Airways,DXB,NRT,7900,2,Fri,22,3.72,False,1,126,306,350,0.875,3641.79
Emirates,DXB,FRA,4800,7,Sat,8,6.4,True,0,0,302,350,0.863,3050.03
Emirates,DXB,SIN,5900,3,Sun,14,8.95,False,0,0,157,350,0.451,2365.55
Turkish Airlines,DXB,SYD,12000,2,Fri,19,4.55,False,1,73,180,350,0.517,3360.79
Emirates,DXB,LHR,5500,5,Sat,20,4.93,False,0,0,305,350,0.874,3199.98
Emirates,DXB,JNB,6400,11,Thu,18,5.37,False,0,0,145,350,0.415,2352.43
Turkish Airlines,DXB,SYD,12000,7,Wed,14,7.13,True,0,0,317,350,0.908,4488.27
Singapore Airlines,DXB,FRA,4800,1,Sat,23,3.65,True,0,0,253,350,0.724,2769.44
Turkish Airlines,DXB,NRT,7900,12,Sun,5,2.72,True,0,0,323,350,0.923,3757.17
Emirates,DXB,NRT,7900,8,Wed,17,6.09,False,0,0,290,350,0.829,3532.12
Turkish Airlines,DXB,JNB,6400,12,Fri,16,3.62,True,0,0,261,350,0.747,3085.13
Emirates,DXB,JNB,6400,4,Mon,1,9.29,False,0,0,240,350,0.687,2951.85
Qatar Airways,DXB,SYD,12000,1,Tue,14,5.66,True,0,0,258,350,0.739,4001.29
Etihad,DXB,BOM,1900,8,Sat,15,3.14,False,0,0,270,350,0.773,2374.08
Emirates,DXB,JNB,6400,11,Tue,2,6.97,False,0,0,319,350,0.913,3451.02
Emirates,DXB,NRT,7900,11,Sun,12,5.34,False,0,0,298,350,0.853,3589.45
Qatar Airways,DXB,LHR,5500,5,Sat,12,3.87,False,0,0,335,350,0.958,3375.94
Etihad,DXB,CDG,5200,8,Thu,2,4.42,False,0,0,184,350,0.528,2431.88
Emirates,DXB,BKK,4900,3,Thu,2,8.29,False,0,0,246,350,0.704,2745.97
Singapore Airlines,DXB,JNB,6400,6,Wed,20,5.3,True,1,29,294,350,0.842,3294.63
Qatar Airways,DXB,CDG,5200,8,Wed,18,3.0,False,1,82,190,350,0.545,2465.95
Singapore Airlines,DXB,JNB,6400,3,Fri,4,6.3,False,1,42,189,350,0.542,2631.02
Emirates,DXB,JFK,11000,6,Fri,0,4.42,True,0,0,337,350,0.963,4452.88
Etihad,DXB,FRA,4800,10,Wed,14,8.48,False,1,80,265,350,0.758,2839.39
Etihad,DXB,JFK,11000,12,Sun,3,3.81,True,0,0,295,350,0.844,4122.3
Turkish Airlines,DXB,JNB,6400,6,Sun,23,4.79,True,0,0,316,350,0.903,3428.87
Emirates,DXB,BKK,4900,6,Sun,21,3.99,True,0,0,350,350,1.0,3346.2
Emirates,DXB,SYD,12000,7,Wed,21,6.08,True,0,0,262,350,0.749,4028.2
Qatar Airways,DXB,JNB,6400,7,Fri,22,5.57,True,0,0,350,350,1.0,3643.2
British Airways,DXB,NRT,7900,7,Sat,4,3.29,True,0,0,313,350,0.897,3693.39
Singapore Airlines,DXB,SYD,12000,7,Thu,4,8.34,True,0,0,302,350,0.864,4361.08
Turkish Airlines,DXB,BOM,1900,7,Wed,12,5.08,True,0,0,325,350,0.93,2635.06
Emirates,DXB,JFK,11000,11,Fri,19,7.0,False,1,31,237,350,0.678,3664.46
British Airways,DXB,NRT,7900,12,Wed,18,5.37,True,0,0,291,350,0.832,3539.18
Etihad,DXB,CDG,5200,10,Thu,15,8.74,False,0,0,192,350,0.55,2476.34
Emirates,DXB,LHR,5500,12,Thu,11,3.93,True,0,0,272,350,0.778,2999.65
Qatar Airways,DXB,BKK,4900,2,Mon,12,7.86,False,1,23,277,350,0.794,2928.67
Qatar Airways,DXB,SIN,5900,4,Sun,6,7.24,False,1,41,282,350,0.807,3128.68
Qatar Airways,DXB,LHR,5500,11,Wed,17,7.73,False,0,0,190,350,0.545,2510.38
British Airways,DXB,BOM,1900,1,Mon,16,6.57,True,0,0,312,350,0.894,2575.09
British Airways,DXB,BKK,4900,9,Sat,14,7.34,False,0,0,207,350,0.592,2519.49
British Airways,DXB,FRA,4800,9,Fri,3,3.95,False,1,106,267,350,0.764,2850.99
Qatar Airways,DXB,SIN,5900,3,Sat,14,8.0,False,0,0,236,350,0.675,2845.71
Etihad,DXB,CDG,5200,5,Thu,1,4.22,False,0,0,182,350,0.522,2419.41
Emirates,DXB,NRT,7900,5,Fri,12,3.71,False,0,0,260,350,0.745,3330.76
Emirates,DXB,SIN,5900,11,Sun,8,7.15,False,1,60,242,350,0.693,2884.93
Etihad,DXB,SYD,12000,11,Fri,16,7.55,False,0,0,299,350,0.856,4336.15
Emirates,DXB,JFK,11000,10,Sun,8,8.63,False,1,68,295,350,0.843,4121.56
British Airways,DXB,SYD,12000,4,Wed,12,5.93,False,0,0,235,350,0.673,3810.13
British Airways,DXB,JNB,6400,2,Fri,9,5.45,False,1,192,290,350,0.83,3268.65
Emirates,DXB,CDG,5200,2,Sat,4,5.48,False,1,171,222,350,0.636,2654.79
Emirates,DXB,BOM,1900,6,Thu,11,5.21,True,0,0,305,350,0.873,2540.71
Etihad,DXB,JFK,11000,12,Thu,9,7.55,True,0,0,262,350,0.751,3866.77
Turkish Airlines,DXB,SIN,5900,6,Thu,5,2.65,True,0,0,326,350,0.933,3400.61
Emirates,DXB,BOM,1900,12,Sun,20,4.35,True,0,0,344,350,0.985,2726.61
Qatar Airways,DXB,JNB,6400,5,Fri,2,7.16,False,0,0,178,350,0.51,2561.55
British Airways,DXB,JNB,6400,4,Tue,23,6.61,False,0,0,267,350,0.764,3122.07
Emirates,DXB,NRT,7900,1,Sat,20,3.38,True,1,27,301,350,0.861,3607.81
Emirates,DXB,FRA,4800,12,Wed,23,3.95,True,0,0,258,350,0.739,2800.61
Emirates,DXB,SYD,12000,2,Mon,14,6.13,False,0,0,203,350,0.581,3546.02
British Airways,DXB,BOM,1900,12,Mon,5,5.47,True,0,0,290,350,0.83,2468.01
Etihad,DXB,BOM,1900,5,Tue,14,5.43,False,0,0,161,350,0.462,1855.38
Etihad,DXB,SYD,12000,10,Sun,2,6.02,False,0,0,288,350,0.824,4243.92
Etihad,DXB,BOM,1900,2,Thu,12,4.26,False,0,0,259,350,0.741,2319.79
Turkish Airlines,DXB,NRT,7900,1,Sat,8,5.8,True,0,0,272,350,0.778,3410.8
Qatar Airways,DXB,SYD,12000,4,Sat,15,7.51,False,0,0,289,350,0.826,4250.88
British Airways,DXB,SYD,12000,9,Tue,18,6.39,False,0,0,199,350,0.569,3510.47
Emirates,DXB,SYD,12000,9,Sun,15,5.63,False,0,0,201,350,0.575,3528.38
Etihad,DXB,NRT,7900,12,Mon,8,6.04,True,0,0,350,350,1.0,3940.2
Singapore Airlines,DXB,SYD,12000,6,Mon,8,3.39,True,0,0,242,350,0.694,3871.0
Emirates,DXB,FRA,4800,8,Wed,20,5.97,False,1,49,188,350,0.537,2393.45
Emirates,DXB,SIN,5900,5,Sun,18,3.88,False,0,0,238,350,0.68,2856.86
Singapore Airlines,DXB,BKK,4900,3,Wed,8,8.73,False,0,0,166,350,0.475,2281.02
Emirates,DXB,JNB,6400,11,Wed,18,5.5,False,0,0,294,350,0.842,3294.44
Singapore Airlines,DXB,FRA,4800,6,Sat,0,8.88,True,0,0,331,350,0.947,3220.28
Qatar Airways,DXB,SIN,5900,11,Thu,4,6.59,False,0,0,206,350,0.59,2662.53
Emirates,DXB,JFK,11000,10,Tue,21,6.35,False,0,0,233,350,0.666,3632.75
Emirates,DXB,BKK,4900,4,Wed,20,6.75,False,0,0,350,350,1.0,3346.2
Emirates,DXB,JNB,6400,1,Sun,22,4.46,True,1,19,315,350,0.903,3428.59
Emirates,DXB,FRA,4800,12,Mon,15,4.04,True,0,0,294,350,0.843,3009.29
Qatar Airways,DXB,SIN,5900,8,Thu,8,6.99,False,0,0,266,350,0.763,3034.32
Singapore Airlines,DXB,NRT,7900,2,Fri,13,3.95,False,0,0,244,350,0.699,3221.72
Qatar Airways,DXB,BKK,4900,7,Thu,18,4.12,True,0,0,280,350,0.803,2946.0
Turkish Airlines,DXB,FRA,4800,12,Sun,4,6.27,True,0,0,316,350,0.903,3131.48
Etihad,DXB,BKK,4900,4,Thu,10,8.66,False,0,0,297,350,0.85,3042.4
Emirates,DXB,NRT,7900,7,Thu,20,6.56,True,0,0,270,350,0.773,3397.63
Emirates,DXB,BKK,4900,12,Wed,11,4.85,True,1,37,350,350,1.0,3346.2
British Airways,DXB,SIN,5900,3,Tue,12,7.49,False,0,0,138,350,0.395,2244.51
Turkish Airlines,DXB,JNB,6400,12,Mon,14,4.52,True,0,0,251,350,0.717,3019.16
Emirates,DXB,NRT,7900,7,Fri,17,8.51,True,0,0,288,350,0.823,3518.44
Emirates,DXB,CDG,5200,5,Tue,14,4.89,False,0,0,196,350,0.561,2500.5
Emirates,DXB,JNB,6400,2,Fri,8,2.94,False,0,0,234,350,0.67,2913.52
British Airways,DXB,BOM,1900,4,Tue,18,6.44,False,1,30,321,350,0.917,2614.39
British Airways,DXB,BOM,1900,2,Mon,9,4.28,False,0,0,248,350,0.71,2269.08
British Airways,DXB,JNB,6400,9,Sat,22,4.69,False,0,0,349,350,0.999,3640.54
Qatar Airways,DXB,SYD,12000,9,Thu,17,4.24,False,0,0,206,350,0.589,3569.66
Emirates,DXB,NRT,7900,12,Mon,0,3.11,True,0,0,312,350,0.893,3684.36
Etihad,DXB,BKK,4900,2,Thu,2,2.24,False,0,0,297,350,0.85,3041.06
Turkish Airlines,DXB,LHR,5500,12,Fri,19,4.45,True,0,0,306,350,0.876,3204.4
Qatar Airways,DXB,NRT,7900,10,Fri,10,6.56,False,0,0,279,350,0.798,3456.64
Emirates,DXB,BOM,1900,10,Tue,9,7.85,False,0,0,196,350,0.561,2020.51
Emirates,DXB,LHR,5500,12,Fri,14,5.05,True,0,0,350,350,1.0,3465.0
Qatar Airways,DXB,NRT,7900,12,Mon,16,5.84,True,0,0,350,350,1.0,3940.2
Emirates,DXB,LHR,5500,8,Sun,13,5.26,False,0,0,292,350,0.835,3118.63
Etihad,DXB,FRA,4800,9,Wed,22,5.32,False,0,0,215,350,0.616,2552.46
Emirates,DXB,BKK,4900,3,Sun,13,8.55,False,0,0,187,350,0.537,2406.87
British Airways,DXB,BKK,4900,11,Fri,17,7.52,False,0,0,289,350,0.828,2996.98
Etihad,DXB,CDG,5200,7,Sun,7,3.65,True,0,0,330,350,0.943,3287.71
Emirates,DXB,JNB,6400,4,Mon,3,10.0,False,0,0,197,350,0.565,2683.37
Qatar Airways,DXB,BKK,4900,6,Mon,2,5.44,True,0,0,308,350,0.882,3106.71
Qatar Airways,DXB,BKK,4900,2,Tue,16,4.64,False,0,0,286,350,0.818,2977.91
Qatar Airways,DXB,NRT,7900,5,Tue,18,7.48,False,0,0,248,350,0.71,3247.32
Qatar Airways,DXB,LHR,5500,12,Thu,12,6.14,True,0,0,223,350,0.639,2707.77
Qatar Airways,DXB,JFK,11000,9,Wed,5,4.92,False,0,0,170,350,0.489,3142.43
Emirates,DXB,LHR,5500,9,Thu,22,2.73,False,0,0,243,350,0.696,2826.91
Emirates,DXB,CDG,5200,6,Wed,0,4.93,True,0,0,253,350,0.724,2835.28
Qatar Airways,DXB,SIN,5900,1,Tue,5,3.79,True,1,50,304,350,0.87,3264.54
Turkish Airlines,DXB,NRT,7900,4,Sat,2,6.99,False,0,0,268,350,0.768,3385.25
Singapore Airlines,DXB,JNB,6400,7,Tue,9,5.91,True,0,0,345,350,0.987,3615.55
Qatar Airways,DXB,SIN,5900,10,Tue,1,6.94,False,0,0,176,350,0.504,2479.23
Singapore Airlines,DXB,JFK,11000,4,Thu,18,6.06,False,0,0,270,350,0.774,3928.96
Emirates,DXB,LHR,5500,8,Tue,17,4.22,False,0,0,270,350,0.772,2985.38
British Airways,DXB,LHR,5500,11,Tue,14,6.8,False,0,0,196,350,0.562,2544.79
Singapore Airlines,DXB,SYD,12000,7,Mon,7,3.54,True,0,0,300,350,0.858,4343.34
Turkish Airlines,DXB,FRA,4800,11,Tue,9,9.64,False,0,0,192,350,0.549,2417.48
Emirates,DXB,LHR,5500,3,Mon,19,7.2,False,0,0,233,350,0.666,2763.09
Qatar Airways,DXB,BOM,1900,2,Fri,9,2.45,False,0,0,242,350,0.694,2242.13
Emirates,DXB,BOM,1900,2,Wed,7,7.31,False,0,0,188,350,0.539,1983.9
Qatar Airways,DXB,BKK,4900,3,Mon,15,7.15,False,0,0,181,350,0.518,2369.2
Emirates,DXB,FRA,4800,8,Sat,17,6.31,False,0,0,269,350,0.769,2860.07
Etihad,DXB,JFK,11000,5,Sat,0,7.17,False,0,0,243,350,0.697,3716.36
Qatar Airways,DXB,SYD,12000,1,Fri,6,4.31,True,0,0,253,350,0.725,3960.64
British Airways,DXB,FRA,4800,4,Mon,10,6.79,False,0,0,205,350,0.586,2491.57
Turkish Airlines,DXB,SYD,12000,10,Fri,11,7.07,False,0,0,227,350,0.65,3745.43
Qatar Airways,DXB,CDG,5200,12,Mon,5,1.98,True,0,0,336,350,0.962,3326.14
Etihad,DXB,LHR,5500,5,Thu,18,8.96,False,0,0,238,350,0.681,2795.13
Qatar Airways,DXB,LHR,5500,3,Tue,3,8.34,False,0,0,336,350,0.962,3385.19
Qatar Airways,DXB,NRT,7900,9,Thu,21,6.7,False,0,0,169,350,0.483,2705.36
Turkish Airlines,DXB,BOM,1900,6,Sat,10,4.59,True,0,0,308,350,0.881,2553.57
Turkish Airlines,DXB,BOM,1900,6,Tue,21,4.94,True,1,36,311,350,0.89,2568.62
Qatar Airways,DXB,SYD,12000,11,Thu,1,6.42,False,0,0,176,350,0.503,3321.43
Qatar Airways,DXB,NRT,7900,12,Mon,18,3.96,True,0,0,325,350,0.93,3772.02
Emirates,DXB,FRA,4800,10,Sat,3,6.5,False,1,33,299,350,0.855,3034.16
British Airways,DXB,JFK,11000,5,Sun,21,3.24,False,0,0,298,350,0.854,4150.52
Qatar Airways,DXB,SIN,5900,12,Tue,2,4.11,True,0,0,235,350,0.672,2840.55
Qatar Airways,DXB,CDG,5200,2,Fri,7,8.05,False,0,0,210,350,0.601,2582.89
Etihad,DXB,LHR,5500,7,Mon,14,5.6,True,0,0,210,350,0.602,2629.81
Emirates,DXB,CDG,5200,4,Sat,5,4.27,False,0,0,272,350,0.779,2949.82
Emirates,DXB,BKK,4900,10,Mon,7,6.59,False,0,0,292,350,0.836,3013.83
British Airways,DXB,BKK,4900,9,Sun,22,4.57,False,0,0,171,350,0.49,2312.26
Emirates,DXB,SYD,12000,5,Wed,16,5.47,False,0,0,217,350,0.621,3659.61
Turkish Airlines,DXB,LHR,5500,11,Wed,11,9.68,False,0,0,276,350,0.789,3021.23
Emirates,DXB,SIN,5900,7,Mon,2,5.94,True,0,0,300,350,0.857,3238.04
Turkish Airlines,DXB,CDG,5200,5,Wed,8,4.46,False,0,0,214,350,0.613,2606.65
Emirates,DXB,JNB,6400,7,Fri,21,5.66,True,0,0,331,350,0.946,3524.34
British Airways,DXB,JFK,11000,6,Wed,7,5.3,True,0,0,314,350,0.898,4271.65
Emirates,DXB,BOM,1900,5,Sun,16,3.93,False,1,40,268,350,0.767,2363.4
Turkish Airlines,DXB,CDG,5200,11,Tue,10,9.05,False,0,0,198,350,0.568,2514.06
Qatar Airways,DXB,SIN,5900,4,Thu,22,9.42,False,0,0,312,350,0.894,3315.76
Emirates,DXB,NRT,7900,5,Wed,12,5.07,False,0,0,303,350,0.866,3619.6
Etihad,DXB,BKK,4900,12,Thu,4,6.61,True,0,0,314,350,0.898,3139.49
Turkish Airlines,DXB,NRT,7900,6,Mon,0,5.63,True,0,0,283,350,0.809,3483.56
Turkish Airlines,DXB,JFK,11000,5,Mon,2,4.81,False,0,0,224,350,0.642,3566.19
Qatar Airways,DXB,SIN,5900,6,Sat,10,3.29,True,0,0,315,350,0.902,3333.84
Emirates,DXB,BKK,4900,6,Fri,11,3.39,True,0,0,279,350,0.797,2934.97
Etihad,DXB,SIN,5900,12,Mon,3,3.24,True,1,32,224,350,0.64,2771.25
Etihad,DXB,BOM,1900,10,Sun,2,7.52,False,1,149,235,350,0.672,2204.81
British Airways,DXB,JFK,11000,7,Wed,5,4.55,True,0,0,283,350,0.809,4027.75
Singapore Airlines,DXB,CDG,5200,1,Tue,6,4.45,True,1,46,314,350,0.897,3194.01
Emirates,DXB,SIN,5900,5,Sun,21,4.88,False,0,0,247,350,0.707,2915.04
Emirates,DXB,NRT,7900,7,Tue,5,3.85,True,1,103,264,350,0.757,3359.53
Etihad,DXB,BOM,1900,3,Wed,13,7.8,False,0,0,304,350,0.869,2534.39
Qatar Airways,DXB,SYD,12000,11,Wed,15,6.31,False,0,0,273,350,0.781,4120.41
Singapore Airlines,DXB,BOM,1900,1,Wed,18,3.2,True,0,0,290,350,0.83,2468.55
Emirates,DXB,FRA,4800,3,Mon,7,6.74,False,1,159,132,350,0.379,2074.93
Singapore Airlines,DXB,LHR,5500,8,Mon,7,6.2,False,0,0,158,350,0.452,2315.15
British Airways,DXB,BOM,1900,5,Fri,2,5.07,False,0,0,223,350,0.638,2148.78
British Airways,DXB,BOM,1900,7,Wed,11,3.06,True,1,88,254,350,0.728,2298.39
Etihad,DXB,SIN,5900,8,Sun,4,5.79,False,0,0,314,350,0.899,3327.75
Qatar Airways,DXB,SYD,12000,4,Wed,12,4.78,False,0,0,185,350,0.529,3396.31
Qatar Airways,DXB,CDG,5200,7,Thu,18,6.42,True,0,0,320,350,0.915,3230.69
Turkish Airlines,DXB,SYD,12000,3,Thu,6,5.41,False,0,0,181,350,0.519,3366.11
Singapore Airlines,DXB,FRA,4800,2,Tue,14,5.06,False,0,0,227,350,0.65,2620.15
Turkish Airlines,DXB,NRT,7900,7,Sat,8,6.28,True,0,0,350,350,1.0,3940.2
Singapore Airlines,DXB,FRA,4800,1,Thu,3,4.39,True,0,0,342,350,0.979,3283.38
British Airways,DXB,SYD,12000,5,Sun,3,5.76,False,0,0,325,350,0.93,4549.03
British Airways,DXB,NRT,7900,10,Sun,0,9.3,False,0,0,297,350,0.849,3578.59
Singapore Airlines,DXB,SIN,5900,2,Thu,20,6.74,False,0,0,208,350,0.595,2674.84
British Airways,DXB,JFK,11000,11,Sat,8,9.24,False,0,0,189,350,0.542,3289.74
Qatar Airways,DXB,FRA,4800,3,Mon,3,6.75,False,0,0,210,350,0.603,2525.7
Qatar Airways,DXB,LHR,5500,8,Sat,12,3.13,False,1,25,255,350,0.731,2899.32
Emirates,DXB,CDG,5200,1,Thu,5,6.12,True,0,0,257,350,0.735,2858.08
Emirates,DXB,BOM,1900,8,Sun,14,1.77,False,0,0,267,350,0.764,2359.31
Emirates,DXB,JFK,11000,5,Wed,6,6.53,False,0,0,213,350,0.609,3474.35
Qatar Airways,DXB,JNB,6400,12,Sun,5,4.22,True,0,0,316,350,0.905,3432.83
Emirates,DXB,CDG,5200,12,Fri,2,5.47,True,0,0,350,350,1.0,3405.6
British Airways,DXB,LHR,5500,11,Tue,7,7.11,False,0,0,145,350,0.415,2237.26
Qatar Airways,DXB,FRA,4800,6,Mon,21,2.97,True,0,0,323,350,0.925,3175.19
Emirates,DXB,CDG,5200,7,Mon,20,3.38,True,1,49,325,350,0.93,3260.31
Emirates,DXB,NRT,7900,9,Wed,7,6.64,False,0,0,241,350,0.69,3200.27
Emirates,DXB,BOM,1900,1,Tue,19,2.63,True,0,0,345,350,0.988,2732.55
Emirates,DXB,FRA,4800,12,Sat,13,5.88,True,1,20,350,350,1.0,3326.4
Singapore Airlines,DXB,BKK,4900,10,Thu,1,7.09,False,1,103,244,350,0.699,2735.89
Emirates,DXB,SIN,5900,1,Sun,0,6.04,True,0,0,350,350,1.0,3544.2
Emirates,DXB,SYD,12000,12,Thu,17,3.88,True,0,0,332,350,0.95,4606.76
Etihad,DXB,JNB,6400,2,Fri,5,6.31,False,1,20,155,350,0.444,2415.91
Emirates,DXB,BOM,1900,8,Fri,18,4.55,False,0,0,244,350,0.697,2247.08
Emirates,DXB,SYD,12000,12,Tue,8,4.96,True,1,40,268,350,0.766,4077.92
Etihad,DXB,CDG,5200,3,Wed,17,4.89,False,0,0,162,350,0.466,2302.65
Qatar Airways,DXB,JFK,11000,12,Sat,4,5.09,True,0,0,350,350,1.0,4554.0
Emirates,DXB,LHR,5500,5,Wed,0,2.79,False,1,16,192,350,0.551,2521.62
Qatar Airways,DXB,SIN,5900,7,Wed,9,7.73,True,0,0,294,350,0.842,3204.09
Emirates,DXB,SIN,5900,10,Tue,19,7.93,False,0,0,276,350,0.791,3095.59
Turkish Airlines,DXB,JFK,11000,9,Thu,21,5.28,False,1,109,203,350,0.582,3401.28
Qatar Airways,DXB,LHR,5500,12,Fri,5,3.77,True,1,25,350,350,1.0,3465.0
Etihad,DXB,BKK,4900,11,Wed,0,7.28,False,0,0,256,350,0.733,2803.95
Turkish Airlines,DXB,FRA,4800,8,Fri,2,7.2,False,0,0,212,350,0.608,2536.43
Qatar Airways,DXB,NRT,7900,12,Sat,18,6.98,True,0,0,350,350,1.0,3940.2
Etihad,DXB,BKK,4900,3,Sat,14,5.98,False,0,0,228,350,0.652,2639.91
Turkish Airlines,DXB,JFK,11000,9,Fri,18,6.99,False,0,0,317,350,0.907,4297.5
Emirates,DXB,SIN,5900,11,Tue,12,6.75,False,0,0,240,350,0.687,2872.87
Emirates,DXB,SYD,12000,12,Sun,14,6.39,True,0,0,350,350,1.0,4752.0
Turkish Airlines,DXB,JFK,11000,3,Fri,10,8.43,False,0,0,248,350,0.709,3750.11
Qatar Airways,DXB,BOM,1900,3,Sat,20,9.17,False,0,0,277,350,0.792,2404.68
Qatar Airways,DXB,JFK,11000,2,Thu,0,5.05,False,0,0,211,350,0.604,3461.32
Singapore Airlines,DXB,LHR,5500,4,Wed,16,6.34,False,0,0,298,350,0.853,3155.96
Singapore Airlines,DXB,BKK,4900,2,Sun,10,5.67,False,0,0,234,350,0.67,2677.71
Emirates,DXB,LHR,5500,11,Sun,3,7.65,False,0,0,297,350,0.85,3149.02
British Airways,DXB,JNB,6400,2,Sun,4,7.82,False,0,0,223,350,0.638,2843.42
Emirates,DXB,JNB,6400,3,Fri,10,10.0,False,0,0,230,350,0.66,2891.98
Qatar Airways,DXB,JNB,6400,8,Wed,9,3.6,False,1,53,262,350,0.751,3093.12
Qatar Airways,DXB,SYD,12000,6,Tue,17,4.77,True,1,45,311,350,0.891,4437.08
Emirates,DXB,CDG,5200,9,Thu,21,5.13,False,0,0,136,350,0.391,2149.3
Emirates,DXB,BKK,4900,4,Tue,4,6.07,False,1,19,191,350,0.548,2429.61
Qatar Airways,DXB,FRA,4800,3,Thu,15,6.79,False,0,0,255,350,0.731,2784.33
Emirates,DXB,NRT,7900,8,Mon,23,2.69,False,0,0,200,350,0.574,2922.37
Qatar Airways,DXB,SYD,12000,12,Wed,0,2.17,True,0,0,327,350,0.934,4562.79
Qatar Airways,DXB,JFK,11000,10,Sun,0,6.41,False,0,0,237,350,0.679,3667.0
Emirates,DXB,FRA,4800,1,Sat,4,7.35,True,0,0,307,350,0.88,3083.88
Emirates,DXB,SYD,12000,11,Fri,7,6.76,False,0,0,206,350,0.591,3573.66
Emirates,DXB,LHR,5500,1,Fri,18,7.0,True,0,0,309,350,0.885,3223.44
Qatar Airways,DXB,JNB,6400,5,Fri,21,6.19,False,0,0,182,350,0.521,2586.2
Emirates,DXB,FRA,4800,6,Fri,12,5.0,True,0,0,323,350,0.926,3176.21
Emirates,DXB,LHR,5500,4,Tue,5,9.61,False,0,0,189,350,0.542,2503.63
Etihad,DXB,NRT,7900,8,Thu,12,6.95,False,0,0,171,350,0.49,2721.44
Emirates,DXB,SIN,5900,5,Thu,17,3.28,False,0,0,217,350,0.622,2732.87
Singapore Airlines,DXB,FRA,4800,10,Tue,15,8.18,False,1,69,156,350,0.447,2211.66
Emirates,DXB,LHR,5500,8,Thu,20,5.89,False,0,0,289,350,0.827,3101.62
Turkish Airlines,DXB,JNB,6400,4,Wed,18,5.85,False,0,0,189,350,0.541,2630.64
Qatar Airways,DXB,BOM,1900,3,Tue,9,6.63,False,0,0,286,350,0.819,2450.23
Singapore Airlines,DXB,NRT,7900,9,Thu,23,6.75,False,0,0,238,350,0.683,3182.61
Emirates,DXB,BOM,1900,9,Fri,23,5.81,False,1,32,288,350,0.825,2460.29
Emirates,DXB,CDG,5200,9,Wed,6,2.51,False,0,0,212,350,0.608,2597.44
Emirates,DXB,BKK,4900,2,Sun,16,5.92,False,0,0,270,350,0.773,2885.79
Emirates,DXB,SYD,12000,8,Mon,0,3.3,False,1,88,219,350,0.627,3676.49
Emirates,DXB,JNB,6400,7,Wed,8,4.9,True,0,0,312,350,0.892,3403.88
Singapore Airlines,DXB,CDG,5200,11,Wed,8,9.16,False,0,0,234,350,0.67,2724.38
Qatar Airways,DXB,SYD,12000,11,Wed,23,7.26,False,0,0,223,350,0.639,3711.83
British Airways,DXB,NRT,7900,2,Sun,7,3.92,False,1,73,230,350,0.659,3125.55
Emirates,DXB,BKK,4900,1,Sun,23,2.32,True,0,0,336,350,0.961,3267.73
Etihad,DXB,BOM,1900,5,Thu,0,2.76,False,0,0,202,350,0.578,2047.62
Emirates,DXB,SIN,5900,10,Fri,1,5.29,False,0,0,247,350,0.707,2913.9
Emirates,DXB,NRT,7900,2,Thu,8,7.33,False,0,0,203,350,0.58,2937.47
Turkish Airlines,DXB,NRT,7900,6,Fri,21,2.8,True,0,0,350,350,1.0,3940.2
Etihad,DXB,CDG,5200,8,Tue,7,5.34,False,0,0,199,350,0.57,2518.63
Etihad,DXB,BKK,4900,10,Wed,13,9.55,False,0,0,208,350,0.596,2527.26
Qatar Airways,DXB,BOM,1900,2,Tue,14,3.87,False,1,140,171,350,0.491,1903.23
Emirates,DXB,NRT,7900,6,Mon,11,3.06,True,0,0,307,350,0.879,3652.12
Emirates,DXB,CDG,5200,1,Mon,2,4.11,True,0,0,288,350,0.826,3045.75
Emirates,DXB,FRA,4800,7,Sun,17,8.78,True,0,0,316,350,0.904,3132.79
Singapore Airlines,DXB,SYD,12000,12,Sat,1,4.89,True,0,0,258,350,0.737,3995.12
Etihad,DXB,JFK,11000,7,Sun,19,4.65,True,0,0,328,350,0.938,4381.77
Turkish Airlines,DXB,JFK,11000,9,Mon,23,3.63,False,0,0,251,350,0.719,3779.77
Singapore Airlines,DXB,CDG,5200,10,Sat,9,10.0,False,0,0,214,350,0.613,2606.9
Singapore Airlines,DXB,BOM,1900,5,Mon,11,6.3,False,0,0,255,350,0.731,2303.49
Qatar Airways,DXB,FRA,4800,9,Sat,19,3.31,False,0,0,293,350,0.838,2999.57
Singapore Airlines,DXB,JNB,6400,11,Thu,18,7.38,False,1,55,234,350,0.669,2911.73
Etihad,DXB,NRT,7900,12,Sun,11,2.57,True,1,18,255,350,0.729,3292.85
Qatar Airways,DXB,NRT,7900,8,Wed,19,5.86,False,0,0,277,350,0.792,3442.87
Qatar Airways,DXB,SIN,5900,5,Fri,17,4.54,False,0,0,249,350,0.712,2926.02
Etihad,DXB,FRA,4800,5,Tue,20,6.26,False,1,39,250,350,0.716,2754.61
Emirates,DXB,BKK,4900,9,Fri,2,4.53,False,0,0,350,350,1.0,3346.2
Singapore Airlines,DXB,CDG,5200,10,Fri,1,6.74,False,0,0,214,350,0.613,2606.5
Emirates,DXB,BOM,1900,2,Thu,8,6.0,False,0,0,206,350,0.589,2066.32
Singapore Airlines,DXB,NRT,7900,3,Fri,6,7.1,False,1,39,350,350,1.0,3940.2
Singapore Airlines,DXB,SYD,12000,10,Thu,2,5.64,False,0,0,274,350,0.785,4133.88
Emirates,DXB,LHR,5500,6,Wed,14,6.93,True,0,0,311,350,0.89,3234.53
Qatar Airways,DXB,BOM,1900,11,Mon,4,7.3,False,1,34,180,350,0.515,1942.77
British Airways,DXB,FRA,4800,11,Wed,15,6.5,False,0,0,239,350,0.684,2689.68
Qatar Airways,DXB,NRT,7900,2,Tue,8,6.24,False,0,0,201,350,0.575,2925.8
Qatar Airways,DXB,BKK,4900,10,Sun,13,6.88,False,0,0,281,350,0.805,2951.23
Qatar Airways,DXB,CDG,5200,10,Sat,13,8.06,False,0,0,259,350,0.741,2871.31
Emirates,DXB,NRT,7900,10,Fri,9,9.96,False,0,0,248,350,0.71,3248.65
British Airways,DXB,JFK,11000,8,Wed,14,3.81,False,0,0,201,350,0.575,3381.69
Etihad,DXB,JNB,6400,2,Fri,15,4.14,False,1,55,264,350,0.757,3106.66
Turkish Airlines,DXB,BOM,1900,2,Mon,7,6.85,False,0,0,238,350,0.68,2218.6
Turkish Airlines,DXB,FRA,4800,3,Sat,15,7.46,False,0,0,273,350,0.783,2888.04
Qatar Airways,DXB,JNB,6400,2,Wed,23,4.64,False,0,0,286,350,0.819,3242.78
Qatar Airways,DXB,SIN,5900,1,Mon,15,6.81,True,0,0,278,350,0.795,3104.21
Emirates,DXB,BKK,4900,5,Tue,4,6.03,False,0,0,221,350,0.632,2599.7
British Airways,DXB,BKK,4900,11,Thu,6,7.19,False,0,0,172,350,0.493,2317.17
Etihad,DXB,JFK,11000,9,Tue,21,5.07,False,0,0,204,350,0.585,3409.35
Emirates,DXB,LHR,5500,5,Tue,11,5.54,False,0,0,205,350,0.587,2597.73
Qatar Airways,DXB,LHR,5500,5,Fri,19,5.17,False,0,0,252,350,0.722,2880.51
Emirates,DXB,JFK,11000,4,Mon,4,6.3,False,0,0,210,350,0.601,3452.57
Turkish Airlines,DXB,BKK,4900,9,Thu,15,4.05,False,0,0,159,350,0.456,2243.83
Singapore Airlines,DXB,SIN,5900,7,Fri,20,5.01,True,0,0,315,350,0.902,3332.9
Emirates,DXB,JNB,6400,4,Tue,23,6.43,False,0,0,243,350,0.696,2972.92
Singapore Airlines,DXB,LHR,5500,9,Fri,3,4.79,False,0,0,310,350,0.888,3229.03
Singapore Airlines,DXB,SIN,5900,10,Thu,4,6.0,False,1,199,297,350,0.849,3220.09
British Airways,DXB,NRT,7900,11,Tue,10,8.36,False,0,0,264,350,0.755,3354.39
Etihad,DXB,FRA,4800,11,Sat,16,6.29,False,0,0,263,350,0.753,2828.12
Emirates,DXB,SYD,12000,11,Wed,23,4.83,False,0,0,245,350,0.7,3888.68
Qatar Airways,DXB,BKK,4900,8,Sun,6,2.22,False,0,0,272,350,0.778,2896.93
Emirates,DXB,NRT,7900,8,Fri,4,3.48,False,1,33,312,350,0.892,3681.69
Emirates,DXB,BKK,4900,6,Tue,17,4.68,True,0,0,270,350,0.772,2883.92
Emirates,DXB,NRT,7900,1,Sun,8,5.48,True,0,0,350,350,1.0,3940.2
Etihad,DXB,SIN,5900,6,Fri,3,9.18,True,0,0,350,350,1.0,3544.2
Emirates,DXB,SYD,12000,10,Sun,23,10.0,False,0,0,246,350,0.704,3900.31
Qatar Airways,DXB,BOM,1900,7,Wed,5,3.84,True,0,0,255,350,0.731,2303.08
Turkish Airlines,DXB,CDG,5200,8,Sat,7,4.53,False,0,0,249,350,0.713,2813.01
Turkish Airlines,DXB,LHR,5500,5,Sat,23,3.65,False,0,0,281,350,0.806,3056.93
Emirates,DXB,FRA,4800,9,Mon,11,5.12,False,0,0,245,350,0.701,2722.92
British Airways,DXB,JNB,6400,8,Wed,12,2.87,False,0,0,251,350,0.718,3021.43
Etihad,DXB,CDG,5200,8,Tue,16,4.85,False,0,0,168,350,0.481,2333.49
Qatar Airways,DXB,FRA,4800,9,Mon,23,2.6,False,0,0,224,350,0.641,2602.91
Emirates,DXB,LHR,5500,5,Wed,22,8.6,False,0,0,222,350,0.635,2699.54
British Airways,DXB,FRA,4800,7,Thu,15,5.06,True,0,0,280,350,0.802,2926.23
Qatar Airways,DXB,BKK,4900,7,Mon,1,4.84,True,0,0,348,350,0.995,3336.26
Singapore Airlines,DXB,NRT,7900,6,Sat,6,5.18,True,1,34,273,350,0.782,3419.61
Turkish Airlines,DXB,SYD,12000,5,Fri,6,4.05,False,0,0,215,350,0.614,3641.41
Etihad,DXB,NRT,7900,10,Fri,15,9.12,False,0,0,273,350,0.78,3415.37
Emirates,DXB,SYD,12000,4,Thu,9,7.28,False,0,0,274,350,0.784,4128.55
Etihad,DXB,BKK,4900,7,Mon,21,6.07,True,0,0,278,350,0.795,2930.58
Qatar Airways,DXB,LHR,5500,6,Sat,17,6.5,True,0,0,304,350,0.869,3190.84
Etihad,DXB,NRT,7900,10,Fri,18,8.79,False,1,60,217,350,0.621,3035.49
Turkish Airlines,DXB,NRT,7900,10,Mon,18,7.0,False,0,0,249,350,0.714,3256.2
Emirates,DXB,LHR,5500,2,Tue,1,4.66,False,0,0,201,350,0.577,2575.91
British Airways,DXB,LHR,5500,9,Wed,17,5.11,False,1,89,269,350,0.77,2982.69
Emirates,DXB,SIN,5900,11,Mon,9,4.86,False,1,19,138,350,0.396,2246.73
Emirates,DXB,SYD,12000,12,Tue,18,5.41,True,0,0,350,350,1.0,4752.0
Etihad,DXB,FRA,4800,6,Sat,6,5.16,True,0,0,345,350,0.986,3299.16
Emirates,DXB,JNB,6400,7,Sat,3,4.8,True,0,0,300,350,0.859,3331.92
Qatar Airways,DXB,NRT,7900,9,Wed,8,2.33,False,1,19,218,350,0.623,3040.16
Turkish Airlines,DXB,JNB,6400,7,Sun,7,4.82,True,0,0,294,350,0.841,3293.2
Emirates,DXB,SIN,5900,8,Mon,1,2.6,False,0,0,231,350,0.662,2817.67
Turkish Airlines,DXB,SYD,12000,12,Thu,12,2.84,True,0,0,243,350,0.697,3878.98
Turkish Airlines,DXB,JFK,11000,6,Sun,19,5.58,True,1,103,350,350,1.0,4554.0
Etihad,DXB,SIN,5900,3,Sun,16,6.12,False,1,129,290,350,0.829,3176.18
British Airways,DXB,BKK,4900,8,Mon,22,6.53,False,0,0,241,350,0.691,2718.55
Turkish Airlines,DXB,NRT,7900,12,Thu,18,5.76,True,1,45,310,350,0.886,3667.36
Emirates,DXB,NRT,7900,5,Tue,1,6.84,False,0,0,165,350,0.473,2682.06
Singapore Airlines,DXB,BOM,1900,4,Wed,19,8.3,False,0,0,213,350,0.61,2102.02
Qatar Airways,DXB,SYD,12000,12,Sat,11,4.37,True,0,0,350,350,1.0,4752.0
Emirates,DXB,LHR,5500,11,Sat,8,6.79,False,0,0,274,350,0.785,3013.08
Emirates,DXB,BKK,4900,4,Sat,5,7.49,False,0,0,172,350,0.493,2317.65
Turkish Airlines,DXB,SYD,12000,8,Fri,9,6.03,False,0,0,257,350,0.735,3989.3
Etihad,DXB,BOM,1900,4,Sun,12,6.86,False,0,0,221,350,0.632,2137.66
Emirates,DXB,BOM,1900,5,Mon,8,5.43,False,0,0,246,350,0.703,2257.29
Turkish Airlines,DXB,FRA,4800,10,Sat,7,6.79,False,0,0,313,350,0.895,3115.25
Singapore Airlines,DXB,FRA,4800,12,Thu,19,4.9,True,0,0,305,350,0.873,3071.15
Qatar Airways,DXB,BOM,1900,1,Sun,22,5.88,True,0,0,282,350,0.808,2431.83
Emirates,DXB,BOM,1900,3,Tue,8,8.27,False,0,0,267,350,0.763,2357.09
Emirates,DXB,LHR,5500,3,Mon,22,7.97,False,0,0,191,350,0.547,2513.98
Emirates,DXB,FRA,4800,6,Thu,22,5.44,True,0,0,264,350,0.756,2833.53
Emirates,DXB,NRT,7900,2,Fri,5,4.79,False,0,0,268,350,0.768,3386.17
Qatar Airways,DXB,JFK,11000,6,Thu,23,3.18,True,0,0,247,350,0.707,3746.36
Etihad,DXB,SYD,12000,1,Thu,18,2.82,True,1,16,331,350,0.946,4597.44
Singapore Airlines,DXB,NRT,7900,6,Fri,21,6.22,True,0,0,350,350,1.0,3940.2
Etihad,DXB,BKK,4900,6,Tue,4,4.45,True,0,0,324,350,0.927,3197.45
Emirates,DXB,BKK,4900,9,Sat,7,2.56,False,0,0,268,350,0.766,2871.62
Emirates,DXB,FRA,4800,4,Sat,16,7.92,False,1,96,267,350,0.765,2852.52
Emirates,DXB,LHR,5500,2,Fri,15,4.85,False,0,0,268,350,0.768,2977.75
Emirates,DXB,CDG,5200,6,Fri,5,4.5,True,0,0,240,350,0.686,2757.9
Emirates,DXB,BOM,1900,6,Fri,11,4.0,True,0,0,258,350,0.739,2317.49
Emirates,DXB,LHR,5500,7,Fri,3,5.22,True,0,0,341,350,0.975,3412.72
British Airways,DXB,NRT,7900,8,Thu,14,6.4,False,0,0,223,350,0.639,3078.27
British Airways,DXB,FRA,4800,3,Fri,23,6.82,False,0,0,300,350,0.859,3042.31
Singapore Airlines,DXB,NRT,7900,3,Tue,10,5.07,False,0,0,240,350,0.688,3193.95
Emirates,DXB,CDG,5200,8,Tue,8,4.52,False,0,0,165,350,0.473,2318.06
Qatar Airways,DXB,BKK,4900,1,Wed,12,8.21,True,1,118,321,350,0.917,3178.7
Etihad,DXB,SYD,12000,3,Sat,4,5.22,False,0,0,290,350,0.831,4264.78
Qatar Airways,DXB,SYD,12000,8,Fri,14,6.59,False,0,0,217,350,0.623,3665.42
Emirates,DXB,LHR,5500,6,Sun,13,5.05,True,0,0,291,350,0.833,3115.01
Etihad,DXB,JNB,6400,6,Wed,20,3.34,True,0,0,268,350,0.768,3131.64
British Airways,DXB,FRA,4800,8,Mon,15,6.12,False,0,0,194,350,0.556,2430.73
Singapore Airlines,DXB,CDG,5200,3,Mon,23,9.57,False,0,0,159,350,0.456,2281.98
Turkish Airlines,DXB,BKK,4900,3,Thu,22,9.6,False,0,0,255,350,0.729,2797.59
Etihad,DXB,CDG,5200,12,Fri,3,2.4,True,0,0,259,350,0.742,2873.15
Qatar Airways,DXB,BKK,4900,2,Thu,17,5.73,False,0,0,289,350,0.828,2997.87
Qatar Airways,DXB,BKK,4900,10,Sat,13,7.05,False,0,0,296,350,0.847,3035.2
Emirates,DXB,CDG,5200,2,Thu,9,5.49,False,0,0,134,350,0.383,2132.03
Emirates,DXB,FRA,4800,2,Tue,1,4.37,False,0,0,277,350,0.792,2907.69
Emirates,DXB,LHR,5500,4,Sat,17,8.34,False,1,144,261,350,0.748,2935.21
Singapore Airlines,DXB,CDG,5200,6,Sat,23,4.76,True,0,0,305,350,0.873,3143.61
Etihad,DXB,NRT,7900,2,Thu,8,7.34,False,0,0,212,350,0.608,3003.52
Emirates,DXB,FRA,4800,7,Thu,20,4.82,True,0,0,306,350,0.875,3075.16
Turkish Airlines,DXB,FRA,4800,8,Wed,3,6.18,False,0,0,274,350,0.783,2889.04
Qatar Airways,DXB,CDG,5200,11,Wed,1,8.04,False,0,0,262,350,0.749,2886.72
Etihad,DXB,SIN,5900,9,Mon,19,3.84,False,0,0,324,350,0.927,3387.85
Qatar Airways,DXB,LHR,5500,2,Wed,20,5.88,False,0,0,184,350,0.527,2470.97
Singapore Airlines,DXB,BKK,4900,12,Fri,3,3.48,True,1,47,350,350,1.0,3346.2
Etihad,DXB,SYD,12000,7,Mon,10,3.4,True,1,40,291,350,0.834,4272.62
Emirates,DXB,BOM,1900,4,Mon,16,8.29,False,0,0,200,350,0.573,2039.83
British Airways,DXB,CDG,5200,4,Thu,16,6.0,False,0,0,286,350,0.818,3030.61
Emirates,DXB,FRA,4800,8,Tue,5,4.18,False,1,55,205,350,0.588,2495.28
Etihad,DXB,CDG,5200,12,Fri,5,4.31,True,1,17,270,350,0.774,2938.98
Emirates,DXB,LHR,5500,10,Mon,10,5.14,False,0,0,251,350,0.717,2871.49
Etihad,DXB,BKK,4900,4,Tue,2,6.49,False,0,0,222,350,0.636,2607.32
Etihad,DXB,BKK,4900,11,Tue,13,5.3,False,0,0,239,350,0.684,2706.18
Emirates,DXB,NRT,7900,1,Sun,1,2.58,True,0,0,339,350,0.971,3871.54
Singapore Airlines,DXB,NRT,7900,9,Mon,14,2.13,False,1,57,203,350,0.58,2938.16
Singapore Airlines,DXB,FRA,4800,6,Wed,5,5.15,True,1,177,350,350,1.0,3326.4
Qatar Airways,DXB,JFK,11000,8,Fri,22,2.59,False,1,31,324,350,0.928,4355.91
Singapore Airlines,DXB,CDG,5200,8,Fri,0,4.49,False,0,0,225,350,0.645,2671.96
Etihad,DXB,BOM,1900,3,Wed,22,7.64,False,0,0,187,350,0.535,1976.62
Emirates,DXB,BKK,4900,11,Sun,15,7.42,False,0,0,250,350,0.715,2768.64
Emirates,DXB,BOM,1900,12,Sun,11,3.77,True,0,0,350,350,1.0,2752.2
Turkish Airlines,DXB,FRA,4800,5,Tue,13,4.84,False,0,0,182,350,0.522,2363.17
Singapore Airlines,DXB,JFK,11000,6,Sat,11,3.18,True,0,0,306,350,0.875,4209.19
Singapore Airlines,DXB,LHR,5500,1,Sat,10,3.74,True,0,0,316,350,0.905,3266.47
Emirates,DXB,NRT,7900,8,Wed,19,2.1,False,0,0,215,350,0.616,3023.92
Qatar Airways,DXB,SIN,5900,8,Thu,20,3.8,False,1,16,207,350,0.592,2668.34
Etihad,DXB,BKK,4900,6,Thu,17,6.21,True,1,46,345,350,0.988,3321.56
Qatar Airways,DXB,BKK,4900,10,Sat,0,5.64,False,0,0,257,350,0.735,2808.4
Emirates,DXB,SYD,12000,2,Sun,7,4.86,False,0,0,200,350,0.574,3525.91
Etihad,DXB,BKK,4900,11,Fri,17,6.34,False,0,0,274,350,0.783,2906.01
Emirates,DXB,SIN,5900,3,Fri,4,9.57,False,0,0,244,350,0.698,2894.54
Emirates,DXB,SYD,12000,11,Thu,17,8.5,False,0,0,212,350,0.607,3621.03
Turkish Airlines,DXB,FRA,4800,6,Wed,10,5.53,True,0,0,350,350,1.0,3326.4
Singapore Airlines,DXB,CDG,5200,8,Fri,10,6.03,False,0,0,330,350,0.946,3293.5
Emirates,DXB,SIN,5900,9,Sat,9,4.4,False,1,25,210,350,0.602,2688.92
Etihad,DXB,FRA,4800,12,Mon,3,4.18,True,0,0,299,350,0.855,3033.25
Emirates,DXB,NRT,7900,12,Wed,0,4.63,True,0,0,350,350,1.0,3940.2
Turkish Airlines,DXB,SYD,12000,2,Wed,6,6.98,False,0,0,248,350,0.711,3920.34
Emirates,DXB,SYD,12000,2,Tue,11,5.46,False,0,0,207,350,0.592,3577.89
Emirates,DXB,CDG,5200,10,Sat,21,5.16,False,1,26,218,350,0.624,2628.88
Etihad,DXB,SYD,12000,10,Mon,17,4.52,False,0,0,278,350,0.797,4166.73
Singapore Airlines,DXB,CDG,5200,8,Sat,2,4.68,False,0,0,287,350,0.822,3038.92
Emirates,DXB,SIN,5900,8,Tue,19,6.3,False,0,0,240,350,0.687,2872.56
Singapore Airlines,DXB,NRT,7900,5,Thu,0,4.44,False,0,0,179,350,0.513,2776.32
Emirates,DXB,LHR,5500,7,Wed,2,4.39,True,1,46,330,350,0.943,3345.81
Qatar Airways,DXB,SIN,5900,5,Thu,19,6.85,False,0,0,168,350,0.481,2428.89
Emirates,DXB,JNB,6400,9,Thu,19,5.43,False,1,67,181,350,0.519,2582.1
Singapore Airlines,DXB,BOM,1900,2,Sun,9,5.0,False,1,104,249,350,0.713,2273.99
Emirates,DXB,SYD,12000,9,Tue,22,5.97,False,0,0,317,350,0.907,4482.91
Singapore Airlines,DXB,BKK,4900,1,Mon,18,8.0,True,1,21,283,350,0.811,2962.34
Etihad,DXB,NRT,7900,10,Sat,16,9.68,False,0,0,236,350,0.676,3165.94
Singapore Airlines,DXB,SIN,5900,4,Sat,13,7.89,False,0,0,270,350,0.774,3058.04
Emirates,DXB,FRA,4800,12,Mon,13,7.33,True,0,0,307,350,0.879,3083.46
Etihad,DXB,NRT,7900,3,Fri,12,8.7,False,0,0,240,350,0.687,3193.11
Emirates,DXB,BKK,4900,3,Sat,5,6.77,False,1,88,256,350,0.732,2803.34
Emirates,DXB,JFK,11000,6,Sat,3,8.52,True,0,0,350,350,1.0,4554.0
British Airways,DXB,JNB,6400,4,Thu,3,5.99,False,0,0,290,350,0.831,3270.23
Emirates,DXB,NRT,7900,1,Sun,8,5.4,True,0,0,249,350,0.713,3254.91
Emirates,DXB,LHR,5500,9,Sun,13,4.35,False,0,0,219,350,0.627,2680.73
Singapore Airlines,DXB,SYD,12000,5,Thu,14,4.27,False,0,0,261,350,0.747,4023.05
Etihad,DXB,JNB,6400,3,Fri,11,9.2,False,0,0,218,350,0.626,2816.78
Turkish Airlines,DXB,FRA,4800,3,Fri,21,4.49,False,0,0,269,350,0.771,2865.32
Emirates,DXB,LHR,5500,3,Sat,6,6.63,False,0,0,222,350,0.637,2702.17
Qatar Airways,DXB,SIN,5900,10,Thu,15,6.16,False,1,28,222,350,0.636,2762.09
Turkish Airlines,DXB,JFK,11000,3,Wed,18,6.49,False,0,0,177,350,0.508,3195.71
Turkish Airlines,DXB,LHR,5500,6,Wed,15,3.34,True,0,0,293,350,0.838,3124.03
Qatar Airways,DXB,SIN,5900,3,Tue,12,8.1,False,1,37,170,350,0.488,2445.26
Qatar Airways,DXB,FRA,4800,7,Sun,19,4.15,True,1,64,329,350,0.943,3211.12
Etihad,DXB,NRT,7900,2,Thu,19,5.05,False,1,125,216,350,0.618,3027.65
Qatar Airways,DXB,SIN,5900,1,Sun,12,5.01,True,1,84,330,350,0.944,3423.97
Singapore Airlines,DXB,BKK,4900,3,Sat,15,5.47,False,1,18,221,350,0.632,2600.04
Singapore Airlines,DXB,CDG,5200,3,Thu,3,6.11,False,0,0,338,350,0.968,3338.68
Etihad,DXB,JNB,6400,6,Wed,17,1.55,True,0,0,291,350,0.832,3271.58
Singapore Airlines,DXB,JNB,6400,7,Sat,2,6.71,True,0,0,312,350,0.893,3407.44
Qatar Airways,DXB,JNB,6400,1,Mon,21,6.32,True,0,0,298,350,0.853,3319.0
Emirates,DXB,FRA,4800,10,Wed,22,6.52,False,0,0,157,350,0.451,2219.24
Singapore Airlines,DXB,BOM,1900,3,Fri,13,6.88,False,0,0,218,350,0.625,2126.15
Emirates,DXB,LHR,5500,6,Sun,13,2.66,True,0,0,287,350,0.823,3092.92
Emirates,DXB,BKK,4900,1,Tue,18,5.9,True,0,0,350,350,1.0,3346.2
Emirates,DXB,BOM,1900,4,Mon,4,5.09,False,0,0,239,350,0.685,2226.65
Emirates,DXB,JNB,6400,11,Mon,4,10.0,False,0,0,204,350,0.586,2728.46
Turkish Airlines,DXB,BOM,1900,8,Wed,19,5.42,False,1,19,263,350,0.754,2341.74
Etihad,DXB,NRT,7900,11,Sat,0,6.75,False,0,0,281,350,0.805,3474.71
Emirates,DXB,JFK,11000,8,Sat,15,5.8,False,0,0,277,350,0.793,3982.64
Emirates,DXB,JFK,11000,4,Tue,22,10.0,False,0,0,218,350,0.624,3516.36
Turkish Airlines,DXB,JNB,6400,2,Wed,5,2.83,False,0,0,295,350,0.845,3300.25
Emirates,DXB,JNB,6400,10,Sun,5,8.61,False,0,0,288,350,0.826,3257.99
Turkish Airlines,DXB,SIN,5900,7,Wed,4,4.6,True,0,0,303,350,0.868,3260.5
Emirates,DXB,JFK,11000,3,Fri,22,6.03,False,0,0,239,350,0.683,3679.58
Qatar Airways,DXB,LHR,5500,7,Thu,4,6.87,True,0,0,318,350,0.91,3275.95
Etihad,DXB,JNB,6400,9,Thu,4,5.0,False,0,0,183,350,0.525,2593.91
Qatar Airways,DXB,BOM,1900,3,Wed,10,7.77,False,0,0,242,350,0.693,2239.43
Emirates,DXB,FRA,4800,5,Fri,6,2.46,False,0,0,318,350,0.909,3143.63
Emirates,DXB,LHR,5500,7,Wed,14,4.62,True,1,81,225,350,0.645,2720.07
Emirates,DXB,BKK,4900,3,Wed,9,5.85,False,1,16,220,350,0.631,2598.04
Emirates,DXB,SIN,5900,7,Fri,18,3.99,True,0,0,315,350,0.901,3331.18
Emirates,DXB,JNB,6400,6,Sat,13,6.06,True,0,0,350,350,1.0,3643.2
Qatar Airways,DXB,FRA,4800,3,Thu,21,8.32,False,0,0,225,350,0.644,2609.42
Turkish Airlines,DXB,NRT,7900,11,Sun,10,7.29,False,0,0,261,350,0.747,3336.91
Emirates,DXB,BKK,4900,5,Mon,11,4.28,False,0,0,234,350,0.67,2676.2
Turkish Airlines,DXB,JFK,11000,12,Thu,6,6.76,True,0,0,314,350,0.898,4272.98
British Airways,DXB,BKK,4900,10,Wed,0,5.44,False,0,0,162,350,0.463,2257.36
British Airways,DXB,JNB,6400,8,Tue,14,5.6,False,0,0,269,350,0.771,3137.27
Emirates,DXB,JNB,6400,7,Sat,1,3.81,True,0,0,339,350,0.97,3577.36
Emirates,DXB,NRT,7900,9,Sun,13,7.31,False,0,0,273,350,0.781,3417.56
Singapore Airlines,DXB,BKK,4900,6,Sun,5,5.4,True,0,0,350,350,1.0,3346.2
Singapore Airlines,DXB,CDG,5200,3,Wed,7,6.43,False,0,0,238,350,0.682,2749.24
Singapore Airlines,DXB,BOM,1900,3,Sun,7,6.84,False,0,0,252,350,0.722,2289.28
Emirates,DXB,FRA,4800,5,Sun,7,1.92,False,1,105,308,350,0.882,3088.64
Emirates,DXB,NRT,7900,4,Thu,7,5.55,False,0,0,188,350,0.537,2835.71
Emirates,DXB,BKK,4900,11,Sun,22,8.79,False,0,0,312,350,0.893,3128.67
Emirates,DXB,SYD,12000,5,Wed,11,3.15,False,1,40,225,350,0.644,3727.53
Etihad,DXB,NRT,7900,6,Tue,10,4.54,True,0,0,327,350,0.936,3788.15
Emirates,DXB,BOM,1900,4,Fri,16,8.55,False,0,0,206,350,0.591,2069.27
Qatar Airways,DXB,CDG,5200,1,Mon,20,6.66,True,0,0,257,350,0.737,2862.64
Emirates,DXB,FRA,4800,4,Mon,13,7.33,False,0,0,245,350,0.702,2726.51
Qatar Airways,DXB,NRT,7900,1,Sat,17,5.07,True,1,33,256,350,0.733,3301.45
Etihad,DXB,FRA,4800,6,Thu,6,6.62,True,0,0,254,350,0.726,2774.44
Singapore Airlines,DXB,SYD,12000,7,Fri,12,2.98,True,0,0,346,350,0.99,4721.89
Qatar Airways,DXB,SIN,5900,10,Thu,0,7.53,False,0,0,240,350,0.688,2873.74
Qatar Airways,DXB,LHR,5500,10,Thu,8,5.99,False,0,0,193,350,0.552,2524.99
Emirates,DXB,BKK,4900,8,Mon,6,6.92,False,0,0,216,350,0.618,2570.68
Emirates,DXB,LHR,5500,5,Thu,5,3.8,False,0,0,148,350,0.425,2256.85
Singapore Airlines,DXB,JNB,6400,5,Fri,5,4.35,False,0,0,279,350,0.798,3197.34
Singapore Airlines,DXB,FRA,4800,6,Sun,11,3.0,True,0,0,316,350,0.904,3132.12
Etihad,DXB,BOM,1900,10,Wed,20,7.48,False,0,0,205,350,0.587,2062.64
Emirates,DXB,LHR,5500,12,Wed,20,5.67,True,0,0,350,350,1.0,3465.0
Emirates,DXB,NRT,7900,6,Wed,22,7.37,True,0,0,276,350,0.789,3437.16
Emirates,DXB,JNB,6400,11,Mon,13,4.68,False,0,0,191,350,0.546,2641.06
Emirates,DXB,SYD,12000,9,Sun,15,4.24,False,0,0,260,350,0.745,4017.08
Etihad,DXB,BOM,1900,7,Sun,11,4.86,True,0,0,308,350,0.88,2552.65
Emirates,DXB,BOM,1900,4,Tue,1,5.6,False,0,0,190,350,0.546,1994.34
Qatar Airways,DXB,SIN,5900,7,Wed,21,5.44,True,0,0,294,350,0.841,3202.77
Etihad,DXB,LHR,5500,11,Wed,16,8.11,False,0,0,193,350,0.551,2523.14
Qatar Airways,DXB,JNB,6400,9,Fri,11,4.6,False,0,0,228,350,0.652,2874.91
Turkish Airlines,DXB,JFK,11000,11,Wed,10,6.65,False,1,40,219,350,0.627,3525.38
Emirates,DXB,CDG,5200,11,Thu,22,8.75,False,0,0,186,350,0.532,2439.48
British Airways,DXB,BKK,4900,8,Fri,22,3.53,False,1,21,163,350,0.467,2264.72
Singapore Airlines,DXB,SYD,12000,10,Tue,22,5.01,False,1,77,287,350,0.822,4238.52
Emirates,DXB,FRA,4800,12,Wed,1,4.04,True,0,0,310,350,0.887,3098.19
Qatar Airways,DXB,SYD,12000,6,Sat,4,3.45,True,1,48,229,350,0.656,3760.78
Etihad,DXB,JFK,11000,11,Sat,20,5.54,False,0,0,319,350,0.913,4314.31
Singapore Airlines,DXB,JFK,11000,7,Tue,12,4.08,True,0,0,350,350,1.0,4554.0
Singapore Airlines,DXB,BKK,4900,1,Mon,19,6.9,True,0,0,350,350,1.0,3346.2
Singapore Airlines,DXB,FRA,4800,11,Tue,1,5.84,False,0,0,208,350,0.595,2510.64
Qatar Airways,DXB,LHR,5500,6,Wed,5,6.22,True,1,22,304,350,0.87,3192.27
Etihad,DXB,JNB,6400,7,Tue,9,6.16,True,0,0,325,350,0.931,3490.25
Emirates,DXB,JFK,11000,12,Tue,0,6.73,True,0,0,323,350,0.926,4348.84
Singapore Airlines,DXB,JFK,11000,4,Wed,4,9.69,False,0,0,242,350,0.692,3704.31
Emirates,DXB,NRT,7900,8,Wed,19,8.25,False,1,79,204,350,0.583,2944.42
Turkish Airlines,DXB,BOM,1900,11,Fri,8,8.75,False,0,0,245,350,0.702,2254.64
Singapore Airlines,DXB,JNB,6400,5,Tue,8,5.39,False,0,0,243,350,0.695,2969.36
Turkish Airlines,DXB,FRA,4800,4,Tue,16,8.69,False,0,0,195,350,0.56,2439.13
British Airways,DXB,SIN,5900,10,Thu,2,8.57,False,0,0,181,350,0.518,2509.9
Turkish Airlines,DXB,CDG,5200,12,Fri,22,5.95,True,0,0,291,350,0.833,3061.1
Emirates,DXB,NRT,7900,3,Wed,21,4.79,False,0,0,191,350,0.547,2858.26
Emirates,DXB,SIN,5900,10,Sat,4,6.34,False,0,0,223,350,0.637,2765.19
British Airways,DXB,CDG,5200,5,Thu,10,5.68,False,0,0,265,350,0.758,2905.76
Turkish Airlines,DXB,BOM,1900,5,Tue,19,3.4,False,0,0,263,350,0.754,2341.85
Etihad,DXB,JFK,11000,9,Sun,23,5.54,False,0,0,214,350,0.612,3482.5
Turkish Airlines,DXB,JNB,6400,6,Sun,16,4.95,True,0,0,326,350,0.932,3492.57
Qatar Airways,DXB,BKK,4900,10,Tue,7,8.11,False,0,0,205,350,0.587,2509.55
Emirates,DXB,JFK,11000,11,Fri,11,7.82,False,0,0,270,350,0.772,3923.85
Etihad,DXB,JNB,6400,4,Sun,4,9.51,False,0,0,300,350,0.859,3330.78
Etihad,DXB,BKK,4900,2,Mon,11,7.8,False,0,0,192,350,0.549,2431.59
Turkish Airlines,DXB,SYD,12000,7,Fri,9,5.07,True,0,0,320,350,0.916,4510.04
Singapore Airlines,DXB,LHR,5500,4,Sun,9,8.38,False,0,0,202,350,0.578,2579.42
British Airways,DXB,BKK,4900,1,Fri,13,4.51,True,0,0,350,350,1.0,3346.2
Emirates,DXB,JFK,11000,5,Sat,0,2.94,False,0,0,281,350,0.804,4013.99
Qatar Airways,DXB,FRA,4800,10,Thu,13,7.22,False,0,0,260,350,0.744,2810.83
Singapore Airlines,DXB,SYD,12000,3,Thu,18,2.84,False,0,0,302,350,0.865,4363.47
Singapore Airlines,DXB,NRT,7900,2,Wed,21,5.83,False,0,0,210,350,0.602,2990.65
Etihad,DXB,JNB,6400,8,Sun,5,4.81,False,0,0,199,350,0.569,2691.02
Qatar Airways,DXB,JFK,11000,7,Fri,16,5.67,True,0,0,350,350,1.0,4554.0
Turkish Airlines,DXB,BKK,4900,3,Sat,17,9.51,False,0,0,246,350,0.703,2743.86
Singapore Airlines,DXB,LHR,5500,10,Fri,16,6.2,False,0,0,244,350,0.698,2829.95
Qatar Airways,DXB,JFK,11000,4,Mon,13,7.02,False,0,0,193,350,0.554,3322.1
British Airways,DXB,BOM,1900,3,Thu,1,7.51,False,0,0,157,350,0.451,1836.09
Emirates,DXB,SIN,5900,2,Fri,6,5.72,False,0,0,250,350,0.716,2934.75
Emirates,DXB,BKK,4900,5,Fri,18,6.61,False,0,0,260,350,0.745,2828.22
Etihad,DXB,FRA,4800,3,Fri,22,5.48,False,0,0,262,350,0.75,2823.31
British Airways,DXB,BOM,1900,4,Tue,0,10.0,False,0,0,262,350,0.75,2334.9
Emirates,DXB,BKK,4900,5,Tue,20,7.36,False,1,36,219,350,0.627,2590.35
Qatar Airways,DXB,NRT,7900,9,Sat,20,3.93,False,0,0,254,350,0.726,3285.91
Qatar Airways,DXB,JFK,11000,7,Sat,3,5.05,True,0,0,321,350,0.918,4328.2
Emirates,DXB,NRT,7900,1,Sun,1,7.3,True,0,0,268,350,0.767,3383.59
Etihad,DXB,SYD,12000,6,Mon,21,6.07,True,0,0,326,350,0.933,4558.65
Emirates,DXB,FRA,4800,11,Fri,9,6.35,False,0,0,246,350,0.705,2732.0
Emirates,DXB,JNB,6400,2,Tue,13,4.12,False,0,0,177,350,0.508,2556.79
Qatar Airways,DXB,SIN,5900,5,Mon,5,5.75,False,0,0,287,350,0.822,3161.96
Emirates,DXB,BKK,4900,11,Fri,8,7.81,False,0,0,200,350,0.573,2480.94
Emirates,DXB,FRA,4800,1,Mon,21,0.87,True,0,0,337,350,0.964,3254.52
Emirates,DXB,BOM,1900,4,Tue,15,9.15,False,0,0,276,350,0.79,2401.76
Qatar Airways,DXB,JFK,11000,4,Wed,6,8.32,False,0,0,224,350,0.64,3561.65
Qatar Airways,DXB,LHR,5500,7,Fri,8,4.04,True,0,0,350,350,1.0,3465.0
British Airways,DXB,FRA,4800,2,Thu,11,5.79,False,0,0,167,350,0.477,2272.48
Emirates,DXB,SYD,12000,12,Wed,18,6.47,True,0,0,294,350,0.841,4295.06
Singapore Airlines,DXB,SIN,5900,10,Wed,8,8.5,False,0,0,204,350,0.583,2649.51
Qatar Airways,DXB,SYD,12000,1,Sun,11,4.47,True,0,0,343,350,0.982,4699.59
Emirates,DXB,FRA,4800,2,Fri,16,2.73,False,0,0,227,350,0.649,2619.26
British Airways,DXB,JNB,6400,5,Mon,18,5.81,False,0,0,198,350,0.567,2686.37
Emirates,DXB,BOM,1900,1,Tue,3,3.86,True,1,66,310,350,0.888,2565.5
Singapore Airlines,DXB,JNB,6400,5,Mon,9,4.96,False,0,0,257,350,0.737,3062.39
British Airways,DXB,NRT,7900,9,Tue,19,2.66,False,1,52,215,350,0.616,3023.81
Emirates,DXB,NRT,7900,8,Sat,14,4.68,False,0,0,266,350,0.762,3372.87
Singapore Airlines,DXB,JFK,11000,4,Fri,2,8.51,False,0,0,310,350,0.887,4242.8
British Airways,DXB,SIN,5900,9,Sat,22,2.57,False,1,47,316,350,0.903,3336.47
Turkish Airlines,DXB,BOM,1900,2,Fri,20,5.22,False,1,56,223,350,0.639,2149.6
Emirates,DXB,SIN,5900,3,Fri,2,3.75,False,0,0,273,350,0.782,3076.15
Singapore Airlines,DXB,CDG,5200,12,Wed,8,3.9,True,1,19,277,350,0.793,2978.57
Singapore Airlines,DXB,JNB,6400,8,Fri,15,2.63,False,0,0,224,350,0.641,2850.4
Turkish Airlines,DXB,BOM,1900,11,Fri,23,9.39,False,0,0,211,350,0.605,2094.05
Etihad,DXB,JNB,6400,10,Tue,16,5.59,False,0,0,198,350,0.567,2687.15
British Airways,DXB,BOM,1900,7,Thu,12,3.19,True,0,0,250,350,0.715,2276.33
Emirates,DXB,JNB,6400,3,Thu,6,8.15,False,0,0,201,350,0.575,2704.07
Emirates,DXB,LHR,5500,9,Thu,20,0.68,False,0,0,236,350,0.677,2786.51
Etihad,DXB,SIN,5900,11,Tue,2,7.69,False,0,0,298,350,0.853,3229.46
Etihad,DXB,BOM,1900,1,Wed,12,7.31,True,0,0,238,350,0.681,2220.84
Etihad,DXB,JNB,6400,11,Thu,18,7.09,False,0,0,151,350,0.432,2389.68
Emirates,DXB,FRA,4800,4,Fri,21,7.77,False,1,77,280,350,0.801,2924.58
Emirates,DXB,SYD,12000,6,Tue,13,6.44,True,0,0,304,350,0.87,4377.58
Emirates,DXB,JFK,11000,11,Wed,18,8.87,False,0,0,286,350,0.819,4053.38
Emirates,DXB,BKK,4900,3,Fri,11,8.38,False,0,0,289,350,0.826,2994.22
Turkish Airlines,DXB,BOM,1900,6,Wed,0,6.73,True,0,0,267,350,0.764,2358.25
Etihad,DXB,SYD,12000,11,Sat,13,7.28,False,0,0,276,350,0.791,4149.8
Qatar Airways,DXB,LHR,5500,9,Fri,12,3.85,False,0,0,203,350,0.582,2586.19
Emirates,DXB,BKK,4900,2,Tue,16,5.73,False,0,0,262,350,0.751,2841.05
Emirates,DXB,FRA,4800,9,Sat,22,4.66,False,0,0,252,350,0.722,2766.25
Emirates,DXB,SYD,12000,1,Mon,13,4.52,True,0,0,252,350,0.723,3952.86
Emirates,DXB,SYD,12000,6,Wed,11,0.99,True,0,0,343,350,0.982,4700.05
Etihad,DXB,CDG,5200,7,Thu,1,5.49,True,0,0,302,350,0.866,3128.31
Emirates,DXB,LHR,5500,7,Fri,13,4.02,True,0,0,330,350,0.944,3347.2
Emirates,DXB,NRT,7900,9,Thu,11,4.45,False,0,0,229,350,0.655,3115.33
Singapore Airlines,DXB,JNB,6400,11,Sun,2,4.2,False,0,0,310,350,0.888,3394.8
Emirates,DXB,CDG,5200,11,Fri,7,6.06,False,0,0,249,350,0.714,2815.59
Qatar Airways,DXB,SYD,12000,5,Thu,20,5.08,False,0,0,272,350,0.779,4115.05
Singapore Airlines,DXB,CDG,5200,8,Sat,13,3.94,False,1,44,261,350,0.747,2882.63
Turkish Airlines,DXB,BKK,4900,10,Fri,11,5.53,False,0,0,269,350,0.77,2880.45
Emirates,DXB,JFK,11000,4,Sun,13,6.38,False,0,0,253,350,0.723,3789.54
Emirates,DXB,FRA,4800,2,Sun,4,2.53,False,0,0,254,350,0.727,2776.26
Singapore Airlines,DXB,BOM,1900,7,Sat,6,3.03,True,0,0,254,350,0.727,2297.16
Etihad,DXB,FRA,4800,1,Tue,12,6.57,True,0,0,322,350,0.921,3167.01
Singapore Airlines,DXB,FRA,4800,9,Sat,21,3.55,False,0,0,145,350,0.415,2146.35
Emirates,DXB,NRT,7900,9,Sun,14,4.17,False,0,0,239,350,0.684,3185.18
Singapore Airlines,DXB,FRA,4800,2,Tue,13,6.5,False,0,0,245,350,0.7,2722.01
Etihad,DXB,BKK,4900,3,Tue,13,7.28,False,0,0,238,350,0.681,2700.0
Turkish Airlines,DXB,LHR,5500,9,Mon,11,4.33,False,0,0,193,350,0.552,2524.02
Emirates,DXB,NRT,7900,12,Thu,19,6.19,True,0,0,316,350,0.904,3709.95
Emirates,DXB,JFK,11000,6,Fri,11,3.01,True,1,64,309,350,0.884,4233.12
Etihad,DXB,SIN,5900,2,Mon,15,3.29,False,0,0,293,350,0.837,3194.5
Emirates,DXB,JFK,11000,11,Sat,1,6.91,False,0,0,316,350,0.905,4291.76
Singapore Airlines,DXB,FRA,4800,6,Thu,2,2.79,True,1,60,277,350,0.793,2908.52
Qatar Airways,DXB,BKK,4900,1,Tue,6,4.07,True,0,0,244,350,0.698,2734.63
Emirates,DXB,SIN,5900,8,Wed,0,4.11,False,0,0,195,350,0.559,2596.44
Emirates,DXB,BOM,1900,2,Thu,19,5.76,False,0,0,199,350,0.569,2033.12
Emirates,DXB,BOM,1900,9,Wed,0,6.38,False,0,0,240,350,0.687,2229.6
Emirates,DXB,FRA,4800,6,Tue,5,7.18,True,0,0,329,350,0.942,3209.26
Qatar Airways,DXB,CDG,5200,6,Thu,14,6.63,True,0,0,282,350,0.807,3008.07
Singapore Airlines,DXB,CDG,5200,8,Mon,23,5.18,False,0,0,224,350,0.641,2664.41
British Airways,DXB,SIN,5900,7,Tue,0,4.39,True,1,96,233,350,0.667,2829.57
Turkish Airlines,DXB,LHR,5500,6,Tue,9,5.99,True,0,0,308,350,0.882,3216.75
Singapore Airlines,DXB,SIN,5900,9,Tue,11,3.63,False,0,0,242,350,0.694,2886.66
Emirates,DXB,LHR,5500,12,Wed,23,7.4,True,0,0,313,350,0.896,3246.16
British Airways,DXB,LHR,5500,2,Thu,2,1.57,False,1,22,242,350,0.694,2822.82
Qatar Airways,DXB,FRA,4800,9,Wed,17,8.01,False,0,0,215,350,0.617,2553.64
Singapore Airlines,DXB,BKK,4900,3,Wed,1,8.72,False,0,0,250,350,0.716,2769.33
Emirates,DXB,NRT,7900,9,Tue,9,5.84,False,1,32,287,350,0.821,3513.93
Emirates,DXB,CDG,5200,7,Tue,1,7.3,True,0,0,336,350,0.961,3324.78
Singapore Airlines,DXB,LHR,5500,6,Fri,10,4.95,True,0,0,290,350,0.831,3110.99
Singapore Airlines,DXB,SYD,12000,1,Fri,1,6.91,True,0,0,350,350,1.0,4752.0
Singapore Airlines,DXB,BOM,1900,7,Tue,14,2.24,True,1,26,307,350,0.879,2550.12
Emirates,DXB,JNB,6400,12,Sat,4,7.0,True,0,0,340,350,0.973,3583.74
Qatar Airways,DXB,NRT,7900,5,Sat,6,3.44,False,0,0,250,350,0.714,3257.91
Qatar Airways,DXB,BKK,4900,1,Sun,17,5.31,True,0,0,222,350,0.635,2605.83
Qatar Airways,DXB,FRA,4800,3,Sun,12,5.73,False,0,0,221,350,0.634,2588.37
Qatar Airways,DXB,JFK,11000,2,Wed,20,6.89,False,0,0,169,350,0.483,3127.49
Qatar Airways,DXB,BOM,1900,8,Sat,12,7.6,False,0,0,309,350,0.883,2557.52
Emirates,DXB,JFK,11000,9,Sat,4,4.8,False,1,22,273,350,0.781,3950.1
Turkish Airlines,DXB,CDG,5200,10,Fri,10,7.33,False,0,0,193,350,0.553,2483.72
Turkish Airlines,DXB,NRT,7900,12,Wed,5,5.33,True,0,0,293,350,0.84,3556.96
Emirates,DXB,BOM,1900,8,Mon,22,5.44,False,0,0,206,350,0.59,2067.56
Etihad,DXB,CDG,5200,1,Sun,22,2.65,True,0,0,268,350,0.768,2926.29
Emirates,DXB,NRT,7900,9,Tue,16,6.5,False,0,0,218,350,0.625,3043.64
Emirates,DXB,BOM,1900,6,Fri,15,3.5,True,1,32,350,350,1.0,2752.2
Qatar Airways,DXB,JNB,6400,12,Mon,5,6.72,True,0,0,251,350,0.718,3020.89
British Airways,DXB,NRT,7900,2,Thu,11,6.48,False,0,0,168,350,0.48,2699.51
Qatar Airways,DXB,BKK,4900,9,Sun,18,4.85,False,0,0,275,350,0.788,2916.3
Emirates,DXB,SYD,12000,3,Mon,2,7.17,False,0,0,190,350,0.544,3438.62
Emirates,DXB,SYD,12000,5,Sun,15,7.44,False,0,0,242,350,0.693,3866.83
Emirates,DXB,NRT,7900,3,Fri,14,8.37,False,0,0,200,350,0.573,2921.67
Emirates,DXB,FRA,4800,11,Thu,16,5.81,False,0,0,154,350,0.44,2197.75
Emirates,DXB,LHR,5500,1,Sun,23,4.05,True,0,0,247,350,0.706,2847.12
Turkish Airlines,DXB,FRA,4800,3,Thu,17,5.95,False,0,0,198,350,0.568,2454.57
Etihad,DXB,SIN,5900,1,Wed,21,5.07,True,0,0,350,350,1.0,3544.2
Emirates,DXB,BOM,1900,11,Wed,21,8.72,False,1,95,227,350,0.65,2167.95
Emirates,DXB,JFK,11000,4,Wed,2,8.51,False,0,0,183,350,0.525,3241.66
Emirates,DXB,SIN,5900,5,Tue,4,4.73,False,0,0,194,350,0.556,2591.41
Qatar Airways,DXB,FRA,4800,10,Mon,5,8.0,False,0,0,237,350,0.678,2677.32
Emirates,DXB,JNB,6400,2,Wed,22,2.97,False,0,0,211,350,0.605,2770.15
Qatar Airways,DXB,JFK,11000,5,Fri,8,3.5,False,0,0,221,350,0.632,3537.73
British Airways,DXB,BOM,1900,7,Fri,11,3.89,True,1,60,309,350,0.885,2560.56
Emirates,DXB,BOM,1900,2,Tue,17,5.81,False,0,0,193,350,0.553,2007.41
Emirates,DXB,SYD,12000,7,Sun,9,5.92,True,1,67,326,350,0.932,4555.38
Singapore Airlines,DXB,CDG,5200,12,Tue,18,6.88,True,0,0,312,350,0.893,3184.08
Singapore Airlines,DXB,NRT,7900,1,Sun,22,3.31,True,0,0,302,350,0.865,3618.07
Singapore Airlines,DXB,NRT,7900,3,Mon,9,5.22,False,0,0,277,350,0.793,3446.67
Etihad,DXB,JFK,11000,10,Mon,11,7.06,False,0,0,229,350,0.656,3604.79
Emirates,DXB,FRA,4800,2,Sat,19,4.94,False,0,0,330,350,0.945,3215.38
Etihad,DXB,SYD,12000,7,Mon,3,3.85,True,0,0,269,350,0.77,4088.2
Singapore Airlines,DXB,LHR,5500,6,Fri,22,3.12,True,1,56,311,350,0.891,3236.62
Singapore Airlines,DXB,JNB,6400,12,Thu,21,4.9,True,0,0,306,350,0.876,3369.09
Qatar Airways,DXB,BOM,1900,5,Mon,16,1.37,False,0,0,230,350,0.66,2184.74
Singapore Airlines,DXB,JFK,11000,3,Mon,5,8.74,False,0,0,272,350,0.777,3939.75
Etihad,DXB,SIN,5900,3,Fri,13,8.35,False,0,0,222,350,0.635,2760.48
Etihad,DXB,JFK,11000,4,Mon,19,9.04,False,0,0,302,350,0.864,4177.77
Qatar Airways,DXB,NRT,7900,2,Wed,22,5.3,False,1,48,125,350,0.359,2410.52
Singapore Airlines,DXB,SIN,5900,5,Sat,17,4.11,False,1,23,286,350,0.818,3152.69
Singapore Airlines,DXB,JFK,11000,5,Tue,4,3.56,False,0,0,207,350,0.592,3426.93
Emirates,DXB,SYD,12000,3,Sun,2,7.88,False,0,0,283,350,0.809,4201.43
Emirates,DXB,LHR,5500,3,Sun,23,9.5,False,0,0,310,350,0.887,3227.6
Emirates,DXB,CDG,5200,6,Sat,8,5.4,True,1,34,311,350,0.89,3179.12
British Airways,DXB,CDG,5200,9,Wed,1,6.53,False,0,0,270,350,0.771,2933.83
Etihad,DXB,BOM,1900,5,Mon,10,5.98,False,0,0,268,350,0.768,2365.34
Emirates,DXB,JFK,11000,7,Fri,3,3.55,True,1,22,332,350,0.951,4417.42
Emirates,DXB,JFK,11000,8,Sun,21,5.34,False,0,0,242,350,0.692,3703.52
Emirates,DXB,LHR,5500,2,Wed,4,2.76,False,0,0,240,350,0.687,2806.87
Turkish Airlines,DXB,FRA,4800,2,Mon,12,4.42,False,0,0,173,350,0.495,2308.43
Etihad,DXB,JNB,6400,10,Mon,10,8.39,False,0,0,197,350,0.564,2679.49
Singapore Airlines,DXB,BKK,4900,7,Wed,1,4.08,True,0,0,290,350,0.829,2999.35
Turkish Airlines,DXB,JNB,6400,4,Sun,11,9.3,False,0,0,272,350,0.78,3157.1
Etihad,DXB,JNB,6400,10,Fri,5,9.03,False,0,0,271,350,0.775,3146.86
British Airways,DXB,CDG,5200,8,Mon,20,5.12,False,0,0,269,350,0.769,2928.54
Qatar Airways,DXB,FRA,4800,4,Fri,7,8.41,False,1,18,230,350,0.659,2638.84
Singapore Airlines,DXB,BOM,1900,9,Wed,19,7.38,False,0,0,260,350,0.744,2324.47
Emirates,DXB,LHR,5500,6,Fri,20,4.28,True,0,0,325,350,0.93,3317.2
Qatar Airways,DXB,JFK,11000,12,Sun,23,5.78,True,0,0,337,350,0.964,4454.13
Emirates,DXB,JNB,6400,2,Wed,0,5.01,False,0,0,239,350,0.684,2946.21
Qatar Airways,DXB,BKK,4900,10,Wed,5,7.89,False,0,0,241,350,0.689,2714.79
Singapore Airlines,DXB,FRA,4800,11,Mon,13,7.83,False,0,0,222,350,0.636,2592.98
Emirates,DXB,SIN,5900,10,Sat,19,8.15,False,0,0,221,350,0.634,2757.5
Qatar Airways,DXB,JFK,11000,11,Fri,7,8.53,False,0,0,241,350,0.691,3700.62
Singapore Airlines,DXB,SYD,12000,7,Wed,3,3.54,True,0,0,276,350,0.789,4145.2
Emirates,DXB,LHR,5500,12,Tue,23,3.53,True,0,0,274,350,0.783,3009.82
British Airways,DXB,CDG,5200,8,Fri,12,5.46,False,0,0,263,350,0.752,2893.34
Etihad,DXB,NRT,7900,3,Sun,16,8.32,False,0,0,228,350,0.653,3112.16
British Airways,DXB,CDG,5200,2,Sun,15,6.25,False,1,76,265,350,0.759,2908.83
Emirates,DXB,SIN,5900,10,Wed,9,7.31,False,1,19,220,350,0.629,2746.98
Turkish Airlines,DXB,CDG,5200,9,Sun,13,3.69,False,0,0,230,350,0.658,2699.34
British Airways,DXB,SYD,12000,8,Tue,23,4.92,False,0,0,289,350,0.828,4256.42
Emirates,DXB,BKK,4900,11,Wed,16,5.51,False,0,0,277,350,0.792,2924.58
Qatar Airways,DXB,JFK,11000,2,Wed,5,2.5,False,0,0,267,350,0.763,3900.92
Singapore Airlines,DXB,SYD,12000,6,Sun,3,7.42,True,0,0,325,350,0.929,4548.34
Emirates,DXB,NRT,7900,10,Sat,9,8.32,False,0,0,334,350,0.956,3836.11
Qatar Airways,DXB,FRA,4800,4,Thu,16,8.2,False,0,0,233,350,0.666,2652.66
Etihad,DXB,NRT,7900,2,Mon,9,4.82,False,0,0,265,350,0.757,3361.07
Emirates,DXB,LHR,5500,11,Mon,6,2.07,False,0,0,182,350,0.522,2462.02
Emirates,DXB,SYD,12000,11,Fri,10,6.33,False,0,0,293,350,0.838,4284.85
Turkish Airlines,DXB,BOM,1900,9,Sun,9,5.34,False,0,0,250,350,0.716,2277.94
British Airways,DXB,BKK,4900,10,Sat,17,7.12,False,0,0,164,350,0.47,2270.91
British Airways,DXB,SIN,5900,3,Wed,15,6.55,False,1,38,138,350,0.396,2246.97
Emirates,DXB,LHR,5500,10,Thu,11,6.92,False,0,0,211,350,0.605,2634.64
Emirates,DXB,JNB,6400,1,Tue,2,4.41,True,1,31,300,350,0.859,3331.3
Etihad,DXB,BOM,1900,1,Fri,18,3.34,True,0,0,323,350,0.925,2626.81
British Airways,DXB,JNB,6400,11,Mon,13,7.8,False,0,0,243,350,0.694,2968.26
Emirates,DXB,BKK,4900,9,Mon,12,3.5,False,0,0,195,350,0.558,2449.33
Emirates,DXB,JFK,11000,1,Fri,6,6.4,True,0,0,344,350,0.986,4514.09
Emirates,DXB,FRA,4800,2,Fri,6,4.58,False,0,0,240,350,0.688,2696.94
Singapore Airlines,DXB,JNB,6400,2,Mon,8,5.37,False,0,0,227,350,0.649,2867.46
Qatar Airways,DXB,NRT,7900,1,Wed,15,7.7,True,1,37,350,350,1.0,3940.2
Qatar Airways,DXB,BKK,4900,3,Mon,12,5.49,False,0,0,230,350,0.659,2654.13
Etihad,DXB,LHR,5500,4,Thu,9,6.8,False,0,0,234,350,0.671,2773.5
Etihad,DXB,SYD,12000,4,Thu,1,6.78,False,0,0,200,350,0.574,3524.37
Emirates,DXB,FRA,4800,2,Thu,19,3.68,False,1,28,253,350,0.724,2769.13
Emirates,DXB,CDG,5200,11,Wed,9,7.43,False,0,0,210,350,0.602,2584.13
Singapore Airlines,DXB,SYD,12000,4,Sat,16,7.91,False,0,0,348,350,0.995,4737.94
Emirates,DXB,NRT,7900,5,Fri,3,4.55,False,0,0,239,350,0.683,3183.03
Qatar Airways,DXB,NRT,7900,11,Wed,22,6.23,False,1,24,218,350,0.625,3045.22
Singapore Airlines,DXB,JNB,6400,5,Mon,14,4.28,False,0,0,260,350,0.743,3076.56
British Airways,DXB,FRA,4800,12,Tue,4,5.35,True,0,0,264,350,0.756,2834.27
Emirates,DXB,BOM,1900,2,Mon,6,4.94,False,0,0,280,350,0.802,2421.2
Etihad,DXB,NRT,7900,11,Sun,20,6.2,False,0,0,296,350,0.846,3573.01
Emirates,DXB,BKK,4900,2,Thu,19,7.02,False,0,0,288,350,0.823,2987.04
Qatar Airways,DXB,BOM,1900,9,Mon,4,3.27,False,1,114,197,350,0.563,2023.44
Etihad,DXB,JNB,6400,10,Wed,15,5.44,False,1,19,197,350,0.563,2678.45
Emirates,DXB,CDG,5200,8,Sun,11,5.98,False,1,82,272,350,0.78,2951.09
Emirates,DXB,SIN,5900,7,Fri,10,5.45,True,1,39,277,350,0.793,3099.09
British Airways,DXB,SIN,5900,2,Mon,1,5.34,False,0,0,166,350,0.477,2420.72
Singapore Airlines,DXB,BKK,4900,9,Mon,12,4.04,False,0,0,261,350,0.748,2836.15
Etihad,DXB,CDG,5200,9,Sun,4,6.23,False,0,0,190,350,0.545,2466.52
Emirates,DXB,BKK,4900,7,Thu,16,4.02,True,0,0,265,350,0.758,2855.75
Emirates,DXB,FRA,4800,7,Thu,18,5.65,True,0,0,303,350,0.866,3055.96
Emirates,DXB,JFK,11000,7,Sat,17,4.89,True,0,0,295,350,0.845,4126.25
Emirates,DXB,JFK,11000,9,Sun,23,4.32,False,0,0,269,350,0.771,3922.55
Etihad,DXB,SYD,12000,4,Sat,12,5.49,False,0,0,282,350,0.808,4197.87
Emirates,DXB,FRA,4800,6,Tue,5,4.07,True,0,0,290,350,0.829,2981.73
Emirates,DXB,CDG,5200,12,Tue,15,2.59,True,1,29,300,350,0.86,3116.01
British Airways,DXB,JFK,11000,8,Tue,0,4.5,False,0,0,155,350,0.443,3017.49
Emirates,DXB,JFK,11000,10,Thu,7,6.96,False,0,0,280,350,0.8,4002.84
Singapore Airlines,DXB,JNB,6400,7,Sun,23,2.33,True,1,23,350,350,1.0,3643.2
Emirates,DXB,FRA,4800,10,Wed,9,7.69,False,0,0,259,350,0.743,2807.56
Qatar Airways,DXB,FRA,4800,1,Sun,12,5.7,True,0,0,350,350,1.0,3326.4
Turkish Airlines,DXB,BKK,4900,12,Thu,3,4.98,True,0,0,332,350,0.949,3242.98
Etihad,DXB,FRA,4800,12,Tue,11,6.6,True,0,0,292,350,0.835,2994.72
Emirates,DXB,CDG,5200,8,Mon,3,2.34,False,0,0,162,350,0.464,2300.3
Emirates,DXB,LHR,5500,12,Mon,6,3.89,True,0,0,268,350,0.769,2978.99
Emirates,DXB,BOM,1900,8,Mon,16,5.54,False,0,0,245,350,0.702,2254.33
Singapore Airlines,DXB,CDG,5200,5,Fri,21,5.31,False,0,0,246,350,0.703,2793.16
Emirates,DXB,BOM,1900,4,Tue,19,5.16,False,1,39,180,350,0.514,1942.27
Qatar Airways,DXB,NRT,7900,4,Thu,0,6.75,False,0,0,202,350,0.579,2935.92
British Airways,DXB,CDG,5200,4,Sat,20,7.08,False,0,0,215,350,0.616,2612.08
Emirates,DXB,BKK,4900,1,Wed,20,4.65,True,0,0,285,350,0.814,2969.64
Emirates,DXB,FRA,4800,3,Sat,12,9.25,False,1,32,262,350,0.751,2824.93
Emirates,DXB,BOM,1900,3,Thu,23,7.41,False,0,0,252,350,0.721,2287.34
Emirates,DXB,JFK,11000,3,Thu,15,6.93,False,0,0,285,350,0.816,4047.34
Emirates,DXB,FRA,4800,4,Sat,2,7.1,False,0,0,150,350,0.43,2177.29
British Airways,DXB,JFK,11000,7,Sun,3,3.76,True,1,139,350,350,1.0,4554.0
Emirates,DXB,NRT,7900,2,Sat,3,4.54,False,0,0,261,350,0.748,3338.02
British Airways,DXB,NRT,7900,11,Fri,3,7.54,False,0,0,256,350,0.734,3305.37
Etihad,DXB,FRA,4800,3,Sat,12,8.11,False,0,0,314,350,0.9,3124.4
Emirates,DXB,SYD,12000,12,Thu,3,4.54,True,0,0,347,350,0.992,4729.67
Emirates,DXB,BOM,1900,9,Tue,2,8.2,False,0,0,206,350,0.591,2070.66
Qatar Airways,DXB,CDG,5200,9,Fri,16,3.17,False,0,0,287,350,0.822,3039.0
Emirates,DXB,SIN,5900,2,Mon,3,3.63,False,0,0,244,350,0.697,2894.21
Emirates,DXB,SIN,5900,9,Sat,2,3.23,False,0,0,155,350,0.443,2348.61
Turkish Airlines,DXB,JNB,6400,12,Sat,13,5.44,True,0,0,313,350,0.894,3410.22
Singapore Airlines,DXB,JNB,6400,2,Sun,5,7.0,False,0,0,241,350,0.689,2957.54
Qatar Airways,DXB,CDG,5200,6,Mon,7,8.53,True,1,132,312,350,0.894,3186.31
British Airways,DXB,SIN,5900,9,Thu,12,5.66,False,0,0,273,350,0.781,3072.9
British Airways,DXB,BKK,4900,7,Mon,23,4.3,True,1,49,350,350,1.0,3346.2
Singapore Airlines,DXB,JNB,6400,1,Sun,11,8.25,True,0,0,350,350,1.0,3643.2
Turkish Airlines,DXB,CDG,5200,4,Wed,1,8.34,False,0,0,239,350,0.684,2753.65
Singapore Airlines,DXB,JNB,6400,1,Thu,15,6.69,True,0,0,277,350,0.792,3184.43
British Airways,DXB,CDG,5200,2,Fri,14,4.98,False,0,0,253,350,0.726,2839.39
Emirates,DXB,SIN,5900,8,Thu,13,3.98,False,0,0,232,350,0.664,2823.17
Emirates,DXB,JNB,6400,9,Fri,7,2.45,False,0,0,261,350,0.748,3086.52
Etihad,DXB,FRA,4800,6,Thu,11,6.11,True,0,0,204,350,0.585,2490.03
Qatar Airways,DXB,SYD,12000,8,Sun,19,5.8,False,1,122,333,350,0.953,4615.74
Qatar Airways,DXB,FRA,4800,7,Sat,10,4.79,True,0,0,344,350,0.985,3296.87
British Airways,DXB,BOM,1900,4,Tue,1,6.72,False,0,0,184,350,0.528,1964.86
Singapore Airlines,DXB,FRA,4800,1,Sun,16,4.71,True,0,0,350,350,1.0,3326.4
Emirates,DXB,SYD,12000,11,Thu,10,7.24,False,0,0,195,350,0.558,3478.79
Qatar Airways,DXB,FRA,4800,5,Fri,20,6.26,False,0,0,266,350,0.761,2844.63
Emirates,DXB,CDG,5200,12,Wed,16,2.31,True,1,38,319,350,0.914,3227.35
Emirates,DXB,SYD,12000,6,Mon,20,2.8,True,1,118,350,350,1.0,4752.0
Etihad,DXB,JNB,6400,7,Sat,7,5.99,True,0,0,244,350,0.698,2977.09
Turkish Airlines,DXB,NRT,7900,9,Thu,16,7.15,False,0,0,256,350,0.733,3303.26
Singapore Airlines,DXB,LHR,5500,12,Tue,10,5.71,True,0,0,292,350,0.835,3119.06
Emirates,DXB,LHR,5500,2,Wed,13,5.33,False,1,34,265,350,0.76,2960.57
British Airways,DXB,JNB,6400,10,Sun,12,6.25,False,1,17,239,350,0.683,2943.67
Etihad,DXB,SYD,12000,1,Fri,12,6.06,True,1,37,350,350,1.0,4752.0
Qatar Airways,DXB,JFK,11000,6,Sun,0,4.88,True,0,0,291,350,0.832,4089.16
Singapore Airlines,DXB,FRA,4800,4,Mon,1,3.99,False,0,0,200,350,0.571,2462.5
Emirates,DXB,SIN,5900,12,Thu,6,7.1,True,0,0,247,350,0.707,2914.15
Turkish Airlines,DXB,SIN,5900,12,Fri,6,4.28,True,1,98,339,350,0.971,3481.78
British Airways,DXB,JFK,11000,6,Tue,8,4.48,True,0,0,331,350,0.946,4405.22
Emirates,DXB,BOM,1900,6,Thu,14,4.27,True,1,49,287,350,0.823,2456.16
Qatar Airways,DXB,LHR,5500,8,Fri,15,6.42,False,0,0,310,350,0.888,3229.68
Etihad,DXB,BOM,1900,5,Wed,3,3.66,False,0,0,178,350,0.511,1936.48
Singapore Airlines,DXB,JNB,6400,2,Tue,5,6.11,False,0,0,142,350,0.406,2332.12
British Airways,DXB,JNB,6400,10,Sun,23,9.92,False,0,0,258,350,0.738,3065.55
Qatar Airways,DXB,BOM,1900,12,Tue,8,5.66,True,0,0,319,350,0.913,2606.73
Turkish Airlines,DXB,JNB,6400,7,Wed,3,4.59,True,0,0,240,350,0.687,2951.44
Qatar Airways,DXB,BOM,1900,11,Tue,6,9.33,False,0,0,259,350,0.74,2318.8
Singapore Airlines,DXB,JFK,11000,12,Sun,20,5.88,True,0,0,341,350,0.977,4489.7
Emirates,DXB,JFK,11000,8,Sun,10,5.24,False,0,0,273,350,0.78,3947.22
Emirates,DXB,JNB,6400,7,Fri,20,5.59,True,0,0,345,350,0.988,3617.39
Emirates,DXB,JFK,11000,2,Fri,13,4.39,False,0,0,274,350,0.784,3958.61
Qatar Airways,DXB,LHR,5500,8,Wed,11,4.86,False,0,0,248,350,0.71,2856.62
Emirates,DXB,JFK,11000,6,Tue,16,6.47,True,0,0,350,350,1.0,4554.0
Emirates,DXB,FRA,4800,7,Wed,0,6.57,True,0,0,302,350,0.866,3055.56
Singapore Airlines,DXB,SYD,12000,1,Wed,17,7.41,True,0,0,288,350,0.823,4242.07
Emirates,DXB,CDG,5200,12,Sun,15,5.37,True,0,0,306,350,0.875,3147.41
British Airways,DXB,FRA,4800,12,Thu,5,5.98,True,0,0,350,350,1.0,3326.4
Emirates,DXB,CDG,5200,6,Mon,17,7.52,True,1,43,350,350,1.0,3405.6
Emirates,DXB,SIN,5900,10,Sat,11,6.55,False,0,0,253,350,0.723,2950.21
Qatar Airways,DXB,BKK,4900,11,Fri,7,7.55,False,0,0,226,350,0.647,2630.37
Emirates,DXB,JNB,6400,5,Tue,21,4.65,False,0,0,201,350,0.576,2707.01
Qatar Airways,DXB,BKK,4900,1,Sat,0,3.2,True,0,0,350,350,1.0,3346.2
Turkish Airlines,DXB,FRA,4800,10,Wed,15,8.65,False,1,26,207,350,0.594,2507.61
Emirates,DXB,NRT,7900,1,Fri,12,1.9,True,0,0,323,350,0.923,3756.6
Etihad,DXB,BOM,1900,9,Wed,11,8.17,False,0,0,209,350,0.598,2082.44
Qatar Airways,DXB,LHR,5500,12,Fri,2,7.26,True,0,0,332,350,0.951,3361.29
Etihad,DXB,JFK,11000,2,Thu,10,5.9,False,0,0,172,350,0.494,3156.86
Emirates,DXB,JFK,11000,6,Fri,17,5.38,True,0,0,338,350,0.968,4465.68
Qatar Airways,DXB,JNB,6400,9,Wed,7,3.24,False,0,0,221,350,0.633,2831.95
Emirates,DXB,NRT,7900,12,Sun,16,6.83,True,0,0,350,350,1.0,3940.2
Qatar Airways,DXB,NRT,7900,7,Sat,2,5.77,True,0,0,244,350,0.699,3222.06
Etihad,DXB,JFK,11000,1,Wed,4,3.71,True,0,0,299,350,0.855,4153.77
Emirates,DXB,SYD,12000,5,Sun,11,6.47,False,0,0,245,350,0.702,3893.03
Singapore Airlines,DXB,BKK,4900,11,Tue,8,4.96,False,0,0,229,350,0.655,2646.62
Singapore Airlines,DXB,SIN,5900,9,Thu,13,5.27,False,0,0,234,350,0.671,2836.57
Etihad,DXB,FRA,4800,3,Wed,20,7.79,False,0,0,186,350,0.532,2383.62
Singapore Airlines,DXB,NRT,7900,2,Thu,21,6.62,False,0,0,200,350,0.572,2918.9
Emirates,DXB,JNB,6400,8,Tue,5,4.84,False,0,0,236,350,0.675,2925.13
Emirates,DXB,JFK,11000,7,Mon,2,3.45,True,1,39,293,350,0.84,4111.13
Emirates,DXB,LHR,5500,5,Wed,7,4.86,False,0,0,279,350,0.799,3042.05
Turkish Airlines,DXB,JNB,6400,9,Sat,11,8.3,False,0,0,269,350,0.771,3138.02
Etihad,DXB,FRA,4800,10,Sun,11,4.2,False,1,19,254,350,0.726,2774.87
Etihad,DXB,BKK,4900,9,Wed,19,3.84,False,0,0,299,350,0.857,3055.51
Qatar Airways,DXB,NRT,7900,1,Thu,7,3.81,True,0,0,266,350,0.762,3372.37
Singapore Airlines,DXB,BKK,4900,7,Sat,11,4.67,True,0,0,333,350,0.952,3248.14
Emirates,DXB,JFK,11000,11,Sat,6,7.16,False,0,0,341,350,0.975,4483.76
Emirates,DXB,JNB,6400,4,Thu,23,5.97,False,0,0,187,350,0.535,2617.12
British Airways,DXB,SYD,12000,8,Mon,8,3.7,False,0,0,213,350,0.609,3625.59
Emirates,DXB,SYD,12000,2,Mon,1,7.37,False,0,0,215,350,0.616,3645.89
Emirates,DXB,LHR,5500,12,Tue,23,2.69,True,0,0,277,350,0.794,3032.34
Etihad,DXB,LHR,5500,8,Tue,17,6.22,False,0,0,246,350,0.703,2841.14
Singapore Airlines,DXB,BOM,1900,10,Mon,16,9.08,False,0,0,166,350,0.475,1876.81
Qatar Airways,DXB,BOM,1900,1,Fri,13,4.36,True,0,0,306,350,0.876,2545.12
British Airways,DXB,BKK,4900,8,Tue,4,3.9,False,1,23,242,350,0.692,2721.15
British Airways,DXB,LHR,5500,10,Tue,5,6.26,False,0,0,225,350,0.646,2720.6
Singapore Airlines,DXB,SYD,12000,6,Sat,16,5.14,True,0,0,350,350,1.0,4752.0
Emirates,DXB,LHR,5500,6,Sat,19,6.25,True,0,0,268,350,0.767,2975.25
Qatar Airways,DXB,BKK,4900,7,Wed,19,5.05,True,0,0,287,350,0.822,2985.35
Singapore Airlines,DXB,SIN,5900,2,Mon,21,3.33,False,1,18,280,350,0.802,3119.55
Qatar Airways,DXB,FRA,4800,6,Fri,0,7.06,True,0,0,272,350,0.778,2878.62
Emirates,DXB,LHR,5500,4,Sun,18,5.59,False,0,0,283,350,0.811,3067.68
Emirates,DXB,JFK,11000,12,Tue,9,1.96,True,0,0,311,350,0.89,4250.93
Qatar Airways,DXB,LHR,5500,12,Wed,20,5.07,True,0,0,232,350,0.665,2761.7
Qatar Airways,DXB,NRT,7900,12,Mon,7,4.48,True,0,0,301,350,0.861,3608.03
Emirates,DXB,NRT,7900,2,Sun,18,5.83,False,0,0,261,350,0.748,3338.46
British Airways,DXB,BOM,1900,2,Sat,15,8.15,False,0,0,266,350,0.762,2355.42
Etihad,DXB,JFK,11000,6,Wed,2,3.3,True,0,0,275,350,0.788,3969.44
Singapore Airlines,DXB,BKK,4900,2,Thu,12,6.07,False,0,0,207,350,0.592,2518.12
British Airways,DXB,NRT,7900,10,Sat,15,7.01,False,0,0,326,350,0.931,3776.5
Emirates,DXB,SIN,5900,10,Sun,10,8.9,False,0,0,289,350,0.827,3172.36
Qatar Airways,DXB,LHR,5500,9,Thu,7,4.87,False,0,0,204,350,0.583,2589.41
British Airways,DXB,JFK,11000,5,Mon,13,4.83,False,0,0,207,350,0.594,3432.27
Emirates,DXB,BOM,1900,6,Sun,8,5.6,True,0,0,350,350,1.0,2752.2
Turkish Airlines,DXB,SIN,5900,6,Sun,4,6.86,True,0,0,285,350,0.816,3149.15
Turkish Airlines,DXB,LHR,5500,10,Sun,10,3.59,False,0,0,197,350,0.563,2547.52
Etihad,DXB,CDG,5200,10,Wed,13,7.87,False,1,49,228,350,0.652,2686.3
Qatar Airways,DXB,LHR,5500,9,Sat,5,8.16,False,0,0,320,350,0.917,3290.77
Singapore Airlines,DXB,BOM,1900,2,Fri,22,6.3,False,0,0,230,350,0.66,2184.41
Emirates,DXB,JNB,6400,2,Fri,11,5.9,False,0,0,331,350,0.947,3526.62
British Airways,DXB,NRT,7900,12,Tue,7,6.54,True,0,0,326,350,0.933,3780.45
Singapore Airlines,DXB,SYD,12000,3,Sun,17,10.0,False,0,0,268,350,0.768,4083.76
Emirates,DXB,FRA,4800,2,Sun,13,2.48,False,0,0,175,350,0.502,2321.52
Singapore Airlines,DXB,FRA,4800,1,Thu,17,7.78,True,0,0,233,350,0.666,2653.14
Emirates,DXB,SIN,5900,11,Wed,10,6.16,False,0,0,170,350,0.486,2440.39
Etihad,DXB,NRT,7900,8,Tue,0,3.61,False,0,0,209,350,0.598,2981.24
British Airways,DXB,FRA,4800,6,Tue,21,4.89,True,0,0,206,350,0.591,2502.4
Singapore Airlines,DXB,JFK,11000,6,Sun,21,3.57,True,0,0,350,350,1.0,4554.0
Qatar Airways,DXB,FRA,4800,1,Sat,13,5.45,True,0,0,350,350,1.0,3326.4
Singapore Airlines,DXB,SIN,5900,5,Thu,13,3.47,False,0,0,201,350,0.577,2635.69
Emirates,DXB,CDG,5200,11,Tue,6,7.66,False,0,0,207,350,0.593,2566.21
Etihad,DXB,JNB,6400,3,Sat,16,8.84,False,0,0,211,350,0.605,2771.11
Singapore Airlines,DXB,BOM,1900,3,Sun,4,7.45,False,0,0,300,350,0.86,2518.08
British Airways,DXB,LHR,5500,3,Mon,4,7.13,False,1,16,313,350,0.897,3247.89
Qatar Airways,DXB,NRT,7900,5,Wed,22,4.17,False,0,0,291,350,0.833,3541.21
Turkish Airlines,DXB,BOM,1900,11,Sun,1,8.09,False,0,0,267,350,0.766,2361.34
Singapore Airlines,DXB,SIN,5900,10,Mon,11,5.23,False,0,0,201,350,0.577,2634.56
Emirates,DXB,FRA,4800,7,Sun,1,4.94,True,0,0,316,350,0.903,3130.82
Emirates,DXB,SYD,12000,5,Tue,16,3.6,False,0,0,193,350,0.554,3467.12
Emirates,DXB,LHR,5500,10,Wed,6,5.36,False,0,0,228,350,0.654,2738.35
British Airways,DXB,FRA,4800,3,Tue,8,7.0,False,1,126,240,350,0.687,2694.85
Turkish Airlines,DXB,FRA,4800,5,Mon,3,5.19,False,0,0,226,350,0.646,2612.16
Emirates,DXB,BKK,4900,5,Thu,19,7.83,False,0,0,270,350,0.774,2888.23
Qatar Airways,DXB,BKK,4900,6,Wed,11,2.32,True,0,0,328,350,0.939,3221.89
Etihad,DXB,NRT,7900,3,Sat,18,6.61,False,0,0,300,350,0.858,3600.41
Qatar Airways,DXB,NRT,7900,8,Tue,21,8.45,False,0,0,235,350,0.672,3156.35
Emirates,DXB,JFK,11000,8,Thu,17,1.88,False,0,0,258,350,0.737,3828.92
Etihad,DXB,FRA,4800,5,Fri,4,7.71,False,0,0,328,350,0.937,3200.06
Etihad,DXB,SYD,12000,4,Sat,23,6.47,False,0,0,304,350,0.87,4378.84
Singapore Airlines,DXB,SIN,5900,11,Sun,14,6.19,False,0,0,288,350,0.825,3167.24
Emirates,DXB,NRT,7900,10,Wed,20,5.77,False,0,0,181,350,0.518,2789.55
Emirates,DXB,LHR,5500,6,Tue,16,7.38,True,0,0,244,350,0.698,2831.7
Emirates,DXB,BKK,4900,1,Tue,10,5.72,True,0,0,275,350,0.788,2915.93
Emirates,DXB,CDG,5200,10,Mon,21,7.23,False,1,128,155,350,0.444,2257.2
Etihad,DXB,JNB,6400,9,Wed,6,7.55,False,0,0,183,350,0.525,2595.39
Turkish Airlines,DXB,BOM,1900,8,Mon,8,3.41,False,0,0,230,350,0.659,2184.16
Qatar Airways,DXB,CDG,5200,10,Sat,10,7.03,False,0,0,293,350,0.837,3069.51
Turkish Airlines,DXB,NRT,7900,6,Sun,16,5.81,True,1,30,260,350,0.743,3326.38
Singapore Airlines,DXB,CDG,5200,10,Tue,4,7.12,False,0,0,166,350,0.475,2321.57
Turkish Airlines,DXB,SYD,12000,9,Sat,4,4.04,False,0,0,273,350,0.78,4119.51
Qatar Airways,DXB,BOM,1900,9,Fri,21,5.67,False,0,0,350,350,1.0,2752.2
Emirates,DXB,NRT,7900,1,Sat,0,5.86,True,0,0,350,350,1.0,3940.2
Emirates,DXB,FRA,4800,8,Thu,10,4.42,False,0,0,293,350,0.839,3001.52
Etihad,DXB,CDG,5200,4,Thu,19,6.88,False,0,0,315,350,0.901,3201.26
Singapore Airlines,DXB,SYD,12000,2,Sat,0,4.66,False,0,0,290,350,0.829,4260.58
Singapore Airlines,DXB,JNB,6400,8,Wed,20,7.11,False,0,0,246,350,0.705,2991.59
Turkish Airlines,DXB,JNB,6400,5,Fri,4,5.82,False,0,0,259,350,0.741,3070.57
Emirates,DXB,BKK,4900,7,Thu,6,5.82,True,0,0,343,350,0.98,3306.61
British Airways,DXB,BKK,4900,5,Mon,5,6.0,False,0,0,305,350,0.873,3087.78
Qatar Airways,DXB,BOM,1900,2,Sun,20,4.16,False,1,36,253,350,0.724,2291.65
Emirates,DXB,LHR,5500,9,Mon,19,6.57,False,0,0,193,350,0.552,2524.62
Singapore Airlines,DXB,CDG,5200,10,Tue,7,7.85,False,0,0,228,350,0.652,2687.45
Turkish Airlines,DXB,NRT,7900,4,Mon,2,7.54,False,0,0,252,350,0.721,3273.37
Emirates,DXB,SIN,5900,3,Fri,17,6.38,False,0,0,246,350,0.705,2911.56
Turkish Airlines,DXB,LHR,5500,2,Tue,11,6.22,False,0,0,250,350,0.715,2865.85
Emirates,DXB,NRT,7900,7,Fri,0,5.56,True,0,0,236,350,0.675,3163.27
British Airways,DXB,SIN,5900,1,Sun,5,7.74,True,1,18,290,350,0.83,3178.13
Turkish Airlines,DXB,SIN,5900,9,Fri,8,4.15,False,0,0,215,350,0.616,2719.29
Emirates,DXB,BKK,4900,4,Mon,22,9.12,False,1,33,204,350,0.585,2504.12
Emirates,DXB,FRA,4800,8,Mon,0,4.02,False,1,38,297,350,0.849,3022.75
Etihad,DXB,SIN,5900,1,Fri,21,4.94,True,0,0,311,350,0.891,3309.3
Singapore Airlines,DXB,CDG,5200,9,Mon,21,4.64,False,0,0,221,350,0.632,2646.57
Emirates,DXB,SIN,5900,9,Sun,18,5.68,False,0,0,251,350,0.718,2938.69
Singapore Airlines,DXB,NRT,7900,6,Tue,0,5.76,True,0,0,296,350,0.848,3577.78
Turkish Airlines,DXB,BOM,1900,8,Thu,20,5.31,False,0,0,214,350,0.614,2107.98
Emirates,DXB,LHR,5500,6,Sat,9,3.43,True,0,0,347,350,0.993,3449.27
Turkish Airlines,DXB,FRA,4800,3,Sun,5,5.87,False,0,0,215,350,0.617,2554.5
British Airways,DXB,FRA,4800,9,Sun,2,6.78,False,0,0,226,350,0.647,2615.36
Qatar Airways,DXB,FRA,4800,11,Sat,7,9.06,False,0,0,277,350,0.793,2908.93
Emirates,DXB,JNB,6400,5,Fri,13,6.19,False,1,24,247,350,0.707,2996.05
Etihad,DXB,CDG,5200,10,Mon,10,6.8,False,0,0,206,350,0.589,2557.2
Emirates,DXB,LHR,5500,10,Fri,18,7.35,False,0,0,280,350,0.802,3048.7
Turkish Airlines,DXB,SYD,12000,11,Sat,5,6.95,False,0,0,257,350,0.736,3990.88
Emirates,DXB,FRA,4800,3,Fri,0,6.89,False,1,19,248,350,0.71,2742.6
Emirates,DXB,BKK,4900,6,Sat,21,5.31,True,0,0,307,350,0.879,3101.06
Turkish Airlines,DXB,BOM,1900,11,Mon,6,8.54,False,0,0,213,350,0.611,2103.67
Emirates,DXB,SIN,5900,8,Wed,3,2.47,False,0,0,217,350,0.621,2730.25
Singapore Airlines,DXB,SIN,5900,6,Fri,16,2.77,True,0,0,299,350,0.857,3237.27
Etihad,DXB,CDG,5200,4,Thu,4,6.13,False,0,0,217,350,0.623,2627.0
Singapore Airlines,DXB,BOM,1900,11,Sun,22,5.81,False,0,0,272,350,0.778,2382.47
Emirates,DXB,NRT,7900,6,Sun,5,3.1,True,1,40,350,350,1.0,3940.2
Etihad,DXB,SYD,12000,2,Wed,15,6.05,False,0,0,163,350,0.467,3216.41
British Airways,DXB,JFK,11000,9,Sat,15,4.52,False,1,62,241,350,0.69,3698.49
Turkish Airlines,DXB,BOM,1900,11,Tue,23,6.5,False,0,0,279,350,0.798,2415.13
Singapore Airlines,DXB,JNB,6400,1,Sun,10,5.39,True,0,0,324,350,0.928,3483.3
Emirates,DXB,FRA,4800,10,Thu,22,7.44,False,0,0,263,350,0.753,2827.83
Emirates,DXB,CDG,5200,3,Thu,3,6.37,False,0,0,199,350,0.569,2515.57
Turkish Airlines,DXB,SYD,12000,9,Thu,1,7.15,False,1,18,242,350,0.694,3871.18
Emirates,DXB,BOM,1900,7,Fri,5,4.44,True,0,0,323,350,0.925,2627.75
Singapore Airlines,DXB,FRA,4800,12,Thu,0,6.27,True,0,0,306,350,0.874,3073.05
Singapore Airlines,DXB,NRT,7900,12,Tue,20,5.85,True,1,72,306,350,0.877,3645.68
Emirates,DXB,JNB,6400,7,Thu,18,3.57,True,0,0,273,350,0.78,3158.39
Emirates,DXB,JNB,6400,2,Wed,23,4.9,False,0,0,214,350,0.611,2785.39
Emirates,DXB,SYD,12000,10,Fri,4,6.15,False,0,0,265,350,0.759,4058.5
Emirates,DXB,LHR,5500,11,Sun,7,5.01,False,0,0,206,350,0.589,2601.39
Emirates,DXB,JNB,6400,3,Thu,23,6.34,False,0,0,246,350,0.704,2989.67
Emirates,DXB,SIN,5900,5,Mon,9,4.68,False,1,120,244,350,0.697,2893.86
Turkish Airlines,DXB,SIN,5900,6,Mon,22,3.77,True,1,31,223,350,0.638,2765.79
Singapore Airlines,DXB,JFK,11000,10,Mon,11,5.47,False,0,0,190,350,0.545,3297.94
Emirates,DXB,BOM,1900,6,Tue,5,4.74,True,0,0,227,350,0.649,2167.43
Singapore Airlines,DXB,FRA,4800,8,Wed,17,5.37,False,1,103,179,350,0.511,2341.55
Singapore Airlines,DXB,SIN,5900,2,Sat,18,4.99,False,0,0,285,350,0.815,3146.31
Etihad,DXB,JFK,11000,8,Wed,19,6.61,False,0,0,312,350,0.894,4260.09
Emirates,DXB,SIN,5900,9,Mon,4,5.42,False,0,0,190,350,0.545,2566.45
Emirates,DXB,FRA,4800,4,Thu,1,5.28,False,0,0,206,350,0.589,2497.36
Singapore Airlines,DXB,CDG,5200,11,Fri,20,9.71,False,1,81,263,350,0.751,2892.55
Turkish Airlines,DXB,NRT,7900,1,Fri,10,5.16,True,1,23,312,350,0.893,3684.77
British Airways,DXB,JNB,6400,4,Sat,17,9.14,False,0,0,174,350,0.497,2532.9
Emirates,DXB,BOM,1900,2,Thu,3,4.62,False,0,0,230,350,0.657,2180.86
Emirates,DXB,BKK,4900,7,Fri,20,5.69,True,1,17,350,350,1.0,3346.2
British Airways,DXB,JNB,6400,8,Sun,22,4.64,False,0,0,249,350,0.713,3008.74
Emirates,DXB,BKK,4900,2,Thu,6,4.99,False,0,0,218,350,0.624,2582.88
Qatar Airways,DXB,NRT,7900,10,Thu,2,6.53,False,0,0,252,350,0.72,3272.45
Qatar Airways,DXB,BOM,1900,5,Sat,5,6.63,False,0,0,263,350,0.753,2339.57
Qatar Airways,DXB,CDG,5200,11,Mon,15,6.75,False,0,0,180,350,0.517,2408.97
Etihad,DXB,CDG,5200,10,Tue,8,5.95,False,0,0,177,350,0.506,2386.43
Qatar Airways,DXB,SYD,12000,10,Fri,18,7.08,False,0,0,244,350,0.699,3884.7
Qatar Airways,DXB,BKK,4900,4,Sun,20,8.72,False,0,0,206,350,0.59,2515.65
Qatar Airways,DXB,SIN,5900,10,Thu,3,5.88,False,0,0,168,350,0.481,2429.2
Emirates,DXB,BKK,4900,5,Sun,15,4.08,False,0,0,258,350,0.739,2816.48
Emirates,DXB,CDG,5200,6,Fri,17,4.18,True,0,0,350,350,1.0,3405.6
Turkish Airlines,DXB,BOM,1900,4,Mon,9,6.4,False,0,0,231,350,0.662,2188.85
Emirates,DXB,CDG,5200,9,Sat,13,7.13,False,0,0,238,350,0.681,2746.94
Singapore Airlines,DXB,JFK,11000,2,Tue,7,3.58,False,0,0,168,350,0.482,3125.37
Emirates,DXB,FRA,4800,8,Sat,8,5.34,False,0,0,236,350,0.676,2672.77
Qatar Airways,DXB,LHR,5500,4,Fri,11,5.48,False,0,0,192,350,0.551,2521.81
Qatar Airways,DXB,JNB,6400,10,Sat,12,5.8,False,0,0,273,350,0.782,3161.51
Qatar Airways,DXB,NRT,7900,10,Thu,3,8.03,False,0,0,188,350,0.539,2838.5
Emirates,DXB,NRT,7900,8,Thu,21,4.84,False,0,0,221,350,0.633,3064.35
Singapore Airlines,DXB,BKK,4900,7,Sat,21,1.69,True,0,0,350,350,1.0,3346.2
Singapore Airlines,DXB,BKK,4900,9,Sat,0,2.49,False,1,45,254,350,0.726,2790.99
Emirates,DXB,BKK,4900,10,Tue,13,7.94,False,1,109,236,350,0.676,2688.91
Singapore Airlines,DXB,NRT,7900,9,Wed,10,6.0,False,1,64,236,350,0.675,3164.6
Emirates,DXB,JFK,11000,5,Wed,6,5.78,False,0,0,168,350,0.483,3126.15
Emirates,DXB,SIN,5900,1,Thu,23,5.53,True,0,0,259,350,0.74,2986.63
Singapore Airlines,DXB,LHR,5500,12,Sun,2,6.27,True,0,0,346,350,0.991,3445.53
Emirates,DXB,SIN,5900,11,Wed,20,8.02,False,0,0,198,350,0.568,2617.11
Emirates,DXB,SIN,5900,12,Sat,11,6.19,True,0,0,324,350,0.928,3390.12
Singapore Airlines,DXB,JNB,6400,11,Fri,17,6.87,False,0,0,318,350,0.91,3444.59
Qatar Airways,DXB,SIN,5900,8,Wed,21,5.9,False,0,0,219,350,0.628,2744.56
Singapore Airlines,DXB,SYD,12000,1,Sat,1,4.19,True,0,0,318,350,0.911,4495.3
British Airways,DXB,JFK,11000,6,Mon,6,4.88,True,0,0,239,350,0.686,3686.21
Qatar Airways,DXB,BKK,4900,6,Mon,14,3.09,True,1,78,297,350,0.851,3043.49
Emirates,DXB,BKK,4900,7,Sun,8,4.71,True,0,0,273,350,0.78,2900.35
Etihad,DXB,JNB,6400,6,Tue,13,4.46,True,0,0,276,350,0.79,3178.78
Singapore Airlines,DXB,CDG,5200,8,Fri,12,4.2,False,0,0,273,350,0.78,2951.7
Emirates,DXB,FRA,4800,2,Thu,19,4.38,False,0,0,155,350,0.445,2207.17
Emirates,DXB,SIN,5900,1,Wed,8,5.98,True,0,0,300,350,0.858,3238.24
Emirates,DXB,BOM,1900,12,Sat,6,4.53,True,0,0,350,350,1.0,2752.2
Emirates,DXB,JFK,11000,7,Tue,15,5.54,True,0,0,288,350,0.824,4068.54
Emirates,DXB,JNB,6400,10,Wed,13,10.0,False,0,0,195,350,0.557,2665.98
Turkish Airlines,DXB,NRT,7900,7,Thu,1,6.46,True,0,0,276,350,0.79,3437.55
Emirates,DXB,SIN,5900,3,Tue,13,6.9,False,1,49,256,350,0.732,2967.91
Singapore Airlines,DXB,JFK,11000,2,Wed,22,4.2,False,0,0,225,350,0.645,3575.15
Emirates,DXB,NRT,7900,2,Fri,5,5.61,False,0,0,200,350,0.573,2920.78
Etihad,DXB,CDG,5200,4,Wed,18,8.49,False,0,0,267,350,0.763,2917.24
Qatar Airways,DXB,FRA,4800,9,Mon,2,5.88,False,0,0,264,350,0.754,2831.4
Turkish Airlines,DXB,LHR,5500,9,Sun,13,4.95,False,0,0,288,350,0.823,3093.97
British Airways,DXB,JNB,6400,11,Thu,9,6.33,False,0,0,203,350,0.58,2716.42
Singapore Airlines,DXB,JFK,11000,4,Thu,22,7.61,False,0,0,176,350,0.504,3184.19
Etihad,DXB,BKK,4900,9,Sat,2,4.12,False,0,0,247,350,0.708,2754.95
Singapore Airlines,DXB,SYD,12000,12,Tue,5,6.51,True,0,0,329,350,0.941,4581.11
Etihad,DXB,SYD,12000,11,Wed,2,7.72,False,0,0,228,350,0.652,3751.0
Etihad,DXB,LHR,5500,9,Tue,19,1.87,False,0,0,316,350,0.905,3266.42
Emirates,DXB,JFK,11000,8,Fri,7,5.63,False,0,0,258,350,0.74,3835.09
Emirates,DXB,FRA,4800,8,Mon,18,7.42,False,0,0,277,350,0.793,2909.91
Emirates,DXB,FRA,4800,6,Sat,9,3.78,True,0,0,316,350,0.904,3133.75
Etihad,DXB,NRT,7900,7,Wed,9,3.41,True,1,96,279,350,0.798,3457.46
Emirates,DXB,LHR,5500,11,Sun,6,8.91,False,0,0,260,350,0.743,2925.02
Etihad,DXB,BOM,1900,1,Sat,14,3.25,True,1,24,350,350,1.0,2752.2
Emirates,DXB,SIN,5900,12,Sat,11,2.14,True,1,18,280,350,0.801,3116.92
Turkish Airlines,DXB,BOM,1900,11,Tue,20,9.81,False,0,0,227,350,0.65,2169.14
Singapore Airlines,DXB,BKK,4900,11,Sat,7,7.49,False,0,0,280,350,0.8,2940.69
Turkish Airlines,DXB,NRT,7900,3,Tue,11,8.47,False,1,80,244,350,0.698,3220.18
Emirates,DXB,JFK,11000,9,Sat,9,4.28,False,0,0,269,350,0.771,3922.34
Etihad,DXB,BOM,1900,12,Sun,15,5.2,True,0,0,264,350,0.757,2346.79
Emirates,DXB,LHR,5500,10,Tue,22,10.0,False,0,0,260,350,0.745,2929.45
Qatar Airways,DXB,LHR,5500,12,Sat,4,4.23,True,0,0,297,350,0.851,3151.96
Emirates,DXB,JFK,11000,12,Tue,11,5.45,True,1,29,298,350,0.853,4149.15
Etihad,DXB,SYD,12000,7,Wed,17,3.08,True,1,48,315,350,0.902,4469.04
Emirates,DXB,BKK,4900,8,Wed,0,4.84,False,0,0,213,350,0.61,2555.95
Qatar Airways,DXB,LHR,5500,6,Fri,2,7.5,True,1,25,273,350,0.781,3004.2
British Airways,DXB,JFK,11000,7,Wed,12,7.8,True,1,76,300,350,0.86,4167.12
Emirates,DXB,NRT,7900,8,Sat,13,4.35,False,0,0,172,350,0.494,2731.2
Emirates,DXB,CDG,5200,9,Sun,0,3.77,False,1,24,231,350,0.661,2706.84
Emirates,DXB,LHR,5500,3,Thu,16,8.27,False,1,85,255,350,0.731,2900.21
Singapore Airlines,DXB,BKK,4900,4,Sat,16,5.19,False,0,0,246,350,0.705,2748.75
Etihad,DXB,SIN,5900,12,Thu,16,4.37,True,1,73,249,350,0.714,2929.0
Emirates,DXB,SIN,5900,1,Fri,23,2.04,True,1,22,350,350,1.0,3544.2
Emirates,DXB,NRT,7900,11,Mon,12,5.11,False,1,16,197,350,0.564,2897.84
British Airways,DXB,BKK,4900,3,Wed,20,7.87,False,0,0,187,350,0.537,2406.59
Etihad,DXB,JFK,11000,12,Thu,9,5.63,True,0,0,271,350,0.774,3931.6
Qatar Airways,DXB,FRA,4800,12,Wed,7,5.63,True,0,0,257,350,0.736,2793.3
Etihad,DXB,FRA,4800,8,Tue,21,7.88,False,0,0,210,350,0.602,2524.21
Emirates,DXB,NRT,7900,7,Sat,18,4.02,True,0,0,315,350,0.903,3708.0
British Airways,DXB,SYD,12000,11,Mon,5,5.7,False,0,0,211,350,0.606,3615.92
Emirates,DXB,CDG,5200,5,Tue,3,4.04,False,0,0,178,350,0.511,2396.85
Qatar Airways,DXB,SYD,12000,4,Wed,5,8.68,False,0,0,233,350,0.666,3791.11
Qatar Airways,DXB,BOM,1900,6,Fri,2,7.99,True,1,85,314,350,0.899,2583.01
Emirates,DXB,FRA,4800,2,Wed,8,3.89,False,0,0,229,350,0.657,2635.04
Etihad,DXB,CDG,5200,1,Tue,19,4.26,True,1,22,309,350,0.884,3166.95
British Airways,DXB,BKK,4900,9,Wed,14,4.48,False,0,0,175,350,0.501,2333.68
Etihad,DXB,JFK,11000,4,Fri,14,6.04,False,0,0,221,350,0.634,3543.48
Emirates,DXB,LHR,5500,2,Mon,7,10.0,False,0,0,181,350,0.519,2455.14
Etihad,DXB,SIN,5900,3,Mon,23,6.85,False,1,30,227,350,0.65,2791.68
Emirates,DXB,FRA,4800,11,Sat,9,7.67,False,0,0,191,350,0.548,2415.39
Turkish Airlines,DXB,JNB,6400,4,Thu,3,3.86,False,0,0,219,350,0.628,2822.59
Qatar Airways,DXB,SYD,12000,9,Fri,14,6.56,False,0,0,303,350,0.866,4365.4
Emirates,DXB,FRA,4800,4,Sat,9,5.57,False,0,0,239,350,0.683,2687.86
Singapore Airlines,DXB,BKK,4900,12,Tue,10,3.77,True,1,27,350,350,1.0,3346.2
British Airways,DXB,SYD,12000,2,Tue,6,4.59,False,0,0,219,350,0.628,3681.19
Emirates,DXB,LHR,5500,5,Sun,17,6.28,False,0,0,247,350,0.708,2852.02
Turkish Airlines,DXB,CDG,5200,6,Wed,2,6.16,True,0,0,325,350,0.931,3263.73
Qatar Airways,DXB,CDG,5200,11,Sat,15,8.93,False,0,0,268,350,0.766,2922.36
Qatar Airways,DXB,SIN,5900,9,Fri,11,3.91,False,0,0,206,350,0.591,2665.9
Emirates,DXB,SIN,5900,4,Sat,9,6.8,False,0,0,238,350,0.681,2858.29
Turkish Airlines,DXB,SYD,12000,6,Thu,3,6.74,True,0,0,239,350,0.683,3839.36
Emirates,DXB,FRA,4800,2,Thu,10,7.62,False,0,0,216,350,0.618,2555.82
Emirates,DXB,BOM,1900,7,Tue,16,5.91,True,1,35,288,350,0.823,2457.52
Emirates,DXB,NRT,7900,3,Wed,19,6.2,False,1,30,181,350,0.519,2791.84
Emirates,DXB,JNB,6400,11,Tue,22,5.36,False,0,0,258,350,0.738,3065.44
Etihad,DXB,SIN,5900,7,Wed,11,5.93,True,1,19,302,350,0.864,3252.23
Singapore Airlines,DXB,SIN,5900,9,Fri,15,7.56,False,0,0,273,350,0.781,3072.84
British Airways,DXB,CDG,5200,5,Sat,2,2.47,False,0,0,303,350,0.868,3134.12
Singapore Airlines,DXB,NRT,7900,11,Tue,11,5.62,False,0,0,144,350,0.414,2540.45
Emirates,DXB,FRA,4800,11,Sun,8,9.14,False,0,0,191,350,0.549,2416.3
Emirates,DXB,FRA,4800,10,Sat,9,7.24,False,1,197,291,350,0.834,2992.01
Etihad,DXB,JFK,11000,2,Thu,18,5.72,False,0,0,212,350,0.606,3465.96
British Airways,DXB,JFK,11000,6,Sun,0,6.47,True,0,0,300,350,0.857,4160.03
Emirates,DXB,BKK,4900,5,Fri,13,7.12,False,0,0,201,350,0.576,2486.75
British Airways,DXB,BKK,4900,12,Wed,2,5.77,True,0,0,293,350,0.84,3021.22
Turkish Airlines,DXB,BOM,1900,12,Thu,23,4.39,True,0,0,330,350,0.945,2661.13
Emirates,DXB,JFK,11000,12,Wed,0,3.82,True,0,0,285,350,0.815,4043.18
Emirates,DXB,LHR,5500,12,Wed,10,4.43,True,0,0,296,350,0.847,3144.74
Emirates,DXB,SYD,12000,12,Sat,6,6.02,True,1,29,273,350,0.782,4123.78
Singapore Airlines,DXB,JFK,11000,5,Fri,22,5.22,False,0,0,156,350,0.448,3030.59
Emirates,DXB,JFK,11000,8,Fri,12,6.63,False,0,0,214,350,0.612,3482.01
Qatar Airways,DXB,BOM,1900,10,Fri,11,6.5,False,0,0,189,350,0.542,1987.63
British Airways,DXB,CDG,5200,8,Sun,22,3.38,False,0,0,284,350,0.812,3016.79
Emirates,DXB,FRA,4800,4,Mon,5,7.92,False,0,0,211,350,0.604,2527.53
Emirates,DXB,BKK,4900,5,Wed,14,4.28,False,0,0,256,350,0.733,2805.62
Emirates,DXB,JFK,11000,5,Mon,4,5.98,False,0,0,181,350,0.52,3229.04
Emirates,DXB,SYD,12000,10,Thu,8,5.78,False,0,0,176,350,0.503,3320.53
Etihad,DXB,BKK,4900,1,Mon,20,3.37,True,0,0,231,350,0.661,2658.01
Emirates,DXB,FRA,4800,7,Tue,11,3.37,True,1,26,293,350,0.839,3001.15
Emirates,DXB,BKK,4900,3,Fri,6,5.99,False,0,0,233,350,0.668,2673.12
Etihad,DXB,BKK,4900,4,Sun,3,6.69,False,0,0,233,350,0.667,2670.44
British Airways,DXB,NRT,7900,5,Thu,9,4.48,False,0,0,252,350,0.723,3277.55
Qatar Airways,DXB,CDG,5200,12,Sun,0,2.15,True,0,0,346,350,0.989,3383.37
Emirates,DXB,CDG,5200,4,Tue,23,8.54,False,0,0,252,350,0.723,2833.06
Emirates,DXB,NRT,7900,7,Fri,6,6.55,True,0,0,350,350,1.0,3940.2
Singapore Airlines,DXB,JFK,11000,3,Sat,0,8.67,False,1,77,260,350,0.746,3851.84
Emirates,DXB,CDG,5200,11,Sun,16,6.64,False,0,0,220,350,0.631,2643.91
Emirates,DXB,NRT,7900,5,Sun,5,6.18,False,0,0,224,350,0.641,3082.01
Etihad,DXB,CDG,5200,12,Wed,11,3.39,True,0,0,325,350,0.93,3261.17
British Airways,DXB,BOM,1900,3,Tue,11,6.4,False,0,0,271,350,0.776,2378.6
Etihad,DXB,NRT,7900,12,Fri,1,6.18,True,0,0,350,350,1.0,3940.2
Emirates,DXB,NRT,7900,10,Thu,0,6.76,False,1,30,163,350,0.468,2668.97
Turkish Airlines,DXB,FRA,4800,1,Mon,5,3.6,True,0,0,322,350,0.922,3168.91
Emirates,DXB,FRA,4800,6,Thu,14,5.18,True,0,0,299,350,0.857,3037.14
British Airways,DXB,NRT,7900,1,Tue,15,4.64,True,0,0,291,350,0.832,3538.29
Singapore Airlines,DXB,JFK,11000,5,Sun,13,3.57,False,0,0,238,350,0.681,3673.2
Qatar Airways,DXB,CDG,5200,7,Mon,21,3.01,True,0,0,330,350,0.945,3292.2
Emirates,DXB,CDG,5200,7,Thu,19,4.56,True,1,54,271,350,0.776,2944.06
Turkish Airlines,DXB,JNB,6400,1,Sat,21,4.03,True,1,79,312,350,0.892,3404.33
Singapore Airlines,DXB,SYD,12000,2,Sat,3,6.43,False,0,0,281,350,0.804,4188.7
Emirates,DXB,JNB,6400,8,Mon,13,6.89,False,0,0,227,350,0.649,2868.2
Emirates,DXB,BKK,4900,6,Wed,0,4.16,True,0,0,239,350,0.683,2703.35
Singapore Airlines,DXB,LHR,5500,9,Fri,12,5.4,False,1,46,337,350,0.964,3389.6
Emirates,DXB,FRA,4800,1,Tue,13,3.23,True,1,31,333,350,0.954,3233.99
Etihad,DXB,BOM,1900,5,Thu,15,5.2,False,0,0,229,350,0.656,2178.92
Emirates,DXB,LHR,5500,1,Wed,5,5.14,True,0,0,300,350,0.858,3167.22
Singapore Airlines,DXB,NRT,7900,9,Tue,12,4.66,False,0,0,254,350,0.727,3287.69
Etihad,DXB,JNB,6400,5,Thu,0,2.14,False,0,0,231,350,0.661,2894.12
Etihad,DXB,JFK,11000,3,Tue,8,9.47,False,0,0,267,350,0.765,3904.68
Singapore Airlines,DXB,JNB,6400,4,Fri,0,6.05,False,0,0,313,350,0.895,3410.3
Etihad,DXB,JFK,11000,4,Fri,13,6.84,False,0,0,253,350,0.723,3789.81
Qatar Airways,DXB,BKK,4900,6,Sun,12,3.91,True,1,82,263,350,0.753,2845.99
Turkish Airlines,DXB,JFK,11000,8,Tue,19,3.17,False,1,191,149,350,0.428,2975.86
Emirates,DXB,NRT,7900,12,Fri,11,5.36,True,0,0,350,350,1.0,3940.2
Etihad,DXB,SIN,5900,6,Sat,18,8.61,True,0,0,280,350,0.8,3114.93
Etihad,DXB,LHR,5500,3,Wed,6,6.64,False,0,0,272,350,0.779,3000.11
Emirates,DXB,JFK,11000,4,Mon,12,7.71,False,0,0,228,350,0.653,3597.43
Singapore Airlines,DXB,LHR,5500,12,Sun,18,4.92,True,0,0,277,350,0.792,3027.26
Turkish Airlines,DXB,SIN,5900,10,Sun,15,10.0,False,0,0,279,350,0.798,3109.58
Qatar Airways,DXB,BKK,4900,5,Sun,2,2.44,False,0,0,243,350,0.696,2729.11
Emirates,DXB,FRA,4800,9,Tue,13,4.31,False,0,0,200,350,0.574,2466.9
Turkish Airlines,DXB,NRT,7900,6,Wed,14,4.74,True,0,0,286,350,0.818,3505.08
Emirates,DXB,BOM,1900,5,Sun,13,6.14,False,0,0,259,350,0.742,2322.24
Emirates,DXB,CDG,5200,2,Sun,16,5.56,False,0,0,292,350,0.837,3068.14
Singapore Airlines,DXB,BOM,1900,3,Sat,20,6.77,False,0,0,350,350,1.0,2752.2
British Airways,DXB,BOM,1900,12,Sun,13,4.14,True,0,0,313,350,0.897,2579.91
Singapore Airlines,DXB,SIN,5900,10,Fri,2,5.88,False,0,0,274,350,0.784,3080.92
Emirates,DXB,BKK,4900,1,Fri,16,4.96,True,0,0,305,350,0.873,3087.82
Etihad,DXB,JNB,6400,5,Fri,16,5.03,False,0,0,265,350,0.758,3109.02
Turkish Airlines,DXB,BKK,4900,4,Thu,17,7.65,False,0,0,195,350,0.559,2452.26
Singapore Airlines,DXB,JFK,11000,6,Mon,11,4.5,True,0,0,242,350,0.692,3704.97
Qatar Airways,DXB,NRT,7900,4,Wed,15,7.03,False,0,0,252,350,0.722,3275.85
Emirates,DXB,SIN,5900,7,Tue,6,6.17,True,0,0,349,350,0.999,3541.58
Emirates,DXB,BOM,1900,11,Sat,11,6.61,False,0,0,272,350,0.777,2380.81
Emirates,DXB,BKK,4900,3,Sun,18,5.07,False,0,0,183,350,0.524,2380.09
Qatar Airways,DXB,JFK,11000,12,Thu,8,5.15,True,0,0,328,350,0.939,4385.46
Emirates,DXB,BKK,4900,5,Mon,20,2.27,False,1,27,217,350,0.622,2578.65
Singapore Airlines,DXB,JFK,11000,12,Wed,13,1.89,True,1,18,285,350,0.817,4049.02
Singapore Airlines,DXB,CDG,5200,2,Tue,0,4.8,False,0,0,223,350,0.638,2658.25
Turkish Airlines,DXB,CDG,5200,4,Thu,22,4.64,False,0,0,180,350,0.516,2406.16
Singapore Airlines,DXB,LHR,5500,9,Thu,16,7.54,False,0,0,286,350,0.819,3084.46
British Airways,DXB,BOM,1900,4,Wed,12,7.6,False,0,0,202,350,0.578,2047.69
Singapore Airlines,DXB,LHR,5500,2,Fri,6,7.75,False,0,0,330,350,0.945,3349.05
Turkish Airlines,DXB,JNB,6400,6,Wed,22,7.0,True,1,24,297,350,0.85,3312.16
Emirates,DXB,SYD,12000,9,Wed,5,5.16,False,0,0,234,350,0.67,3800.82
Emirates,DXB,SYD,12000,7,Sat,10,4.38,True,0,0,350,350,1.0,4752.0
Singapore Airlines,DXB,LHR,5500,4,Sat,14,4.45,False,0,0,215,350,0.617,2659.8
Turkish Airlines,DXB,JNB,6400,11,Mon,4,5.39,False,0,0,209,350,0.6,2759.19
Qatar Airways,DXB,BOM,1900,4,Thu,18,8.01,False,1,38,270,350,0.772,2372.12
Qatar Airways,DXB,BKK,4900,1,Tue,4,7.58,True,0,0,290,350,0.83,3000.73
British Airways,DXB,BOM,1900,7,Sat,18,5.21,True,1,63,311,350,0.891,2571.08
Etihad,DXB,BOM,1900,5,Sun,16,5.43,False,1,43,244,350,0.699,2250.59
Emirates,DXB,BOM,1900,11,Sun,3,4.39,False,0,0,205,350,0.587,2062.49
Qatar Airways,DXB,FRA,4800,2,Mon,1,6.56,False,0,0,193,350,0.552,2422.46
Emirates,DXB,LHR,5500,5,Sat,13,5.49,False,0,0,279,350,0.798,3041.84
Emirates,DXB,JNB,6400,2,Sun,8,4.0,False,0,0,296,350,0.847,3305.47
Turkish Airlines,DXB,SIN,5900,9,Sun,22,4.85,False,0,0,316,350,0.905,3339.56
Etihad,DXB,LHR,5500,11,Fri,19,5.68,False,0,0,302,350,0.865,3181.29
British Airways,DXB,LHR,5500,2,Sun,8,4.83,False,0,0,260,350,0.744,2927.18
Etihad,DXB,SIN,5900,8,Fri,20,4.24,False,1,31,282,350,0.807,3130.57
Emirates,DXB,NRT,7900,6,Tue,3,3.59,True,0,0,300,350,0.858,3600.25
Emirates,DXB,BOM,1900,12,Mon,20,1.14,True,0,0,199,350,0.569,2033.75
Singapore Airlines,DXB,LHR,5500,2,Sat,1,4.2,False,0,0,295,350,0.843,3136.18
Turkish Airlines,DXB,NRT,7900,8,Sun,5,3.18,False,0,0,277,350,0.792,3444.33
Qatar Airways,DXB,JNB,6400,4,Thu,19,6.72,False,0,0,208,350,0.595,2748.37
Etihad,DXB,CDG,5200,7,Wed,3,3.75,True,1,48,275,350,0.787,2966.16
Turkish Airlines,DXB,CDG,5200,8,Fri,15,5.44,False,1,34,200,350,0.573,2523.74
Emirates,DXB,BOM,1900,8,Sat,15,5.79,False,0,0,242,350,0.693,2239.36
Etihad,DXB,BKK,4900,6,Thu,18,5.26,True,0,0,267,350,0.764,2867.76
Etihad,DXB,LHR,5500,5,Sun,13,4.23,False,0,0,265,350,0.758,2956.3
Singapore Airlines,DXB,BKK,4900,8,Sat,0,5.35,False,0,0,237,350,0.68,2697.15
Etihad,DXB,SIN,5900,6,Sun,7,5.49,True,0,0,350,350,1.0,3544.2
Etihad,DXB,SYD,12000,12,Sun,3,2.6,True,0,0,350,350,1.0,4752.0
Qatar Airways,DXB,JNB,6400,11,Fri,19,6.34,False,0,0,273,350,0.783,3163.18
Etihad,DXB,FRA,4800,6,Wed,11,5.29,True,0,0,274,350,0.783,2888.69
Qatar Airways,DXB,FRA,4800,5,Mon,16,3.93,False,0,0,178,350,0.511,2340.35
Turkish Airlines,DXB,JNB,6400,12,Fri,2,8.06,True,0,0,350,350,1.0,3643.2
Etihad,DXB,FRA,4800,2,Thu,21,4.71,False,0,0,278,350,0.795,2913.35
Etihad,DXB,FRA,4800,3,Wed,15,8.63,False,0,0,246,350,0.704,2730.16
Etihad,DXB,CDG,5200,3,Thu,7,7.95,False,0,0,224,350,0.64,2663.28
Emirates,DXB,FRA,4800,10,Wed,0,7.82,False,0,0,138,350,0.397,2110.1
Emirates,DXB,BKK,4900,8,Mon,3,6.78,False,0,0,142,350,0.406,2142.0
Turkish Airlines,DXB,JFK,11000,9,Sat,5,4.55,False,1,68,259,350,0.741,3838.89
Emirates,DXB,SYD,12000,11,Wed,22,8.61,False,1,37,245,350,0.702,3893.9
Singapore Airlines,DXB,BKK,4900,12,Tue,13,5.63,True,0,0,294,350,0.841,3023.37
Etihad,DXB,SIN,5900,12,Tue,23,7.31,True,0,0,306,350,0.875,3274.92
Qatar Airways,DXB,BOM,1900,10,Wed,19,9.44,False,1,97,198,350,0.567,2030.11
Qatar Airways,DXB,BKK,4900,3,Wed,10,7.96,False,0,0,251,350,0.717,2773.25
Qatar Airways,DXB,NRT,7900,11,Sat,16,7.04,False,0,0,226,350,0.647,3097.56
Emirates,DXB,CDG,5200,8,Wed,2,1.72,False,1,86,260,350,0.744,2877.38
Etihad,DXB,JNB,6400,11,Mon,13,5.05,False,0,0,152,350,0.437,2400.4
Qatar Airways,DXB,LHR,5500,9,Wed,15,6.48,False,0,0,251,350,0.719,2875.3
Singapore Airlines,DXB,BKK,4900,12,Fri,21,6.04,True,0,0,299,350,0.855,3052.07
Singapore Airlines,DXB,BKK,4900,1,Tue,3,2.41,True,0,0,270,350,0.772,2882.87
Etihad,DXB,JNB,6400,8,Mon,14,6.8,False,0,0,223,350,0.638,2843.51
Etihad,DXB,FRA,4800,12,Wed,5,4.07,True,0,0,326,350,0.933,3190.49
Etihad,DXB,FRA,4800,11,Sat,15,4.62,False,0,0,177,350,0.506,2329.95
Singapore Airlines,DXB,NRT,7900,11,Sat,2,5.29,False,0,0,272,350,0.779,3413.21
Etihad,DXB,CDG,5200,8,Sun,6,4.39,False,0,0,245,350,0.701,2788.97
Emirates,DXB,JNB,6400,1,Fri,18,6.41,True,0,0,350,350,1.0,3643.2
British Airways,DXB,CDG,5200,9,Wed,22,4.98,False,0,0,222,350,0.636,2654.28
Emirates,DXB,BOM,1900,5,Sun,12,4.89,False,0,0,272,350,0.778,2382.69
Qatar Airways,DXB,BKK,4900,10,Thu,17,4.09,False,0,0,292,350,0.836,3014.15
Turkish Airlines,DXB,JFK,11000,12,Thu,14,5.78,True,0,0,305,350,0.874,4206.53
Qatar Airways,DXB,SIN,5900,7,Wed,19,7.32,True,0,0,304,350,0.869,3263.53
Qatar Airways,DXB,LHR,5500,2,Thu,20,3.35,False,0,0,199,350,0.57,2561.27
Emirates,DXB,BKK,4900,4,Tue,12,8.9,False,0,0,161,350,0.46,2251.41
Emirates,DXB,BKK,4900,5,Fri,5,2.44,False,1,16,194,350,0.557,2447.13
Emirates,DXB,NRT,7900,12,Fri,23,6.39,True,0,0,316,350,0.905,3712.99
Emirates,DXB,SIN,5900,8,Fri,14,4.65,False,0,0,238,350,0.682,2861.51
Qatar Airways,DXB,JFK,11000,4,Sat,15,7.69,False,0,0,264,350,0.755,3878.23
Singapore Airlines,DXB,NRT,7900,4,Mon,23,3.92,False,0,0,235,350,0.674,3160.77
Emirates,DXB,LHR,5500,9,Tue,5,4.13,False,0,0,222,350,0.635,2698.69
Qatar Airways,DXB,JNB,6400,1,Mon,10,6.13,True,0,0,290,350,0.829,3266.19
Etihad,DXB,CDG,5200,4,Sat,16,7.94,False,0,0,266,350,0.761,2911.62
Emirates,DXB,FRA,4800,3,Sun,13,9.22,False,0,0,286,350,0.819,2961.38
Singapore Airlines,DXB,SIN,5900,12,Thu,14,3.7,True,0,0,288,350,0.823,3163.92
Singapore Airlines,DXB,BOM,1900,12,Sun,22,4.04,True,0,0,316,350,0.904,2592.86
Emirates,DXB,JFK,11000,1,Sat,18,2.26,True,0,0,284,350,0.813,4039.04
Emirates,DXB,CDG,5200,2,Tue,14,4.61,False,1,74,303,350,0.867,3131.22
Qatar Airways,DXB,LHR,5500,7,Mon,16,8.79,True,0,0,350,350,1.0,3465.0
Emirates,DXB,JFK,11000,5,Fri,6,4.17,False,0,0,215,350,0.616,3494.44
Qatar Airways,DXB,SYD,12000,7,Tue,11,6.45,True,1,119,281,350,0.804,4187.26
Emirates,DXB,LHR,5500,4,Sat,10,8.3,False,0,0,215,350,0.616,2659.17
Singapore Airlines,DXB,LHR,5500,10,Mon,15,7.79,False,0,0,208,350,0.596,2615.92
Emirates,DXB,BKK,4900,7,Mon,20,6.3,True,1,157,301,350,0.862,3065.59
Singapore Airlines,DXB,BOM,1900,7,Tue,6,3.56,True,0,0,338,350,0.968,2698.47
British Airways,DXB,FRA,4800,12,Sat,9,6.27,True,0,0,334,350,0.956,3237.68
Qatar Airways,DXB,BKK,4900,4,Tue,1,6.01,False,0,0,246,350,0.704,2746.78
Singapore Airlines,DXB,SIN,5900,11,Fri,6,5.73,False,0,0,223,350,0.638,2766.17
Etihad,DXB,BKK,4900,7,Tue,0,5.48,True,0,0,299,350,0.856,3054.99
Emirates,DXB,CDG,5200,2,Mon,2,7.18,False,0,0,291,350,0.832,3058.34
Singapore Airlines,DXB,SIN,5900,7,Wed,23,3.26,True,1,74,345,350,0.988,3518.04
Emirates,DXB,SIN,5900,6,Fri,6,5.53,True,0,0,313,350,0.896,3320.42
Qatar Airways,DXB,CDG,5200,6,Fri,20,6.11,True,0,0,301,350,0.861,3118.76
Singapore Airlines,DXB,JNB,6400,1,Sat,18,7.43,True,0,0,350,350,1.0,3643.2
Singapore Airlines,DXB,SIN,5900,5,Tue,18,5.73,False,0,0,229,350,0.655,2802.58
Emirates,DXB,JFK,11000,8,Sat,13,7.62,False,0,0,212,350,0.607,3470.59
Emirates,DXB,FRA,4800,6,Fri,4,5.82,True,1,30,350,350,1.0,3326.4
Qatar Airways,DXB,NRT,7900,6,Tue,15,3.71,True,0,0,249,350,0.713,3255.59
Emirates,DXB,NRT,7900,8,Thu,14,3.82,False,0,0,190,350,0.544,2851.18
Etihad,DXB,SYD,12000,12,Sat,2,2.68,True,0,0,347,350,0.994,4733.7
Emirates,DXB,FRA,4800,11,Thu,13,4.19,False,0,0,275,350,0.787,2896.79
British Airways,DXB,BKK,4900,6,Thu,10,4.91,True,0,0,277,350,0.792,2924.99
Etihad,DXB,BOM,1900,10,Sat,3,6.83,False,0,0,308,350,0.88,2552.5
Etihad,DXB,JFK,11000,9,Sat,13,3.92,False,0,0,277,350,0.793,3982.83
Singapore Airlines,DXB,LHR,5500,8,Wed,10,4.36,False,0,0,261,350,0.746,2932.36
Emirates,DXB,SYD,12000,12,Tue,13,5.24,True,0,0,279,350,0.799,4172.98
Emirates,DXB,BKK,4900,2,Thu,7,3.97,False,0,0,239,350,0.683,2703.4
Emirates,DXB,BKK,4900,2,Fri,16,4.54,False,0,0,252,350,0.723,2783.86
Etihad,DXB,SYD,12000,9,Sun,22,5.82,False,0,0,306,350,0.876,4394.47
Etihad,DXB,CDG,5200,4,Sat,9,6.13,False,0,0,284,350,0.814,3021.06
Emirates,DXB,JNB,6400,5,Thu,23,6.15,False,0,0,217,350,0.623,2810.16
Emirates,DXB,SIN,5900,11,Mon,19,7.43,False,0,0,235,350,0.672,2840.58
British Airways,DXB,SYD,12000,1,Fri,14,5.13,True,0,0,268,350,0.768,4084.2
British Airways,DXB,NRT,7900,12,Sun,8,3.86,True,1,34,350,350,1.0,3940.2
Emirates,DXB,BKK,4900,4,Thu,19,5.69,False,0,0,220,350,0.63,2595.79
Emirates,DXB,BKK,4900,3,Fri,6,6.53,False,0,0,232,350,0.663,2663.06
Emirates,DXB,LHR,5500,8,Fri,9,5.61,False,0,0,278,350,0.795,3033.86
Emirates,DXB,BKK,4900,10,Mon,20,6.27,False,1,121,234,350,0.67,2676.67
Etihad,DXB,JFK,11000,11,Mon,5,5.64,False,1,25,227,350,0.651,3590.33
Emirates,DXB,BKK,4900,6,Fri,4,5.83,True,0,0,350,350,1.0,3346.2
Etihad,DXB,SIN,5900,2,Sat,9,5.12,False,0,0,302,350,0.864,3252.47
Etihad,DXB,BKK,4900,11,Sun,7,6.09,False,0,0,295,350,0.843,3028.78
Emirates,DXB,BKK,4900,4,Wed,18,6.22,False,0,0,227,350,0.649,2634.85
Qatar Airways,DXB,SIN,5900,12,Mon,19,4.86,True,0,0,327,350,0.935,3403.61
Qatar Airways,DXB,CDG,5200,1,Sat,17,5.99,True,0,0,350,350,1.0,3405.6
Qatar Airways,DXB,LHR,5500,3,Mon,14,7.37,False,0,0,312,350,0.893,3240.54
Emirates,DXB,CDG,5200,11,Fri,14,6.59,False,0,0,188,350,0.538,2451.8
Etihad,DXB,SIN,5900,2,Wed,22,4.63,False,0,0,256,350,0.734,2972.5
Turkish Airlines,DXB,FRA,4800,4,Thu,23,6.12,False,0,0,171,350,0.491,2300.55
British Airways,DXB,FRA,4800,4,Sun,11,8.44,False,0,0,236,350,0.675,2670.85
Emirates,DXB,FRA,4800,5,Sun,14,4.68,False,1,46,207,350,0.593,2506.74
British Airways,DXB,CDG,5200,7,Thu,15,6.05,True,0,0,265,350,0.758,2907.06
Emirates,DXB,SIN,5900,3,Tue,6,7.84,False,0,0,225,350,0.643,2777.55
Emirates,DXB,SIN,5900,4,Wed,8,6.94,False,0,0,325,350,0.93,3393.06
Emirates,DXB,LHR,5500,11,Tue,12,7.68,False,1,63,250,350,0.715,2866.16
Qatar Airways,DXB,FRA,4800,7,Fri,0,7.43,True,0,0,322,350,0.921,3167.39
Turkish Airlines,DXB,JFK,11000,11,Sun,4,8.47,False,0,0,243,350,0.697,3717.12
British Airways,DXB,NRT,7900,11,Fri,12,5.4,False,0,0,298,350,0.852,3586.78
Singapore Airlines,DXB,JNB,6400,2,Thu,4,6.21,False,0,0,263,350,0.754,3099.36
Etihad,DXB,BKK,4900,1,Tue,11,3.11,True,1,70,298,350,0.853,3047.97
Emirates,DXB,FRA,4800,9,Thu,10,3.17,False,1,117,282,350,0.806,2935.0
Singapore Airlines,DXB,BKK,4900,2,Fri,19,5.3,False,1,66,283,350,0.811,2962.79
Emirates,DXB,JNB,6400,5,Mon,6,3.34,False,1,119,215,350,0.615,2793.6
Singapore Airlines,DXB,BOM,1900,9,Fri,11,6.78,False,0,0,256,350,0.732,2304.71
Etihad,DXB,LHR,5500,10,Thu,13,7.73,False,0,0,225,350,0.643,2716.27
Qatar Airways,DXB,JNB,6400,7,Fri,1,5.41,True,0,0,350,350,1.0,3643.2
Qatar Airways,DXB,SIN,5900,9,Thu,1,5.57,False,0,0,233,350,0.666,2827.51
Etihad,DXB,NRT,7900,12,Thu,4,3.04,True,0,0,310,350,0.886,3668.73
Emirates,DXB,NRT,7900,3,Fri,10,9.81,False,0,0,278,350,0.796,3452.34
Etihad,DXB,SIN,5900,8,Tue,6,2.46,False,0,0,210,350,0.6,2685.57
British Airways,DXB,LHR,5500,10,Tue,2,8.68,False,0,0,216,350,0.619,2663.9
Turkish Airlines,DXB,CDG,5200,2,Mon,12,5.03,False,1,97,207,350,0.592,2562.87
Qatar Airways,DXB,JNB,6400,5,Thu,7,5.22,False,0,0,178,350,0.51,2561.82
British Airways,DXB,BOM,1900,7,Wed,20,5.33,True,0,0,272,350,0.778,2381.54
Turkish Airlines,DXB,SIN,5900,7,Wed,18,3.48,True,0,0,347,350,0.992,3527.91
Emirates,DXB,LHR,5500,2,Mon,15,6.9,False,0,0,224,350,0.642,2712.16
Emirates,DXB,FRA,4800,2,Thu,3,4.25,False,0,0,213,350,0.609,2537.49
Turkish Airlines,DXB,BKK,4900,9,Sat,0,7.73,False,0,0,273,350,0.782,2903.88
British Airways,DXB,JNB,6400,4,Fri,5,6.42,False,0,0,224,350,0.642,2852.92
Emirates,DXB,LHR,5500,7,Tue,7,6.09,True,0,0,216,350,0.617,2661.54
Turkish Airlines,DXB,JFK,11000,6,Fri,6,5.73,True,0,0,316,350,0.905,4292.59
Emirates,DXB,LHR,5500,10,Sat,2,9.82,False,0,0,224,350,0.641,2712.07
Etihad,DXB,BKK,4900,4,Mon,5,5.1,False,0,0,278,350,0.797,2933.94
Etihad,DXB,SYD,12000,5,Sat,13,4.47,False,0,0,332,350,0.951,4609.52
Emirates,DXB,FRA,4800,11,Tue,23,7.21,False,0,0,173,350,0.494,2307.22
Emirates,DXB,SIN,5900,8,Fri,8,4.79,False,1,24,205,350,0.588,2659.43
Qatar Airways,DXB,SIN,5900,7,Wed,19,6.24,True,0,0,320,350,0.916,3364.47
Singapore Airlines,DXB,SIN,5900,10,Fri,0,8.75,False,1,176,211,350,0.605,2695.07
Emirates,DXB,LHR,5500,10,Thu,4,8.6,False,0,0,269,350,0.77,2982.07
Etihad,DXB,JFK,11000,2,Sat,4,5.64,False,0,0,194,350,0.556,3327.54
Singapore Airlines,DXB,BOM,1900,8,Mon,3,6.37,False,0,0,258,350,0.74,2317.95
Singapore Airlines,DXB,CDG,5200,12,Sun,18,5.63,True,1,122,350,350,1.0,3405.6
Singapore Airlines,DXB,CDG,5200,7,Sat,7,3.25,True,0,0,291,350,0.834,3062.05
Qatar Airways,DXB,SYD,12000,4,Fri,16,8.81,False,0,0,350,350,1.0,4752.0
Emirates,DXB,BOM,1900,2,Sat,11,6.83,False,0,0,323,350,0.925,2626.29
Qatar Airways,DXB,FRA,4800,2,Tue,14,4.95,False,0,0,247,350,0.708,2737.23
Singapore Airlines,DXB,JFK,11000,1,Tue,12,5.55,True,0,0,264,350,0.755,3877.9
Qatar Airways,DXB,CDG,5200,8,Sun,6,6.64,False,0,0,197,350,0.566,2508.86
Emirates,DXB,NRT,7900,7,Mon,0,7.05,True,0,0,350,350,1.0,3940.2
Qatar Airways,DXB,JFK,11000,5,Sun,3,6.64,False,0,0,248,350,0.709,3751.54
Qatar Airways,DXB,BKK,4900,12,Mon,12,3.95,True,0,0,182,350,0.522,2376.95
Turkish Airlines,DXB,FRA,4800,7,Mon,23,6.67,True,1,73,344,350,0.984,3293.32
Emirates,DXB,CDG,5200,9,Thu,18,6.59,False,1,51,266,350,0.761,2911.67
British Airways,DXB,FRA,4800,1,Mon,2,4.77,True,1,54,295,350,0.843,3010.28
Emirates,DXB,FRA,4800,2,Tue,14,3.65,False,0,0,245,350,0.702,2725.41
Etihad,DXB,JFK,11000,9,Wed,0,6.1,False,0,0,169,350,0.484,3130.29
Emirates,DXB,SYD,12000,9,Fri,22,4.87,False,0,0,201,350,0.575,3527.14
Emirates,DXB,SYD,12000,4,Mon,20,7.53,False,0,0,190,350,0.543,3436.13
Turkish Airlines,DXB,LHR,5500,12,Sat,18,7.45,True,0,0,317,350,0.908,3272.79
Turkish Airlines,DXB,LHR,5500,3,Mon,8,6.72,False,0,0,244,350,0.7,2834.05
Emirates,DXB,JFK,11000,6,Tue,20,6.5,True,1,51,232,350,0.664,3625.94
Qatar Airways,DXB,CDG,5200,12,Thu,3,6.63,True,0,0,294,350,0.84,3076.06
Turkish Airlines,DXB,LHR,5500,5,Sun,16,4.13,False,0,0,240,350,0.688,2810.11
Emirates,DXB,NRT,7900,3,Fri,11,6.36,False,0,0,183,350,0.526,2807.25
Singapore Airlines,DXB,SIN,5900,11,Sun,14,7.03,False,0,0,188,350,0.54,2555.08
Singapore Airlines,DXB,NRT,7900,7,Wed,5,7.54,True,0,0,350,350,1.0,3940.2
Qatar Airways,DXB,LHR,5500,7,Sat,19,6.55,True,0,0,307,350,0.879,3210.36
Etihad,DXB,LHR,5500,10,Mon,21,8.43,False,0,0,239,350,0.684,2801.26
Qatar Airways,DXB,CDG,5200,2,Mon,17,7.05,False,1,95,226,350,0.647,2677.94
Qatar Airways,DXB,LHR,5500,9,Sat,0,6.36,False,0,0,193,350,0.553,2526.42
Emirates,DXB,NRT,7900,6,Tue,22,5.39,True,0,0,265,350,0.759,3363.65
Qatar Airways,DXB,NRT,7900,2,Tue,7,7.4,False,0,0,308,350,0.881,3656.68
Etihad,DXB,NRT,7900,1,Fri,3,6.76,True,0,0,292,350,0.836,3547.48
Turkish Airlines,DXB,BKK,4900,4,Tue,23,7.82,False,0,0,232,350,0.664,2664.14
Emirates,DXB,SIN,5900,11,Thu,1,8.3,False,0,0,215,350,0.617,2721.38
Emirates,DXB,JNB,6400,7,Sun,5,4.07,True,0,0,333,350,0.953,3539.24
Emirates,DXB,NRT,7900,11,Wed,13,8.89,False,0,0,195,350,0.559,2886.23
Emirates,DXB,NRT,7900,1,Tue,5,2.22,True,0,0,276,350,0.79,3437.53
Qatar Airways,DXB,JFK,11000,2,Thu,23,4.14,False,0,0,251,350,0.719,3779.36
Emirates,DXB,SYD,12000,3,Fri,8,5.99,False,0,0,301,350,0.861,4350.34
Emirates,DXB,CDG,5200,10,Tue,18,8.36,False,1,33,210,350,0.602,2583.59
British Airways,DXB,BKK,4900,5,Thu,0,3.77,False,0,0,281,350,0.803,2946.46
Etihad,DXB,BOM,1900,3,Wed,15,6.1,False,0,0,221,350,0.634,2141.96
Singapore Airlines,DXB,LHR,5500,2,Tue,20,5.0,False,1,66,168,350,0.482,2377.88
Singapore Airlines,DXB,FRA,4800,12,Thu,16,3.68,True,0,0,319,350,0.913,3151.95
Emirates,DXB,NRT,7900,4,Sun,14,6.84,False,1,42,289,350,0.827,3528.05
Emirates,DXB,JNB,6400,10,Sun,19,5.58,False,0,0,236,350,0.674,2924.2
Emirates,DXB,CDG,5200,2,Wed,12,6.0,False,0,0,236,350,0.675,2734.92
Singapore Airlines,DXB,FRA,4800,12,Thu,19,5.3,True,0,0,281,350,0.805,2932.28
Emirates,DXB,NRT,7900,11,Sat,23,7.27,False,1,51,219,350,0.628,3052.15
Qatar Airways,DXB,JNB,6400,10,Sat,0,7.21,False,0,0,216,350,0.617,2797.91
Emirates,DXB,CDG,5200,10,Fri,2,6.75,False,0,0,281,350,0.805,3003.71
Emirates,DXB,NRT,7900,10,Thu,21,6.1,False,0,0,192,350,0.55,2864.95
Qatar Airways,DXB,SYD,12000,1,Mon,9,4.83,True,0,0,216,350,0.618,3651.34
Qatar Airways,DXB,FRA,4800,6,Thu,10,4.93,True,0,0,319,350,0.914,3153.33
Emirates,DXB,CDG,5200,6,Wed,1,7.57,True,1,22,306,350,0.876,3149.14
Turkish Airlines,DXB,SIN,5900,3,Tue,10,7.3,False,0,0,211,350,0.604,2693.77
Emirates,DXB,FRA,4800,12,Fri,1,5.03,True,0,0,324,350,0.927,3179.89
Etihad,DXB,NRT,7900,2,Wed,13,4.41,False,0,0,275,350,0.787,3431.77
Etihad,DXB,CDG,5200,8,Tue,17,3.82,False,0,0,249,350,0.714,2815.0
Singapore Airlines,DXB,JNB,6400,8,Wed,17,4.25,False,0,0,198,350,0.566,2685.9
Turkish Airlines,DXB,NRT,7900,8,Sat,23,6.56,False,0,0,235,350,0.673,3159.33
Emirates,DXB,BKK,4900,8,Tue,15,4.56,False,0,0,199,350,0.57,2473.75
Turkish Airlines,DXB,NRT,7900,6,Mon,5,2.35,True,1,59,307,350,0.878,3647.79
Etihad,DXB,JFK,11000,8,Sun,20,7.74,False,1,36,283,350,0.811,4031.05
Turkish Airlines,DXB,NRT,7900,12,Sat,18,5.37,True,0,0,350,350,1.0,3940.2
Singapore Airlines,DXB,NRT,7900,10,Wed,5,9.34,False,1,112,236,350,0.677,3168.58
Singapore Airlines,DXB,SYD,12000,12,Sat,18,3.44,True,1,51,342,350,0.98,4693.04
Emirates,DXB,BKK,4900,10,Tue,1,8.47,False,1,303,256,350,0.734,2805.79
Qatar Airways,DXB,NRT,7900,9,Sun,22,3.83,False,0,0,266,350,0.761,3369.1
Emirates,DXB,JNB,6400,4,Sun,10,5.31,False,0,0,153,350,0.44,2405.8
Qatar Airways,DXB,BOM,1900,11,Sun,20,7.66,False,0,0,249,350,0.712,2272.21
British Airways,DXB,JFK,11000,6,Sat,8,3.97,True,0,0,350,350,1.0,4554.0
Turkish Airlines,DXB,BOM,1900,11,Sun,20,7.54,False,1,20,251,350,0.718,2281.03
Turkish Airlines,DXB,JFK,11000,3,Wed,14,8.35,False,0,0,268,350,0.768,3914.31
Etihad,DXB,LHR,5500,4,Mon,5,7.84,False,1,21,257,350,0.736,2911.51
British Airways,DXB,JFK,11000,9,Tue,3,7.76,False,0,0,245,350,0.703,3733.29
Qatar Airways,DXB,SYD,12000,8,Fri,16,5.06,False,0,0,293,350,0.84,4290.91
Emirates,DXB,JFK,11000,11,Wed,4,3.25,False,0,0,209,350,0.598,3443.77
Emirates,DXB,NRT,7900,9,Mon,9,6.36,False,0,0,184,350,0.526,2808.02
Qatar Airways,DXB,JNB,6400,11,Thu,21,6.65,False,0,0,222,350,0.637,2841.82
Emirates,DXB,JNB,6400,4,Thu,19,8.96,False,1,60,165,350,0.474,2482.28
Qatar Airways,DXB,SIN,5900,2,Tue,6,6.67,False,0,0,239,350,0.683,2863.53
Singapore Airlines,DXB,BOM,1900,11,Mon,7,5.05,False,0,0,182,350,0.521,1953.88
Emirates,DXB,JNB,6400,3,Thu,8,4.75,False,1,48,263,350,0.754,3099.21
Emirates,DXB,JNB,6400,9,Sun,23,4.65,False,0,0,207,350,0.594,2747.17
Turkish Airlines,DXB,SIN,5900,11,Tue,4,6.64,False,0,0,207,350,0.593,2669.58
Etihad,DXB,BOM,1900,3,Tue,6,6.36,False,0,0,251,350,0.717,2280.71
Qatar Airways,DXB,SYD,12000,11,Wed,14,6.98,False,0,0,240,350,0.688,3854.76
Emirates,DXB,CDG,5200,11,Fri,13,7.23,False,1,209,245,350,0.7,2786.54
Emirates,DXB,BKK,4900,4,Tue,20,6.34,False,0,0,242,350,0.692,2722.48
Emirates,DXB,SIN,5900,12,Fri,1,5.13,True,1,17,350,350,1.0,3544.2
Singapore Airlines,DXB,FRA,4800,4,Thu,18,7.91,False,0,0,188,350,0.539,2397.7
Qatar Airways,DXB,NRT,7900,9,Wed,18,3.92,False,0,0,259,350,0.742,3322.97
Emirates,DXB,BOM,1900,5,Thu,11,3.48,False,0,0,274,350,0.783,2391.01
Etihad,DXB,CDG,5200,7,Thu,12,5.55,True,0,0,307,350,0.877,3152.07
Etihad,DXB,NRT,7900,6,Wed,13,5.8,True,0,0,289,350,0.826,3525.66
Emirates,DXB,JNB,6400,7,Thu,16,4.32,True,0,0,298,350,0.852,3315.6
Qatar Airways,DXB,BOM,1900,2,Thu,0,5.4,False,0,0,228,350,0.652,2171.61
Singapore Airlines,DXB,CDG,5200,5,Thu,11,4.08,False,0,0,251,350,0.717,2822.16
British Airways,DXB,BKK,4900,12,Fri,0,5.78,True,0,0,350,350,1.0,3346.2
Qatar Airways,DXB,BOM,1900,5,Sun,15,6.13,False,1,50,282,350,0.806,2428.78
Qatar Airways,DXB,FRA,4800,11,Sat,3,6.95,False,0,0,317,350,0.908,3139.97
Emirates,DXB,SYD,12000,12,Tue,15,2.72,True,1,122,282,350,0.808,4198.6
Singapore Airlines,DXB,BKK,4900,2,Thu,13,5.47,False,0,0,276,350,0.79,2919.76
Emirates,DXB,CDG,5200,5,Thu,11,2.52,False,0,0,274,350,0.783,2958.41
Emirates,DXB,BKK,4900,10,Thu,6,6.85,False,0,0,240,350,0.687,2710.73
Etihad,DXB,BOM,1900,11,Fri,12,5.54,False,0,0,228,350,0.654,2174.29
Emirates,DXB,FRA,4800,2,Thu,8,4.38,False,0,0,194,350,0.555,2428.77
Emirates,DXB,JNB,6400,4,Sun,23,8.9,False,0,0,170,350,0.488,2513.16
Emirates,DXB,LHR,5500,12,Wed,18,5.15,True,0,0,350,350,1.0,3465.0
Emirates,DXB,SIN,5900,12,Thu,2,3.58,True,0,0,318,350,0.909,3348.43
Turkish Airlines,DXB,BOM,1900,12,Thu,18,3.48,True,0,0,283,350,0.809,2433.0
Emirates,DXB,BOM,1900,4,Sat,7,7.81,False,0,0,181,350,0.518,1948.53
Qatar Airways,DXB,NRT,7900,3,Mon,4,4.18,False,0,0,229,350,0.655,3115.92
British Airways,DXB,BKK,4900,9,Sun,1,4.67,False,0,0,213,350,0.611,2556.31
Emirates,DXB,NRT,7900,12,Wed,22,4.87,True,1,17,327,350,0.936,3788.37
Emirates,DXB,SIN,5900,2,Sun,16,4.87,False,0,0,251,350,0.717,2936.74
Etihad,DXB,CDG,5200,7,Wed,16,5.06,True,0,0,350,350,1.0,3405.6
Etihad,DXB,JNB,6400,8,Mon,6,6.91,False,0,0,244,350,0.698,2976.43
Singapore Airlines,DXB,CDG,5200,3,Tue,15,5.36,False,0,0,176,350,0.503,2379.71
British Airways,DXB,NRT,7900,5,Mon,18,9.11,False,0,0,170,350,0.486,2713.51
Emirates,DXB,CDG,5200,3,Sat,22,6.88,False,0,0,238,350,0.681,2747.64
Emirates,DXB,FRA,4800,1,Sun,0,3.2,True,0,0,345,350,0.986,3298.67
Emirates,DXB,CDG,5200,6,Sat,23,6.0,True,0,0,339,350,0.97,3343.8
Etihad,DXB,JNB,6400,12,Thu,7,7.89,True,0,0,335,350,0.96,3553.82
Emirates,DXB,BOM,1900,9,Sun,1,7.57,False,0,0,298,350,0.853,2506.87
British Airways,DXB,CDG,5200,8,Tue,7,4.43,False,0,0,235,350,0.671,2727.52
British Airways,DXB,NRT,7900,5,Fri,10,6.67,False,0,0,154,350,0.441,2604.32
Etihad,DXB,SYD,12000,8,Wed,11,6.58,False,0,0,293,350,0.838,4286.55
Emirates,DXB,SYD,12000,6,Wed,22,4.72,True,0,0,311,350,0.891,4438.29
Qatar Airways,DXB,BKK,4900,7,Tue,21,6.6,True,0,0,324,350,0.928,3201.12
Turkish Airlines,DXB,SIN,5900,2,Tue,2,2.22,False,0,0,256,350,0.732,2968.01
Emirates,DXB,SIN,5900,5,Mon,2,6.66,False,0,0,217,350,0.621,2730.77
Emirates,DXB,NRT,7900,5,Mon,21,3.68,False,0,0,185,350,0.529,2815.63
Emirates,DXB,SYD,12000,11,Mon,15,7.03,False,0,0,247,350,0.707,3907.73
Emirates,DXB,JNB,6400,1,Tue,14,4.1,True,0,0,275,350,0.786,3170.47
Singapore Airlines,DXB,JFK,11000,8,Fri,21,4.77,False,0,0,329,350,0.941,4392.45
Qatar Airways,DXB,CDG,5200,11,Fri,0,5.72,False,0,0,262,350,0.749,2888.28
British Airways,DXB,LHR,5500,9,Fri,4,4.28,False,0,0,260,350,0.745,2929.22
Qatar Airways,DXB,BKK,4900,12,Sun,19,6.41,True,1,32,350,350,1.0,3346.2
Singapore Airlines,DXB,FRA,4800,2,Thu,13,3.52,False,0,0,237,350,0.679,2678.39
Qatar Airways,DXB,NRT,7900,1,Thu,4,5.38,True,0,0,287,350,0.822,3516.28
Emirates,DXB,SIN,5900,5,Sat,19,6.21,False,0,0,219,350,0.627,2743.37
Emirates,DXB,BKK,4900,5,Wed,4,4.61,False,0,0,180,350,0.517,2366.24
Emirates,DXB,SYD,12000,5,Mon,1,2.01,False,0,0,275,350,0.786,4135.84
British Airways,DXB,LHR,5500,8,Mon,2,4.43,False,0,0,299,350,0.856,3162.54
Emirates,DXB,LHR,5500,12,Sun,18,3.66,True,1,84,307,350,0.877,3207.61
Emirates,DXB,CDG,5200,9,Mon,15,5.01,False,1,46,185,350,0.531,2436.9
Singapore Airlines,DXB,NRT,7900,4,Wed,6,5.04,False,0,0,197,350,0.563,2897.2
Qatar Airways,DXB,NRT,7900,5,Tue,10,9.74,False,1,38,216,350,0.619,3029.47
Qatar Airways,DXB,JFK,11000,2,Wed,14,5.33,False,0,0,207,350,0.594,3432.8
Emirates,DXB,CDG,5200,12,Tue,20,3.46,True,0,0,338,350,0.966,3335.28
Emirates,DXB,SYD,12000,7,Sat,9,6.23,True,0,0,327,350,0.935,4564.54
Emirates,DXB,BKK,4900,6,Mon,10,4.94,True,0,0,289,350,0.827,2994.75
Emirates,DXB,BKK,4900,5,Thu,9,6.01,False,0,0,226,350,0.647,2630.21
Emirates,DXB,NRT,7900,8,Sun,9,7.97,False,0,0,304,350,0.869,3626.46
Turkish Airlines,DXB,FRA,4800,5,Mon,14,7.92,False,0,0,184,350,0.526,2370.65
Emirates,DXB,NRT,7900,1,Thu,19,3.99,True,0,0,213,350,0.611,3012.15
Emirates,DXB,BOM,1900,1,Sat,22,5.32,True,0,0,350,350,1.0,2752.2
Singapore Airlines,DXB,JNB,6400,2,Thu,12,4.85,False,0,0,241,350,0.691,2960.12
Emirates,DXB,BKK,4900,4,Fri,9,10.0,False,0,0,245,350,0.7,2738.11
Emirates,DXB,BKK,4900,9,Sun,13,5.37,False,0,0,297,350,0.85,3042.46
Emirates,DXB,NRT,7900,3,Mon,17,5.32,False,0,0,227,350,0.651,3105.95
Qatar Airways,DXB,CDG,5200,3,Mon,9,6.9,False,0,0,174,350,0.498,2368.93
Emirates,DXB,JNB,6400,1,Wed,16,7.24,True,0,0,319,350,0.912,3448.81
Etihad,DXB,NRT,7900,11,Fri,18,8.44,False,1,19,310,350,0.887,3671.07
Emirates,DXB,BKK,4900,4,Wed,12,6.42,False,0,0,197,350,0.565,2464.63
Singapore Airlines,DXB,BOM,1900,9,Mon,1,6.63,False,0,0,264,350,0.757,2347.01
Emirates,DXB,SIN,5900,9,Mon,12,3.62,False,0,0,261,350,0.747,2999.76
Singapore Airlines,DXB,BKK,4900,1,Sun,20,6.11,True,1,21,313,350,0.895,3133.33
Etihad,DXB,CDG,5200,12,Sun,1,2.19,True,0,0,350,350,1.0,3405.6
Qatar Airways,DXB,NRT,7900,5,Mon,2,3.77,False,0,0,163,350,0.467,2666.58
Emirates,DXB,LHR,5500,1,Sat,1,3.4,True,1,125,345,350,0.986,3436.31
Etihad,DXB,SIN,5900,12,Sun,8,4.26,True,0,0,350,350,1.0,3544.2
Etihad,DXB,BOM,1900,1,Thu,21,4.63,True,0,0,222,350,0.636,2145.44
Turkish Airlines,DXB,NRT,7900,5,Sun,3,4.02,False,0,0,237,350,0.678,3170.7
Singapore Airlines,DXB,LHR,5500,10,Sat,6,5.73,False,0,0,336,350,0.961,3383.1
Emirates,DXB,LHR,5500,10,Tue,11,8.21,False,0,0,174,350,0.498,2410.93
Emirates,DXB,SYD,12000,11,Sun,20,7.92,False,0,0,299,350,0.854,4332.42
Singapore Airlines,DXB,JFK,11000,3,Thu,15,2.42,False,1,30,215,350,0.616,3494.49
Emirates,DXB,JNB,6400,2,Sat,1,7.44,False,0,0,253,350,0.724,3033.69
Qatar Airways,DXB,FRA,4800,5,Tue,22,3.25,False,0,0,221,350,0.633,2586.77
Qatar Airways,DXB,BKK,4900,5,Fri,17,5.46,False,0,0,205,350,0.588,2510.81
Emirates,DXB,FRA,4800,9,Thu,3,5.65,False,1,35,249,350,0.713,2747.62
Turkish Airlines,DXB,SYD,12000,2,Sat,16,5.26,False,0,0,248,350,0.711,3919.5
Turkish Airlines,DXB,FRA,4800,7,Tue,17,5.23,True,0,0,186,350,0.534,2386.71
Emirates,DXB,JNB,6400,2,Tue,18,2.63,False,0,0,232,350,0.665,2903.94
Etihad,DXB,CDG,5200,8,Tue,17,3.76,False,1,92,264,350,0.755,2900.05
Etihad,DXB,BKK,4900,3,Thu,6,5.25,False,0,0,297,350,0.85,3042.06
Etihad,DXB,JNB,6400,9,Tue,14,2.9,False,0,0,257,350,0.735,3057.59
Emirates,DXB,NRT,7900,1,Wed,1,6.49,True,0,0,350,350,1.0,3940.2
Etihad,DXB,JNB,6400,7,Fri,11,4.92,True,0,0,348,350,0.994,3630.98
Etihad,DXB,JNB,6400,4,Sun,19,6.69,False,0,0,239,350,0.683,2943.89
Etihad,DXB,FRA,4800,7,Sat,15,5.42,True,0,0,350,350,1.0,3326.4
Emirates,DXB,FRA,4800,6,Mon,1,5.37,True,0,0,304,350,0.869,3062.18
Etihad,DXB,BOM,1900,8,Sun,17,3.48,False,0,0,310,350,0.888,2565.59
Emirates,DXB,SIN,5900,9,Fri,19,4.27,False,1,22,235,350,0.671,2838.56
Singapore Airlines,DXB,SYD,12000,12,Fri,21,5.99,True,0,0,265,350,0.758,4053.98
Etihad,DXB,NRT,7900,7,Thu,2,6.41,True,0,0,280,350,0.801,3464.17
Emirates,DXB,JFK,11000,8,Fri,23,5.86,False,0,0,213,350,0.61,3477.21
British Airways,DXB,LHR,5500,8,Thu,23,5.7,False,0,0,215,350,0.617,2659.73
Etihad,DXB,FRA,4800,11,Sun,20,5.52,False,1,57,212,350,0.608,2536.58
Emirates,DXB,BKK,4900,11,Mon,20,6.48,False,0,0,232,350,0.664,2665.11
British Airways,DXB,JFK,11000,2,Sat,23,7.81,False,0,0,196,350,0.561,3341.87
Singapore Airlines,DXB,FRA,4800,5,Tue,19,7.09,False,0,0,212,350,0.607,2534.72
Emirates,DXB,JNB,6400,2,Mon,1,7.27,False,1,85,303,350,0.867,3349.62
Singapore Airlines,DXB,CDG,5200,1,Tue,6,3.33,True,0,0,270,350,0.772,2934.7
British Airways,DXB,JFK,11000,10,Thu,11,8.75,False,0,0,272,350,0.78,3945.73
Singapore Airlines,DXB,JNB,6400,7,Sat,6,4.14,True,1,34,350,350,1.0,3643.2
Qatar Airways,DXB,LHR,5500,11,Mon,2,7.68,False,0,0,217,350,0.622,2670.79
Emirates,DXB,BKK,4900,12,Tue,10,2.67,True,1,55,345,350,0.986,3317.49
Etihad,DXB,LHR,5500,9,Mon,11,5.28,False,0,0,228,350,0.653,2737.34
British Airways,DXB,SIN,5900,8,Tue,21,3.13,False,0,0,186,350,0.532,2538.63
Emirates,DXB,SYD,12000,2,Mon,16,4.09,False,0,0,192,350,0.549,3452.34
Singapore Airlines,DXB,CDG,5200,9,Wed,22,5.14,False,1,15,249,350,0.712,2811.86
Singapore Airlines,DXB,JFK,11000,10,Fri,0,4.81,False,0,0,276,350,0.791,3976.7
Qatar Airways,DXB,JNB,6400,3,Sun,23,9.07,False,0,0,277,350,0.794,3188.49
Emirates,DXB,BOM,1900,10,Sun,4,6.15,False,0,0,231,350,0.662,2188.8
Qatar Airways,DXB,SYD,12000,9,Fri,10,5.07,False,0,0,201,350,0.576,3530.92
Emirates,DXB,JNB,6400,4,Tue,12,7.34,False,0,0,230,350,0.657,2886.42
Turkish Airlines,DXB,SYD,12000,9,Fri,13,5.24,False,0,0,285,350,0.817,4223.65
Emirates,DXB,JFK,11000,2,Thu,12,2.33,False,1,115,192,350,0.549,3309.94
Turkish Airlines,DXB,BKK,4900,8,Wed,21,7.78,False,0,0,267,350,0.763,2865.99
Singapore Airlines,DXB,NRT,7900,9,Thu,12,3.09,False,0,0,213,350,0.61,3008.38
British Airways,DXB,BKK,4900,4,Sat,9,6.27,False,0,0,284,350,0.812,2964.06
Emirates,DXB,SIN,5900,12,Tue,21,5.16,True,0,0,344,350,0.986,3513.1
Turkish Airlines,DXB,LHR,5500,1,Sat,9,5.9,True,0,0,310,350,0.886,3225.49
Emirates,DXB,FRA,4800,7,Sat,5,5.29,True,1,29,275,350,0.786,2895.96
Singapore Airlines,DXB,JNB,6400,7,Mon,18,4.25,True,0,0,318,350,0.909,3442.64
Emirates,DXB,SIN,5900,3,Fri,6,7.24,False,0,0,272,350,0.78,3071.39
Emirates,DXB,FRA,4800,4,Tue,14,1.89,False,0,0,299,350,0.854,3033.0
Etihad,DXB,LHR,5500,5,Thu,1,3.21,False,1,29,228,350,0.652,2734.34
Emirates,DXB,LHR,5500,10,Tue,2,5.22,False,0,0,181,350,0.517,2451.5
Singapore Airlines,DXB,SIN,5900,8,Thu,19,6.13,False,0,0,250,350,0.715,2930.99
British Airways,DXB,JNB,6400,4,Sat,5,7.73,False,0,0,225,350,0.645,2860.24
Singapore Airlines,DXB,LHR,5500,9,Tue,18,4.66,False,0,0,156,350,0.448,2304.96
Etihad,DXB,LHR,5500,10,Mon,15,7.6,False,0,0,181,350,0.519,2455.3
Singapore Airlines,DXB,BKK,4900,12,Fri,6,6.85,True,0,0,288,350,0.825,2990.61
Emirates,DXB,JFK,11000,12,Wed,22,3.58,True,1,207,349,350,0.998,4547.19
Emirates,DXB,CDG,5200,2,Fri,20,5.56,False,1,23,227,350,0.649,2681.4
Singapore Airlines,DXB,SIN,5900,2,Tue,7,4.18,False,0,0,235,350,0.674,2843.2
Qatar Airways,DXB,CDG,5200,8,Thu,21,5.97,False,0,0,171,350,0.491,2355.06
Singapore Airlines,DXB,BKK,4900,11,Tue,17,5.86,False,0,0,221,350,0.633,2601.69
Singapore Airlines,DXB,NRT,7900,11,Sat,2,5.85,False,0,0,299,350,0.856,3596.64
Etihad,DXB,FRA,4800,8,Wed,12,4.58,False,1,33,266,350,0.762,2846.99
Emirates,DXB,FRA,4800,10,Sat,3,6.98,False,0,0,232,350,0.664,2648.64
British Airways,DXB,LHR,5500,4,Tue,11,7.64,False,0,0,224,350,0.643,2714.27
British Airways,DXB,JNB,6400,11,Thu,21,6.94,False,0,0,229,350,0.655,2881.48
Emirates,DXB,FRA,4800,3,Wed,9,3.77,False,0,0,192,350,0.549,2417.74
Turkish Airlines,DXB,JFK,11000,5,Wed,6,4.94,False,0,0,281,350,0.805,4016.05
Emirates,DXB,JNB,6400,10,Wed,19,5.85,False,1,118,208,350,0.596,2750.21
Qatar Airways,DXB,LHR,5500,10,Sat,11,10.0,False,1,81,228,350,0.652,2733.51
Singapore Airlines,DXB,BKK,4900,10,Wed,4,8.71,False,0,0,216,350,0.62,2575.5
Emirates,DXB,SYD,12000,6,Tue,15,6.73,True,0,0,314,350,0.898,4457.42
British Airways,DXB,BKK,4900,3,Fri,20,5.35,False,0,0,222,350,0.636,2608.94
Turkish Airlines,DXB,BOM,1900,3,Sun,6,7.05,False,1,20,255,350,0.73,2302.06
Emirates,DXB,SYD,12000,1,Tue,13,3.06,True,0,0,350,350,1.0,4752.0
Singapore Airlines,DXB,CDG,5200,2,Fri,12,3.65,False,1,208,225,350,0.644,2669.92
Singapore Airlines,DXB,BKK,4900,5,Sat,21,3.35,False,0,0,269,350,0.769,2877.2
Qatar Airways,DXB,FRA,4800,2,Wed,12,7.37,False,0,0,269,350,0.77,2862.48
Etihad,DXB,SIN,5900,4,Fri,2,8.91,False,0,0,214,350,0.611,2709.58
Etihad,DXB,JNB,6400,4,Thu,1,6.45,False,0,0,264,350,0.757,3106.3
Etihad,DXB,SIN,5900,3,Sat,9,8.13,False,0,0,229,350,0.655,2802.45
Emirates,DXB,JNB,6400,11,Sun,0,5.85,False,0,0,271,350,0.775,3145.96
Singapore Airlines,DXB,FRA,4800,11,Sun,5,6.59,False,0,0,242,350,0.694,2709.02
Turkish Airlines,DXB,LHR,5500,10,Sun,23,6.38,False,0,0,285,350,0.816,3078.71
British Airways,DXB,BOM,1900,2,Thu,11,6.61,False,0,0,281,350,0.805,2426.62
Etihad,DXB,FRA,4800,4,Sat,5,6.62,False,0,0,232,350,0.664,2649.86
British Airways,DXB,CDG,5200,2,Sat,9,4.47,False,0,0,228,350,0.652,2686.33
Singapore Airlines,DXB,JNB,6400,3,Tue,6,3.62,False,0,0,183,350,0.524,2592.17
British Airways,DXB,JFK,11000,9,Tue,5,4.04,False,0,0,219,350,0.626,3522.21
Turkish Airlines,DXB,FRA,4800,6,Tue,2,4.7,True,0,0,315,350,0.902,3129.72
Qatar Airways,DXB,LHR,5500,11,Wed,1,6.98,False,1,24,205,350,0.586,2595.74
Qatar Airways,DXB,JNB,6400,5,Tue,10,3.88,False,0,0,272,350,0.779,3155.72
Emirates,DXB,LHR,5500,3,Thu,11,6.97,False,0,0,186,350,0.533,2483.46
Etihad,DXB,SYD,12000,8,Wed,8,6.61,False,0,0,254,350,0.726,3963.35
Singapore Airlines,DXB,SIN,5900,1,Fri,2,4.11,True,1,35,325,350,0.931,3396.59
Etihad,DXB,NRT,7900,10,Sat,10,9.83,False,0,0,284,350,0.813,3493.4
British Airways,DXB,SYD,12000,4,Mon,15,7.46,False,1,93,221,350,0.633,3695.15
Emirates,DXB,CDG,5200,3,Sat,13,6.92,False,0,0,196,350,0.56,2498.04
British Airways,DXB,LHR,5500,7,Sat,3,6.01,True,0,0,342,350,0.978,3419.69
Emirates,DXB,SYD,12000,6,Tue,8,4.17,True,0,0,247,350,0.708,3912.29
Turkish Airlines,DXB,FRA,4800,7,Thu,22,3.49,True,1,15,319,350,0.911,3147.91
Emirates,DXB,BOM,1900,12,Fri,13,5.72,True,0,0,338,350,0.968,2698.24
Emirates,DXB,SYD,12000,10,Wed,14,6.35,False,0,0,321,350,0.917,4514.36
British Airways,DXB,JNB,6400,12,Mon,17,5.38,True,0,0,253,350,0.724,3034.15
Emirates,DXB,BKK,4900,6,Tue,10,5.49,True,0,0,301,350,0.863,3067.98
Turkish Airlines,DXB,FRA,4800,7,Fri,21,2.73,True,0,0,314,350,0.899,3121.99
Etihad,DXB,FRA,4800,10,Mon,9,6.77,False,0,0,220,350,0.63,2581.21
Emirates,DXB,SYD,12000,7,Wed,17,5.23,True,0,0,297,350,0.849,4317.57
Singapore Airlines,DXB,FRA,4800,4,Fri,0,9.67,False,0,0,243,350,0.694,2710.27
Emirates,DXB,JFK,11000,7,Sat,17,4.02,True,0,0,324,350,0.926,4350.84
Qatar Airways,DXB,BOM,1900,6,Fri,6,4.16,True,0,0,318,350,0.91,2601.7
Etihad,DXB,BOM,1900,4,Sun,15,7.11,False,0,0,256,350,0.734,2307.86
Emirates,DXB,BKK,4900,8,Sat,11,8.25,False,0,0,310,350,0.888,3119.74
Emirates,DXB,CDG,5200,7,Wed,17,6.35,True,0,0,329,350,0.941,3284.42
Emirates,DXB,SIN,5900,3,Sat,9,7.8,False,0,0,285,350,0.817,3151.3
Qatar Airways,DXB,BKK,4900,9,Thu,14,4.52,False,0,0,163,350,0.468,2266.32
Turkish Airlines,DXB,CDG,5200,7,Thu,22,6.56,True,1,15,295,350,0.843,3082.58
British Airways,DXB,BKK,4900,6,Wed,16,3.13,True,0,0,322,350,0.92,3184.86
Singapore Airlines,DXB,JFK,11000,8,Mon,1,4.08,False,0,0,268,350,0.767,3909.65
Qatar Airways,DXB,SYD,12000,1,Sun,9,4.06,True,0,0,305,350,0.873,4386.99
Qatar Airways,DXB,CDG,5200,10,Mon,18,6.82,False,0,0,243,350,0.694,2774.93
Qatar Airways,DXB,CDG,5200,5,Fri,1,7.38,False,0,0,250,350,0.715,2817.18
Emirates,DXB,CDG,5200,3,Fri,22,8.64,False,1,18,279,350,0.799,2989.79
Emirates,DXB,SYD,12000,1,Tue,12,4.35,True,0,0,350,350,1.0,4752.0
Turkish Airlines,DXB,JFK,11000,3,Fri,11,5.26,False,0,0,233,350,0.668,3638.66
Emirates,DXB,CDG,5200,2,Sun,13,5.21,False,0,0,278,350,0.797,2986.37
Emirates,DXB,CDG,5200,9,Mon,14,3.31,False,0,0,164,350,0.469,2310.38
Singapore Airlines,DXB,BKK,4900,10,Tue,18,5.05,False,1,16,156,350,0.447,2224.07
Emirates,DXB,BOM,1900,7,Sat,21,7.77,True,0,0,350,350,1.0,2752.2
Emirates,DXB,SYD,12000,1,Tue,2,5.93,True,0,0,239,350,0.683,3838.68
Singapore Airlines,DXB,FRA,4800,7,Tue,11,6.54,True,1,40,308,350,0.881,3087.25
Qatar Airways,DXB,JFK,11000,9,Thu,3,6.69,False,1,103,238,350,0.682,3676.7
British Airways,DXB,SIN,5900,7,Wed,21,2.64,True,0,0,232,350,0.665,2824.53
Etihad,DXB,FRA,4800,9,Tue,7,6.37,False,1,24,229,350,0.656,2632.82
Etihad,DXB,LHR,5500,7,Sat,23,5.14,True,0,0,350,350,1.0,3465.0
Qatar Airways,DXB,CDG,5200,11,Thu,4,6.82,False,0,0,155,350,0.446,2261.22
Etihad,DXB,SIN,5900,2,Tue,17,7.05,False,1,34,160,350,0.458,2380.97
Emirates,DXB,BOM,1900,6,Sun,6,4.51,True,1,20,254,350,0.727,2296.74
British Airways,DXB,FRA,4800,8,Mon,8,4.16,False,0,0,283,350,0.809,2941.91
Singapore Airlines,DXB,BOM,1900,4,Sat,17,5.17,False,0,0,302,350,0.865,2526.44
Qatar Airways,DXB,JNB,6400,11,Tue,21,6.54,False,0,0,202,350,0.579,2714.73
Qatar Airways,DXB,JNB,6400,11,Thu,13,5.65,False,0,0,255,350,0.73,3046.46
British Airways,DXB,JNB,6400,3,Thu,21,5.07,False,0,0,258,350,0.738,3065.62
British Airways,DXB,BKK,4900,6,Sun,1,2.85,True,0,0,350,350,1.0,3346.2
Turkish Airlines,DXB,CDG,5200,10,Tue,14,6.57,False,1,39,219,350,0.627,2636.25
Emirates,DXB,CDG,5200,2,Tue,19,6.58,False,0,0,191,350,0.546,2469.54
Singapore Airlines,DXB,CDG,5200,9,Tue,8,6.5,False,1,22,314,350,0.9,3199.02
British Airways,DXB,SYD,12000,4,Mon,10,7.86,False,0,0,250,350,0.715,3931.39
Emirates,DXB,JNB,6400,11,Tue,8,7.41,False,0,0,319,350,0.912,3448.71
Qatar Airways,DXB,BOM,1900,6,Mon,11,5.2,True,0,0,259,350,0.742,2321.42
Emirates,DXB,CDG,5200,2,Thu,0,5.4,False,0,0,251,350,0.718,2823.58
Emirates,DXB,BOM,1900,7,Fri,2,8.32,True,1,50,284,350,0.812,2438.47
British Airways,DXB,NRT,7900,6,Thu,16,5.18,True,0,0,302,350,0.864,3615.97
Emirates,DXB,LHR,5500,6,Sat,6,2.82,True,1,147,307,350,0.877,3207.09
Turkish Airlines,DXB,FRA,4800,9,Mon,12,5.56,False,0,0,183,350,0.524,2366.56
Emirates,DXB,BOM,1900,5,Tue,13,5.68,False,0,0,227,350,0.649,2166.47
Singapore Airlines,DXB,BKK,4900,2,Fri,18,5.99,False,0,0,218,350,0.624,2583.93
British Airways,DXB,JNB,6400,5,Sat,7,3.19,False,0,0,257,350,0.737,3061.6
British Airways,DXB,FRA,4800,6,Tue,16,4.36,True,0,0,306,350,0.874,3073.02
Qatar Airways,DXB,SYD,12000,10,Tue,16,8.52,False,0,0,208,350,0.596,3588.75
Qatar Airways,DXB,JNB,6400,11,Tue,21,7.75,False,0,0,308,350,0.881,3381.35
Emirates,DXB,BOM,1900,9,Mon,15,3.57,False,0,0,157,350,0.449,1833.65
Qatar Airways,DXB,CDG,5200,5,Fri,16,2.52,False,1,35,240,350,0.687,2759.5
Singapore Airlines,DXB,LHR,5500,7,Tue,15,5.26,True,0,0,295,350,0.844,3137.67
Singapore Airlines,DXB,BOM,1900,11,Wed,18,10.0,False,0,0,255,350,0.731,2303.18
Singapore Airlines,DXB,BOM,1900,10,Mon,12,9.27,False,0,0,188,350,0.54,1984.91
Turkish Airlines,DXB,NRT,7900,10,Tue,17,6.03,False,0,0,259,350,0.742,3324.89
Singapore Airlines,DXB,LHR,5500,11,Wed,1,6.77,False,0,0,212,350,0.608,2641.91
Turkish Airlines,DXB,SIN,5900,5,Thu,18,4.83,False,1,30,182,350,0.52,2514.14
Etihad,DXB,CDG,5200,11,Fri,14,7.38,False,0,0,292,350,0.836,3067.15
Etihad,DXB,BOM,1900,11,Sun,10,6.66,False,0,0,220,350,0.629,2133.04
Etihad,DXB,CDG,5200,2,Sat,2,5.17,False,1,19,334,350,0.956,3314.04
British Airways,DXB,SYD,12000,10,Fri,4,4.19,False,0,0,220,350,0.63,3687.1
Singapore Airlines,DXB,JFK,11000,2,Tue,21,4.26,False,0,0,196,350,0.562,3344.15
Turkish Airlines,DXB,BOM,1900,11,Thu,10,7.54,False,0,0,218,350,0.623,2123.31
Qatar Airways,DXB,CDG,5200,4,Sun,7,7.56,False,1,19,258,350,0.737,2863.24
Emirates,DXB,JFK,11000,11,Tue,21,7.81,False,0,0,232,350,0.663,3624.12
Emirates,DXB,JFK,11000,6,Wed,23,7.83,True,0,0,294,350,0.84,4112.52
British Airways,DXB,BKK,4900,1,Mon,13,5.18,True,0,0,278,350,0.795,2929.51
Qatar Airways,DXB,NRT,7900,1,Fri,9,6.37,True,0,0,322,350,0.923,3755.78
Qatar Airways,DXB,SIN,5900,7,Thu,6,5.64,True,0,0,277,350,0.792,3096.99
Emirates,DXB,LHR,5500,9,Thu,8,6.9,False,0,0,206,350,0.589,2601.97
Etihad,DXB,NRT,7900,1,Sun,10,4.13,True,0,0,286,350,0.82,3510.1
Emirates,DXB,SYD,12000,8,Mon,9,5.3,False,0,0,284,350,0.813,4214.05
Qatar Airways,DXB,NRT,7900,9,Tue,1,5.22,False,0,0,199,350,0.571,2916.16
Etihad,DXB,BOM,1900,10,Wed,18,4.27,False,0,0,298,350,0.853,2507.6
Qatar Airways,DXB,FRA,4800,3,Mon,0,7.32,False,0,0,164,350,0.469,2256.29
Emirates,DXB,SIN,5900,11,Tue,10,6.23,False,0,0,212,350,0.607,2699.6
Singapore Airlines,DXB,SIN,5900,11,Mon,12,5.72,False,1,49,266,350,0.762,3033.87
Emirates,DXB,SYD,12000,2,Mon,7,2.49,False,0,0,192,350,0.551,3458.48
Emirates,DXB,CDG,5200,7,Fri,15,4.29,True,0,0,350,350,1.0,3405.6
Singapore Airlines,DXB,SYD,12000,2,Thu,1,3.16,False,0,0,284,350,0.813,4212.67
Emirates,DXB,NRT,7900,2,Wed,21,5.02,False,0,0,150,350,0.43,2578.28
Emirates,DXB,LHR,5500,8,Sun,20,4.87,False,0,0,211,350,0.603,2631.18
Etihad,DXB,BKK,4900,9,Thu,23,2.86,False,0,0,144,350,0.414,2156.98
British Airways,DXB,SIN,5900,1,Sat,14,3.81,True,1,51,320,350,0.915,3362.39
Etihad,DXB,JFK,11000,11,Mon,13,6.66,False,0,0,232,350,0.664,3625.8
Emirates,DXB,CDG,5200,8,Thu,4,4.43,False,0,0,219,350,0.628,2637.59
Qatar Airways,DXB,CDG,5200,6,Fri,14,2.55,True,1,17,287,350,0.822,3039.0
Qatar Airways,DXB,FRA,4800,1,Mon,7,3.43,True,0,0,309,350,0.885,3094.87
Qatar Airways,DXB,BOM,1900,8,Fri,15,5.31,False,0,0,240,350,0.688,2231.85
Etihad,DXB,NRT,7900,1,Sun,22,5.62,True,1,28,350,350,1.0,3940.2
Singapore Airlines,DXB,BKK,4900,8,Wed,20,2.41,False,0,0,218,350,0.624,2584.13
Qatar Airways,DXB,CDG,5200,12,Fri,16,5.32,True,0,0,350,350,1.0,3405.6
Qatar Airways,DXB,BKK,4900,5,Sun,20,5.77,False,0,0,286,350,0.819,2980.14
Etihad,DXB,BOM,1900,12,Tue,12,5.27,True,0,0,266,350,0.762,2355.47
Qatar Airways,DXB,JFK,11000,7,Thu,6,3.45,True,0,0,253,350,0.725,3795.57
Etihad,DXB,SIN,5900,11,Sat,16,5.73,False,0,0,307,350,0.877,3280.87
Emirates,DXB,JNB,6400,9,Tue,0,2.99,False,0,0,248,350,0.71,3003.82
Qatar Airways,DXB,BOM,1900,1,Wed,9,6.33,True,0,0,314,350,0.897,2580.8
British Airways,DXB,JFK,11000,2,Fri,13,8.37,False,1,56,232,350,0.663,3623.69
Turkish Airlines,DXB,SIN,5900,8,Sun,8,3.51,False,1,18,248,350,0.71,2921.16
Emirates,DXB,NRT,7900,10,Tue,18,7.22,False,0,0,229,350,0.655,3115.17
Qatar Airways,DXB,JNB,6400,12,Sat,23,2.95,True,1,47,349,350,0.997,3637.35
Emirates,DXB,LHR,5500,3,Sat,16,5.85,False,0,0,229,350,0.655,2740.47
Singapore Airlines,DXB,LHR,5500,3,Mon,10,7.34,False,0,0,179,350,0.512,2439.22
Emirates,DXB,JNB,6400,9,Tue,7,5.0,False,1,16,201,350,0.576,2706.5
Qatar Airways,DXB,JFK,11000,7,Mon,20,6.11,True,0,0,350,350,1.0,4554.0
Singapore Airlines,DXB,SYD,12000,9,Wed,10,6.52,False,0,0,184,350,0.527,3389.92
Emirates,DXB,LHR,5500,10,Fri,1,4.82,False,0,0,214,350,0.614,2654.56
Qatar Airways,DXB,SYD,12000,1,Wed,0,5.72,True,0,0,313,350,0.895,4448.82
Emirates,DXB,SYD,12000,3,Fri,10,7.26,False,0,0,254,350,0.729,3970.18
British Airways,DXB,LHR,5500,7,Sun,10,6.06,True,0,0,325,350,0.929,3315.35
Emirates,DXB,SIN,5900,3,Tue,8,5.59,False,0,0,253,350,0.724,2951.74
Singapore Airlines,DXB,CDG,5200,6,Sat,21,8.11,True,0,0,350,350,1.0,3405.6
Emirates,DXB,BKK,4900,8,Mon,7,7.82,False,0,0,215,350,0.617,2568.85
Singapore Airlines,DXB,LHR,5500,7,Sun,8,3.07,True,1,20,305,350,0.873,3198.39
Qatar Airways,DXB,CDG,5200,1,Wed,9,5.2,True,0,0,349,350,0.999,3402.62
Singapore Airlines,DXB,NRT,7900,2,Mon,7,8.08,False,0,0,202,350,0.578,2932.7
Singapore Airlines,DXB,JFK,11000,9,Sun,5,6.37,False,0,0,267,350,0.765,3906.69
Emirates,DXB,BKK,4900,11,Tue,21,7.13,False,0,0,241,350,0.689,2714.99
Singapore Airlines,DXB,BOM,1900,5,Sat,8,4.54,False,0,0,298,350,0.854,2508.48
Emirates,DXB,CDG,5200,6,Sat,19,4.81,True,0,0,278,350,0.797,2986.82
Qatar Airways,DXB,BOM,1900,7,Wed,9,2.1,True,0,0,306,350,0.877,2546.87
Etihad,DXB,JFK,11000,11,Thu,2,3.55,False,1,170,287,350,0.82,4058.5
Emirates,DXB,NRT,7900,4,Sun,11,8.8,False,0,0,280,350,0.802,3467.92
Qatar Airways,DXB,NRT,7900,7,Wed,7,6.17,True,0,0,230,350,0.66,3127.45
Qatar Airways,DXB,BKK,4900,2,Thu,14,2.24,False,0,0,173,350,0.497,2325.22
Emirates,DXB,SYD,12000,10,Thu,22,5.47,False,0,0,266,350,0.761,4063.47
Emirates,DXB,BOM,1900,2,Tue,14,3.07,False,1,19,235,350,0.674,2208.1
Etihad,DXB,BOM,1900,2,Mon,1,4.44,False,0,0,149,350,0.427,1796.78
British Airways,DXB,NRT,7900,12,Wed,2,5.71,True,0,0,303,350,0.868,3624.14
Singapore Airlines,DXB,JNB,6400,2,Thu,13,5.58,False,0,0,234,350,0.67,2914.33
Emirates,DXB,SIN,5900,2,Fri,0,2.99,False,1,32,289,350,0.827,3172.66
Emirates,DXB,JNB,6400,3,Fri,21,7.39,False,0,0,230,350,0.659,2891.24
Turkish Airlines,DXB,CDG,5200,11,Sat,19,7.09,False,1,102,231,350,0.661,2705.51
Etihad,DXB,JNB,6400,2,Fri,16,7.88,False,0,0,220,350,0.631,2827.52
British Airways,DXB,SIN,5900,2,Sat,23,6.05,False,0,0,295,350,0.846,3212.76
Emirates,DXB,FRA,4800,4,Tue,17,3.06,False,0,0,323,350,0.924,3173.39
Turkish Airlines,DXB,SIN,5900,10,Fri,22,6.03,False,0,0,277,350,0.793,3099.33
Emirates,DXB,BOM,1900,7,Mon,23,4.63,True,0,0,257,350,0.735,2309.72
Emirates,DXB,CDG,5200,6,Sat,15,7.5,True,0,0,342,350,0.979,3361.57
Qatar Airways,DXB,BKK,4900,6,Thu,23,5.82,True,0,0,315,350,0.902,3148.41
Etihad,DXB,BOM,1900,5,Fri,15,4.01,False,0,0,204,350,0.585,2059.53
Qatar Airways,DXB,CDG,5200,5,Thu,13,3.55,False,0,0,192,350,0.551,2479.39
Emirates,DXB,LHR,5500,1,Mon,21,5.2,True,0,0,292,350,0.835,3117.83
Turkish Airlines,DXB,BKK,4900,2,Mon,12,3.62,False,0,0,208,350,0.597,2529.05
British Airways,DXB,BOM,1900,7,Thu,20,5.52,True,1,65,323,350,0.925,2626.69
Emirates,DXB,CDG,5200,8,Fri,10,7.4,False,0,0,265,350,0.759,2908.53
Emirates,DXB,NRT,7900,5,Sun,16,5.93,False,0,0,285,350,0.816,3501.17
Emirates,DXB,NRT,7900,1,Fri,22,5.43,True,0,0,350,350,1.0,3940.2
Qatar Airways,DXB,BOM,1900,3,Thu,1,7.31,False,0,0,277,350,0.792,2404.9
Etihad,DXB,BKK,4900,5,Fri,9,6.61,False,0,0,233,350,0.667,2670.17
British Airways,DXB,FRA,4800,4,Sat,2,3.43,False,0,0,209,350,0.598,2516.63
Emirates,DXB,SYD,12000,8,Sat,3,3.58,False,0,0,263,350,0.752,4037.59
Singapore Airlines,DXB,JNB,6400,3,Sat,17,6.02,False,0,0,303,350,0.867,3348.56
Qatar Airways,DXB,JNB,6400,9,Mon,0,6.8,False,0,0,176,350,0.505,2549.2
Emirates,DXB,JNB,6400,12,Fri,21,6.16,True,0,0,350,350,1.0,3643.2
Etihad,DXB,FRA,4800,4,Fri,23,7.3,False,0,0,271,350,0.775,2873.04
Qatar Airways,DXB,BOM,1900,5,Mon,6,6.2,False,1,108,199,350,0.571,2036.12
British Airways,DXB,CDG,5200,1,Fri,22,4.98,True,0,0,341,350,0.975,3354.64
Emirates,DXB,JFK,11000,2,Mon,15,1.47,False,0,0,237,350,0.679,3667.01
Qatar Airways,DXB,JFK,11000,4,Tue,18,5.53,False,0,0,237,350,0.678,3664.41
British Airways,DXB,JNB,6400,7,Fri,6,5.02,True,0,0,262,350,0.75,3091.32
Etihad,DXB,SYD,12000,7,Thu,20,4.71,True,0,0,285,350,0.815,4218.86
Qatar Airways,DXB,CDG,5200,5,Sun,14,5.19,False,0,0,244,350,0.698,2781.93
Etihad,DXB,BKK,4900,7,Fri,19,7.28,True,0,0,350,350,1.0,3346.2
Emirates,DXB,BKK,4900,8,Thu,12,6.52,False,0,0,261,350,0.746,2830.61
Etihad,DXB,FRA,4800,5,Tue,11,2.28,False,0,0,251,350,0.718,2757.87
Emirates,DXB,JFK,11000,5,Tue,21,3.72,False,1,23,258,350,0.737,3829.39
Qatar Airways,DXB,NRT,7900,4,Wed,6,6.67,False,1,45,223,350,0.638,3075.37
Emirates,DXB,BKK,4900,5,Tue,15,4.89,False,0,0,199,350,0.57,2475.14
Emirates,DXB,LHR,5500,10,Mon,13,7.54,False,0,0,225,350,0.645,2718.75
Etihad,DXB,SYD,12000,4,Tue,20,5.35,False,1,51,303,350,0.866,4367.34
British Airways,DXB,BKK,4900,10,Sun,14,6.69,False,0,0,230,350,0.66,2655.67
Emirates,DXB,FRA,4800,4,Mon,18,4.46,False,0,0,224,350,0.641,2602.41
Qatar Airways,DXB,CDG,5200,8,Sat,13,5.27,False,0,0,294,350,0.842,3079.15
Qatar Airways,DXB,JFK,11000,6,Tue,13,3.52,True,0,0,293,350,0.838,4106.98
Emirates,DXB,CDG,5200,5,Thu,17,3.85,False,1,91,199,350,0.569,2516.05
Emirates,DXB,BKK,4900,12,Fri,14,2.45,True,0,0,333,350,0.953,3250.19
Emirates,DXB,SYD,12000,2,Tue,15,5.78,False,0,0,271,350,0.775,4102.7
Turkish Airlines,DXB,BKK,4900,4,Sat,1,8.41,False,0,0,234,350,0.669,2674.81
Emirates,DXB,NRT,7900,12,Mon,22,4.3,True,0,0,221,350,0.632,3061.33
Emirates,DXB,LHR,5500,5,Wed,16,5.0,False,1,31,198,350,0.566,2553.33
Etihad,DXB,JNB,6400,3,Wed,22,5.24,False,0,0,290,350,0.829,3266.73
Turkish Airlines,DXB,BKK,4900,4,Fri,20,7.93,False,0,0,350,350,1.0,3346.2
Singapore Airlines,DXB,NRT,7900,5,Sun,16,3.45,False,0,0,194,350,0.556,2881.06
Singapore Airlines,DXB,JNB,6400,6,Thu,21,5.21,True,1,16,345,350,0.986,3612.59
Emirates,DXB,FRA,4800,5,Fri,6,5.99,False,0,0,250,350,0.716,2754.67
British Airways,DXB,CDG,5200,12,Sat,20,5.26,True,0,0,244,350,0.699,2784.55
Qatar Airways,DXB,SYD,12000,5,Sun,18,4.76,False,1,168,178,350,0.509,3338.94
Emirates,DXB,BKK,4900,9,Sun,15,5.62,False,0,0,227,350,0.65,2637.05
Emirates,DXB,CDG,5200,7,Sun,7,5.24,True,0,0,288,350,0.824,3042.41
Singapore Airlines,DXB,JFK,11000,3,Thu,5,8.28,False,1,22,191,350,0.547,3303.14
Etihad,DXB,FRA,4800,9,Tue,18,5.96,False,0,0,227,350,0.649,2618.29
Singapore Airlines,DXB,BOM,1900,11,Wed,1,7.98,False,1,125,226,350,0.647,2163.48
Singapore Airlines,DXB,LHR,5500,12,Fri,1,4.59,True,0,0,350,350,1.0,3465.0
Emirates,DXB,BKK,4900,4,Wed,1,9.48,False,1,28,250,350,0.716,2770.01
Singapore Airlines,DXB,SYD,12000,1,Sun,8,5.96,True,0,0,321,350,0.918,4515.06
Emirates,DXB,CDG,5200,4,Thu,11,7.46,False,1,66,228,350,0.653,2690.32
Emirates,DXB,CDG,5200,11,Wed,21,9.05,False,0,0,244,350,0.698,2782.85
Emirates,DXB,JFK,11000,7,Wed,7,4.2,True,0,0,308,350,0.881,4226.11
Singapore Airlines,DXB,BOM,1900,6,Sat,1,4.71,True,1,83,350,350,1.0,2752.2
Singapore Airlines,DXB,SIN,5900,1,Fri,23,4.28,True,0,0,325,350,0.93,3394.27
Singapore Airlines,DXB,LHR,5500,1,Tue,11,5.12,True,0,0,287,350,0.82,3087.63
Emirates,DXB,CDG,5200,8,Sat,4,2.95,False,0,0,257,350,0.736,2859.76
Singapore Airlines,DXB,JNB,6400,7,Thu,18,5.9,True,1,62,300,350,0.858,3329.81
Etihad,DXB,NRT,7900,11,Mon,16,9.82,False,0,0,185,350,0.53,2817.64
Emirates,DXB,BKK,4900,5,Wed,20,4.89,False,0,0,244,350,0.697,2732.1
Qatar Airways,DXB,BKK,4900,8,Wed,2,4.43,False,0,0,212,350,0.607,2548.47
Qatar Airways,DXB,BKK,4900,1,Tue,4,4.55,True,0,0,279,350,0.797,2935.21
Singapore Airlines,DXB,LHR,5500,3,Wed,7,6.89,False,0,0,190,350,0.544,2507.92
Emirates,DXB,JNB,6400,10,Tue,7,5.55,False,0,0,218,350,0.624,2813.12
Qatar Airways,DXB,JNB,6400,4,Sat,8,7.13,False,0,0,255,350,0.731,3049.97
Turkish Airlines,DXB,BKK,4900,1,Sat,16,7.78,True,0,0,272,350,0.779,2899.02
Singapore Airlines,DXB,FRA,4800,6,Mon,11,5.67,True,0,0,303,350,0.868,3060.93
Singapore Airlines,DXB,SYD,12000,7,Sat,8,4.54,True,0,0,350,350,1.0,4752.0
Turkish Airlines,DXB,CDG,5200,4,Tue,8,6.46,False,0,0,189,350,0.54,2456.6
Singapore Airlines,DXB,CDG,5200,9,Sat,15,3.92,False,0,0,287,350,0.821,3035.94
Etihad,DXB,CDG,5200,2,Thu,15,3.49,False,1,17,204,350,0.584,2546.11
Emirates,DXB,FRA,4800,1,Tue,17,6.48,True,1,29,327,350,0.936,3196.39
British Airways,DXB,BKK,4900,5,Wed,11,3.35,False,0,0,242,350,0.694,2725.97
Emirates,DXB,SYD,12000,9,Sat,21,1.94,False,1,160,285,350,0.815,4220.45
Emirates,DXB,CDG,5200,12,Tue,2,5.25,True,0,0,293,350,0.84,3075.05
Emirates,DXB,FRA,4800,3,Sat,15,4.91,False,0,0,252,350,0.722,2766.92
Qatar Airways,DXB,NRT,7900,7,Thu,16,3.85,True,1,25,337,350,0.966,3858.0
Singapore Airlines,DXB,CDG,5200,2,Sun,12,2.81,False,0,0,230,350,0.659,2702.62
British Airways,DXB,JNB,6400,10,Thu,20,5.53,False,0,0,217,350,0.623,2810.34
Etihad,DXB,SIN,5900,9,Sat,21,3.81,False,0,0,233,350,0.666,2827.08
Emirates,DXB,CDG,5200,5,Mon,19,7.2,False,1,128,201,350,0.576,2530.45
Etihad,DXB,JFK,11000,10,Fri,16,6.21,False,0,0,196,350,0.561,3341.37
Turkish Airlines,DXB,SIN,5900,3,Wed,9,7.56,False,0,0,209,350,0.599,2681.79
Singapore Airlines,DXB,FRA,4800,8,Tue,23,3.94,False,0,0,280,350,0.801,2924.45
Emirates,DXB,CDG,5200,11,Sat,23,8.24,False,0,0,340,350,0.973,3348.89
British Airways,DXB,BOM,1900,7,Mon,11,4.87,True,0,0,338,350,0.966,2695.93
Singapore Airlines,DXB,BOM,1900,11,Wed,13,6.88,False,0,0,188,350,0.538,1981.53
Emirates,DXB,NRT,7900,2,Tue,19,8.33,False,1,25,237,350,0.68,3175.04
Emirates,DXB,BKK,4900,9,Wed,4,5.11,False,0,0,231,350,0.661,2658.57
Singapore Airlines,DXB,SIN,5900,1,Wed,5,6.12,True,0,0,233,350,0.667,2828.36
British Airways,DXB,CDG,5200,7,Thu,11,3.08,True,1,31,319,350,0.913,3226.81
Emirates,DXB,LHR,5500,12,Wed,3,7.3,True,0,0,305,350,0.872,3195.69
British Airways,DXB,SIN,5900,11,Fri,20,6.16,False,0,0,217,350,0.622,2732.79
Emirates,DXB,SIN,5900,4,Fri,6,6.95,False,0,0,295,350,0.843,3207.08
Etihad,DXB,LHR,5500,4,Sun,14,7.59,False,0,0,251,350,0.718,2873.83
Emirates,DXB,CDG,5200,1,Sun,3,3.77,True,0,0,316,350,0.905,3210.1
Qatar Airways,DXB,SIN,5900,8,Sun,6,5.97,False,0,0,305,350,0.873,3271.67
Emirates,DXB,JNB,6400,8,Tue,7,6.39,False,0,0,186,350,0.534,2613.82
Emirates,DXB,BOM,1900,4,Tue,10,6.74,False,0,0,313,350,0.896,2578.29
Singapore Airlines,DXB,CDG,5200,2,Sun,4,4.32,False,0,0,259,350,0.74,2869.18
Turkish Airlines,DXB,NRT,7900,8,Thu,10,5.41,False,0,0,264,350,0.756,3358.32
Singapore Airlines,DXB,JFK,11000,6,Mon,23,4.15,True,0,0,300,350,0.858,4163.22
Turkish Airlines,DXB,FRA,4800,4,Tue,7,6.53,False,1,19,201,350,0.576,2470.98
Emirates,DXB,NRT,7900,1,Sun,9,6.56,True,0,0,319,350,0.912,3729.68
Turkish Airlines,DXB,NRT,7900,4,Sun,4,5.22,False,0,0,226,350,0.647,3098.34
Etihad,DXB,JNB,6400,5,Thu,2,2.55,False,0,0,189,350,0.542,2631.8
Emirates,DXB,LHR,5500,2,Tue,10,5.47,False,0,0,237,350,0.68,2792.29
Turkish Airlines,DXB,LHR,5500,2,Tue,21,4.46,False,0,0,265,350,0.76,2960.45
British Airways,DXB,NRT,7900,3,Thu,20,7.49,False,0,0,238,350,0.68,3176.99
Emirates,DXB,LHR,5500,8,Tue,1,4.02,False,0,0,244,350,0.7,2834.29
Singapore Airlines,DXB,JNB,6400,6,Wed,13,5.53,True,1,45,347,350,0.993,3628.8
Turkish Airlines,DXB,BOM,1900,12,Fri,9,3.54,True,1,36,315,350,0.902,2589.35
Singapore Airlines,DXB,FRA,4800,11,Sat,11,5.81,False,0,0,262,350,0.75,2823.22
Turkish Airlines,DXB,JNB,6400,10,Sat,5,6.15,False,0,0,221,350,0.633,2833.64
Etihad,DXB,BOM,1900,3,Sun,10,5.76,False,0,0,256,350,0.733,2306.45
Etihad,DXB,JFK,11000,8,Mon,1,3.07,False,1,127,261,350,0.746,3852.6
Emirates,DXB,FRA,4800,2,Thu,5,5.78,False,0,0,216,350,0.62,2560.2
Singapore Airlines,DXB,BOM,1900,3,Tue,1,7.95,False,0,0,181,350,0.518,1947.45
Emirates,DXB,JFK,11000,8,Sun,10,7.1,False,1,50,293,350,0.838,4106.39
Etihad,DXB,JNB,6400,3,Fri,9,7.73,False,1,31,266,350,0.762,3117.95
Qatar Airways,DXB,BOM,1900,9,Sun,19,8.64,False,0,0,306,350,0.876,2545.62
Singapore Airlines,DXB,SIN,5900,5,Fri,3,2.76,False,1,107,223,350,0.638,2765.84
Emirates,DXB,BKK,4900,11,Wed,9,5.1,False,0,0,164,350,0.471,2273.08
Qatar Airways,DXB,NRT,7900,7,Thu,23,4.4,True,0,0,235,350,0.672,3158.12
Etihad,DXB,NRT,7900,6,Sun,22,5.82,True,0,0,292,350,0.835,3545.21
Singapore Airlines,DXB,JNB,6400,5,Fri,9,5.05,False,0,0,301,350,0.862,3339.37
Emirates,DXB,BOM,1900,6,Sat,1,3.22,True,0,0,350,350,1.0,2752.2
Qatar Airways,DXB,JFK,11000,1,Tue,2,4.71,True,1,27,243,350,0.695,3711.11
Emirates,DXB,LHR,5500,6,Fri,12,4.42,True,0,0,350,350,1.0,3465.0
Emirates,DXB,NRT,7900,10,Fri,14,8.27,False,0,0,241,350,0.69,3199.24
Singapore Airlines,DXB,BOM,1900,6,Mon,19,4.73,True,1,38,309,350,0.883,2557.04
British Airways,DXB,BKK,4900,11,Tue,22,6.76,False,0,0,139,350,0.397,2123.97
Qatar Airways,DXB,SIN,5900,4,Sun,23,7.07,False,1,63,306,350,0.877,3279.25
Qatar Airways,DXB,JNB,6400,10,Sun,18,6.19,False,0,0,274,350,0.783,3163.79
British Airways,DXB,SIN,5900,11,Sun,15,4.52,False,0,0,179,350,0.513,2497.35
Emirates,DXB,NRT,7900,11,Wed,1,7.23,False,0,0,257,350,0.736,3309.06
Singapore Airlines,DXB,JFK,11000,5,Thu,22,2.71,False,0,0,160,350,0.457,3055.89
Emirates,DXB,SYD,12000,7,Thu,16,5.75,True,0,0,310,350,0.887,4425.65
Etihad,DXB,FRA,4800,10,Tue,8,8.82,False,0,0,270,350,0.772,2866.97
Turkish Airlines,DXB,JFK,11000,6,Sat,8,4.79,True,0,0,343,350,0.983,4506.05
British Airways,DXB,FRA,4800,6,Sun,11,2.2,True,0,0,348,350,0.996,3317.41
Etihad,DXB,SYD,12000,6,Wed,8,5.44,True,0,0,333,350,0.952,4615.08
Emirates,DXB,FRA,4800,5,Thu,16,3.01,False,0,0,276,350,0.789,2900.45
Etihad,DXB,SIN,5900,8,Sun,20,7.09,False,0,0,224,350,0.641,2772.94
Turkish Airlines,DXB,SYD,12000,6,Tue,20,5.24,True,0,0,350,350,1.0,4752.0
Emirates,DXB,FRA,4800,12,Tue,7,6.19,True,0,0,265,350,0.758,2837.89
Emirates,DXB,LHR,5500,3,Fri,22,5.94,False,0,0,270,350,0.774,2990.27
Turkish Airlines,DXB,BOM,1900,7,Sat,15,3.7,True,0,0,312,350,0.894,2575.59
Singapore Airlines,DXB,NRT,7900,3,Sun,16,6.9,False,0,0,193,350,0.553,2872.07
Singapore Airlines,DXB,FRA,4800,2,Sat,23,5.54,False,1,41,261,350,0.746,2813.85
Qatar Airways,DXB,CDG,5200,3,Sun,10,8.39,False,0,0,236,350,0.675,2734.92
Turkish Airlines,DXB,JNB,6400,11,Sun,11,7.45,False,1,40,226,350,0.647,2864.87
British Airways,DXB,BOM,1900,9,Sat,9,4.15,False,0,0,292,350,0.836,2478.32
Emirates,DXB,SIN,5900,7,Mon,16,8.1,True,0,0,261,350,0.747,3001.58
Qatar Airways,DXB,JFK,11000,12,Fri,22,3.02,True,0,0,304,350,0.869,4193.68
British Airways,DXB,NRT,7900,12,Sat,19,4.31,True,0,0,308,350,0.882,3658.64
Emirates,DXB,FRA,4800,7,Sat,19,2.61,True,0,0,350,350,1.0,3326.4
Singapore Airlines,DXB,SIN,5900,10,Sat,2,5.65,False,0,0,239,350,0.684,2865.13
Etihad,DXB,BKK,4900,10,Mon,16,5.35,False,1,85,215,350,0.616,2568.28
Qatar Airways,DXB,FRA,4800,4,Mon,2,6.43,False,0,0,173,350,0.496,2311.12
Emirates,DXB,FRA,4800,12,Sun,10,6.0,True,0,0,326,350,0.932,3188.94
Emirates,DXB,FRA,4800,3,Tue,6,10.0,False,0,0,182,350,0.521,2359.75
Emirates,DXB,LHR,5500,5,Tue,6,5.43,False,0,0,308,350,0.88,3213.27
Singapore Airlines,DXB,SIN,5900,5,Tue,13,6.28,False,0,0,272,350,0.778,3068.29
Singapore Airlines,DXB,SIN,5900,12,Sun,20,1.84,True,1,32,350,350,1.0,3544.2
Emirates,DXB,SIN,5900,8,Thu,1,4.39,False,0,0,220,350,0.631,2752.15
Emirates,DXB,CDG,5200,9,Fri,15,6.8,False,0,0,265,350,0.76,2909.58
Etihad,DXB,JFK,11000,10,Wed,20,8.19,False,0,0,277,350,0.792,3978.6
British Airways,DXB,LHR,5500,3,Mon,17,8.76,False,0,0,256,350,0.734,2906.66
Emirates,DXB,FRA,4800,7,Sat,1,4.96,True,1,34,302,350,0.863,3050.19
Etihad,DXB,SYD,12000,6,Fri,16,2.57,True,0,0,336,350,0.961,4639.24
Singapore Airlines,DXB,SIN,5900,7,Tue,12,6.38,True,0,0,295,350,0.844,3209.1
Singapore Airlines,DXB,SIN,5900,7,Mon,8,4.95,True,1,23,350,350,1.0,3544.2
Turkish Airlines,DXB,FRA,4800,11,Wed,5,8.22,False,0,0,291,350,0.832,2986.92
Emirates,DXB,BOM,1900,7,Tue,21,4.78,True,0,0,293,350,0.839,2482.96
British Airways,DXB,NRT,7900,7,Sat,13,4.02,True,0,0,350,350,1.0,3940.2
Emirates,DXB,BOM,1900,5,Mon,16,5.66,False,0,0,288,350,0.823,2457.5
Emirates,DXB,BKK,4900,5,Sat,13,5.31,False,1,25,308,350,0.881,3104.79
British Airways,DXB,CDG,5200,9,Tue,14,4.17,False,0,0,189,350,0.54,2457.08
Qatar Airways,DXB,JNB,6400,8,Thu,9,7.43,False,0,0,260,350,0.745,3081.0
Singapore Airlines,DXB,SIN,5900,10,Fri,13,6.73,False,1,35,312,350,0.892,3311.73
Etihad,DXB,NRT,7900,12,Fri,11,4.22,True,0,0,335,350,0.957,3838.56
Etihad,DXB,NRT,7900,3,Wed,16,4.97,False,1,108,276,350,0.79,3437.53
Emirates,DXB,NRT,7900,2,Fri,15,5.38,False,1,16,297,350,0.851,3583.96
Singapore Airlines,DXB,JFK,11000,10,Thu,2,8.16,False,0,0,213,350,0.61,3478.1
Etihad,DXB,CDG,5200,4,Wed,16,5.13,False,0,0,189,350,0.543,2461.58
Emirates,DXB,JFK,11000,10,Wed,14,8.66,False,0,0,211,350,0.604,3460.77
Etihad,DXB,NRT,7900,3,Mon,0,4.29,False,0,0,144,350,0.413,2538.31
Singapore Airlines,DXB,LHR,5500,6,Sun,16,2.55,True,0,0,348,350,0.995,3455.53
Emirates,DXB,SYD,12000,4,Tue,21,8.29,False,0,0,196,350,0.56,3485.96
Etihad,DXB,LHR,5500,9,Wed,2,5.04,False,0,0,207,350,0.593,2611.19
Turkish Airlines,DXB,JFK,11000,12,Sat,9,5.64,True,0,0,350,350,1.0,4554.0
Singapore Airlines,DXB,LHR,5500,2,Tue,10,5.28,False,0,0,206,350,0.59,2604.98
British Airways,DXB,JFK,11000,4,Thu,13,6.57,False,1,52,231,350,0.661,3618.79
Qatar Airways,DXB,FRA,4800,2,Mon,10,5.19,False,0,0,236,350,0.677,2675.45
Emirates,DXB,SYD,12000,2,Sun,15,4.99,False,0,0,247,350,0.707,3908.05
Emirates,DXB,BOM,1900,6,Tue,2,5.99,True,1,21,271,350,0.776,2379.14
Turkish Airlines,DXB,JNB,6400,5,Tue,17,6.02,False,0,0,262,350,0.751,3093.12
British Airways,DXB,JFK,11000,1,Sat,13,4.3,True,0,0,350,350,1.0,4554.0
Emirates,DXB,FRA,4800,7,Fri,15,2.79,True,0,0,321,350,0.918,3161.95
Etihad,DXB,SYD,12000,5,Wed,23,5.14,False,1,37,236,350,0.675,3815.89
Qatar Airways,DXB,SIN,5900,4,Fri,17,4.3,False,1,126,154,350,0.442,2346.51
Emirates,DXB,LHR,5500,7,Sun,23,5.01,True,1,39,327,350,0.937,3332.66
British Airways,DXB,BOM,1900,11,Sun,6,7.43,False,1,47,245,350,0.701,2253.07
Turkish Airlines,DXB,JFK,11000,4,Mon,6,4.74,False,0,0,270,350,0.774,3929.9
Qatar Airways,DXB,FRA,4800,7,Sun,1,5.9,True,0,0,347,350,0.994,3313.59
Emirates,DXB,SIN,5900,6,Thu,23,2.48,True,0,0,262,350,0.75,3006.89
Turkish Airlines,DXB,SIN,5900,9,Sat,13,5.55,False,0,0,303,350,0.868,3261.66
Etihad,DXB,FRA,4800,5,Thu,16,6.12,False,0,0,254,350,0.726,2774.83
Emirates,DXB,LHR,5500,2,Sun,4,4.3,False,0,0,228,350,0.652,2735.24
Etihad,DXB,JNB,6400,9,Tue,6,5.26,False,0,0,222,350,0.635,2838.25
Emirates,DXB,JNB,6400,2,Thu,11,4.83,False,0,0,276,350,0.789,3177.65
Etihad,DXB,NRT,7900,6,Fri,16,4.66,True,0,0,324,350,0.926,3763.19
Qatar Airways,DXB,SIN,5900,11,Mon,18,7.63,False,0,0,178,350,0.509,2489.0
Emirates,DXB,BKK,4900,5,Tue,7,4.16,False,0,0,256,350,0.734,2807.0
Etihad,DXB,FRA,4800,1,Wed,10,4.23,True,1,93,298,350,0.854,3032.33
Qatar Airways,DXB,SYD,12000,7,Wed,15,5.83,True,0,0,299,350,0.856,4338.48
Singapore Airlines,DXB,BOM,1900,3,Mon,13,6.92,False,0,0,291,350,0.834,2475.39
Emirates,DXB,BOM,1900,8,Tue,12,4.54,False,0,0,273,350,0.782,2388.47
Emirates,DXB,JNB,6400,1,Fri,17,3.53,True,0,0,296,350,0.846,3303.9
Turkish Airlines,DXB,CDG,5200,11,Fri,9,5.95,False,0,0,143,350,0.409,2186.4
Etihad,DXB,FRA,4800,1,Mon,14,6.01,True,0,0,270,350,0.771,2865.67
Emirates,DXB,NRT,7900,4,Thu,7,9.31,False,1,61,240,350,0.688,3194.77
Qatar Airways,DXB,CDG,5200,12,Tue,8,4.2,True,0,0,298,350,0.853,3101.71
Singapore Airlines,DXB,NRT,7900,7,Fri,15,4.37,True,0,0,269,350,0.77,3389.82
Qatar Airways,DXB,FRA,4800,10,Tue,12,8.03,False,0,0,161,350,0.461,2240.03
Turkish Airlines,DXB,FRA,4800,7,Thu,16,5.42,True,0,0,342,350,0.979,3283.89
Singapore Airlines,DXB,JNB,6400,5,Sun,17,5.5,False,0,0,266,350,0.76,3114.18
Turkish Airlines,DXB,BKK,4900,9,Mon,3,4.61,False,0,0,285,350,0.817,2975.05
Emirates,DXB,JNB,6400,8,Sat,14,2.61,False,1,67,235,350,0.672,2917.89
British Airways,DXB,SIN,5900,9,Thu,18,6.69,False,0,0,150,350,0.429,2318.31
Emirates,DXB,CDG,5200,2,Fri,4,5.7,False,0,0,269,350,0.77,2931.69
Turkish Airlines,DXB,BOM,1900,10,Tue,5,6.63,False,0,0,251,350,0.72,2284.83
Etihad,DXB,CDG,5200,7,Wed,0,5.48,True,1,52,234,350,0.671,2727.38
Qatar Airways,DXB,LHR,5500,6,Sun,1,2.19,True,0,0,227,350,0.649,2727.87
Qatar Airways,DXB,LHR,5500,3,Mon,17,4.52,False,0,0,211,350,0.604,2633.84
Emirates,DXB,NRT,7900,9,Sun,2,4.41,False,0,0,266,350,0.761,3369.37
Qatar Airways,DXB,CDG,5200,8,Wed,10,6.32,False,0,0,175,350,0.502,2378.06
Emirates,DXB,SIN,5900,4,Thu,20,8.3,False,1,40,205,350,0.587,2658.02
Etihad,DXB,JNB,6400,4,Wed,1,8.54,False,0,0,256,350,0.733,3054.32
Emirates,DXB,BOM,1900,5,Thu,18,1.58,False,0,0,197,350,0.563,2023.26
Qatar Airways,DXB,CDG,5200,12,Sat,22,3.8,True,1,69,296,350,0.847,3089.34
Singapore Airlines,DXB,NRT,7900,4,Mon,11,8.65,False,1,95,237,350,0.678,3170.89
Emirates,DXB,BOM,1900,6,Wed,22,4.82,True,0,0,271,350,0.774,2375.79
Emirates,DXB,JFK,11000,6,Fri,10,1.14,True,1,39,306,350,0.875,4209.47
Emirates,DXB,SIN,5900,12,Wed,1,4.49,True,1,43,229,350,0.656,2806.02
Emirates,DXB,SYD,12000,2,Thu,7,3.43,False,0,0,260,350,0.744,4013.96
Singapore Airlines,DXB,JNB,6400,1,Sat,5,3.62,True,0,0,299,350,0.855,3323.79
Singapore Airlines,DXB,SYD,12000,4,Sun,8,9.18,False,1,51,282,350,0.806,4192.79
Singapore Airlines,DXB,JNB,6400,11,Sun,22,3.42,False,1,103,302,350,0.865,3344.16
Emirates,DXB,FRA,4800,12,Sun,3,6.02,True,0,0,325,350,0.929,3183.3
Qatar Airways,DXB,SIN,5900,4,Mon,3,9.45,False,0,0,219,350,0.628,2745.57
Singapore Airlines,DXB,LHR,5500,9,Mon,3,1.83,False,0,0,248,350,0.709,2854.5
Qatar Airways,DXB,BOM,1900,4,Sun,6,3.77,False,0,0,204,350,0.584,2058.19
Emirates,DXB,CDG,5200,1,Tue,23,2.34,True,1,59,319,350,0.912,3224.45
Singapore Airlines,DXB,FRA,4800,10,Mon,9,8.87,False,0,0,190,350,0.543,2405.64
Emirates,DXB,LHR,5500,3,Tue,1,9.99,False,0,0,244,350,0.697,2829.16
Emirates,DXB,BKK,4900,11,Sun,14,6.64,False,1,27,212,350,0.607,2548.78
Qatar Airways,DXB,JFK,11000,1,Sun,19,7.68,True,1,26,350,350,1.0,4554.0
Qatar Airways,DXB,JFK,11000,7,Thu,21,5.47,True,0,0,255,350,0.731,3811.12
Qatar Airways,DXB,SIN,5900,11,Sun,2,5.91,False,0,0,316,350,0.906,3341.62
Emirates,DXB,CDG,5200,8,Mon,19,4.69,False,0,0,179,350,0.514,2402.27
Etihad,DXB,JFK,11000,8,Sat,23,1.76,False,1,15,332,350,0.951,4417.65
Turkish Airlines,DXB,JNB,6400,1,Thu,21,6.47,True,0,0,281,350,0.803,3209.22
British Airways,DXB,BOM,1900,1,Sun,1,6.16,True,0,0,305,350,0.874,2541.92
Etihad,DXB,LHR,5500,3,Thu,0,6.45,False,1,38,242,350,0.692,2818.15
Singapore Airlines,DXB,CDG,5200,11,Mon,3,4.28,False,1,19,259,350,0.741,2871.21
Emirates,DXB,SIN,5900,9,Fri,14,3.73,False,0,0,315,350,0.9,3330.37
Emirates,DXB,SIN,5900,1,Wed,4,6.03,True,1,112,326,350,0.933,3401.02
Etihad,DXB,BOM,1900,10,Thu,13,6.04,False,0,0,180,350,0.515,1942.85
Etihad,DXB,BKK,4900,10,Thu,22,6.38,False,0,0,236,350,0.676,2689.64
Emirates,DXB,SYD,12000,4,Thu,15,10.0,False,0,0,175,350,0.503,3319.5
Emirates,DXB,JNB,6400,8,Sat,16,6.77,False,0,0,224,350,0.642,2853.33
British Airways,DXB,BKK,4900,9,Sun,12,2.95,False,0,0,310,350,0.886,3115.71
Singapore Airlines,DXB,BOM,1900,11,Tue,12,6.89,False,0,0,167,350,0.48,1884.41
Emirates,DXB,SYD,12000,5,Mon,17,4.8,False,0,0,238,350,0.681,3833.31
Emirates,DXB,NRT,7900,5,Tue,5,5.83,False,0,0,239,350,0.685,3188.67
Qatar Airways,DXB,JFK,11000,1,Mon,7,4.82,True,0,0,268,350,0.768,3912.9
Emirates,DXB,JNB,6400,8,Tue,0,3.89,False,0,0,240,350,0.688,2954.52
Turkish Airlines,DXB,LHR,5500,10,Tue,7,8.01,False,1,117,217,350,0.622,2671.23
Turkish Airlines,DXB,CDG,5200,5,Wed,8,4.9,False,0,0,159,350,0.456,2282.36
Turkish Airlines,DXB,NRT,7900,5,Fri,5,3.09,False,0,0,333,350,0.953,3828.34
Emirates,DXB,FRA,4800,7,Thu,15,6.38,True,0,0,215,350,0.615,2550.78
Turkish Airlines,DXB,SIN,5900,7,Tue,21,6.22,True,0,0,284,350,0.812,3140.69
Etihad,DXB,JNB,6400,5,Fri,19,6.25,False,0,0,303,350,0.866,3348.24
Qatar Airways,DXB,JNB,6400,4,Tue,18,7.18,False,0,0,203,350,0.582,2720.18
Emirates,DXB,BKK,4900,7,Sun,12,6.2,True,0,0,348,350,0.995,3336.87
Etihad,DXB,JNB,6400,6,Mon,10,3.04,True,0,0,268,350,0.766,3126.85
Qatar Airways,DXB,FRA,4800,7,Fri,1,3.38,True,1,48,350,350,1.0,3326.4
Emirates,DXB,JFK,11000,4,Sun,4,4.63,False,0,0,224,350,0.641,3563.72
Emirates,DXB,BKK,4900,3,Sun,10,7.81,False,0,0,226,350,0.648,2632.61
Emirates,DXB,CDG,5200,6,Fri,22,3.53,True,0,0,343,350,0.983,3369.68
Turkish Airlines,DXB,NRT,7900,2,Wed,12,3.72,False,0,0,213,350,0.609,3006.7
Emirates,DXB,FRA,4800,5,Fri,2,4.52,False,0,0,301,350,0.86,3044.31
Emirates,DXB,NRT,7900,12,Thu,2,2.65,True,0,0,292,350,0.835,3545.93
Emirates,DXB,NRT,7900,2,Sat,14,4.04,False,1,58,204,350,0.584,2946.03
Qatar Airways,DXB,JFK,11000,4,Tue,15,7.41,False,0,0,168,350,0.482,3125.68
Qatar Airways,DXB,SIN,5900,5,Wed,7,7.77,False,0,0,154,350,0.44,2342.39
British Airways,DXB,SIN,5900,4,Wed,9,7.51,False,0,0,233,350,0.668,2830.58
Emirates,DXB,CDG,5200,11,Tue,5,8.72,False,1,42,200,350,0.572,2523.03
Emirates,DXB,LHR,5500,8,Mon,4,8.35,False,0,0,277,350,0.794,3031.85
Qatar Airways,DXB,FRA,4800,7,Tue,13,4.91,True,0,0,286,350,0.818,2959.28
Emirates,DXB,CDG,5200,11,Sun,20,8.39,False,1,93,211,350,0.605,2590.26
British Airways,DXB,SIN,5900,5,Fri,11,5.51,False,0,0,350,350,1.0,3544.2
Turkish Airlines,DXB,LHR,5500,1,Sun,18,4.6,True,0,0,305,350,0.872,3197.13
Emirates,DXB,BKK,4900,4,Thu,11,5.65,False,0,0,235,350,0.672,2680.18
Emirates,DXB,SYD,12000,11,Mon,12,6.95,False,0,0,233,350,0.666,3791.16
Qatar Airways,DXB,CDG,5200,7,Wed,21,3.76,True,1,62,339,350,0.97,3343.77
Turkish Airlines,DXB,NRT,7900,8,Mon,9,5.61,False,0,0,192,350,0.549,2863.93
Emirates,DXB,JFK,11000,3,Thu,12,5.09,False,0,0,263,350,0.752,3870.85
Etihad,DXB,JNB,6400,3,Mon,23,6.12,False,0,0,216,350,0.619,2802.16
Emirates,DXB,BKK,4900,12,Fri,11,5.89,True,0,0,318,350,0.91,3163.24
Qatar Airways,DXB,FRA,4800,7,Wed,22,5.28,True,0,0,315,350,0.902,3129.55
Emirates,DXB,LHR,5500,4,Fri,9,4.54,False,0,0,337,350,0.963,3387.74
Singapore Airlines,DXB,NRT,7900,3,Wed,4,5.64,False,0,0,201,350,0.577,2930.4
Emirates,DXB,BKK,4900,4,Sat,13,6.85,False,0,0,254,350,0.726,2791.45
Singapore Airlines,DXB,CDG,5200,1,Wed,2,2.5,True,1,18,319,350,0.914,3228.47
Etihad,DXB,JNB,6400,11,Wed,8,6.63,False,0,0,146,350,0.42,2362.34
Emirates,DXB,LHR,5500,7,Sat,8,6.08,True,0,0,334,350,0.956,3372.41
Emirates,DXB,JNB,6400,8,Tue,19,3.88,False,0,0,187,350,0.536,2618.92
Etihad,DXB,JNB,6400,5,Sun,20,6.13,False,0,0,219,350,0.626,2817.35
Singapore Airlines,DXB,SIN,5900,4,Wed,12,6.39,False,0,0,243,350,0.696,2890.53
Emirates,DXB,BKK,4900,5,Thu,3,4.33,False,0,0,214,350,0.613,2561.58
Qatar Airways,DXB,BOM,1900,4,Sat,9,8.25,False,0,0,275,350,0.787,2396.63
Qatar Airways,DXB,LHR,5500,1,Wed,8,5.82,True,0,0,294,350,0.841,3132.14
British Airways,DXB,SYD,12000,5,Sat,22,7.29,False,0,0,176,350,0.503,3321.0
Singapore Airlines,DXB,SYD,12000,8,Fri,16,3.47,False,1,83,317,350,0.908,4487.98
Emirates,DXB,BKK,4900,8,Mon,23,2.67,False,0,0,230,350,0.66,2655.94
Singapore Airlines,DXB,JNB,6400,8,Fri,4,2.14,False,0,0,268,350,0.767,3128.76
Singapore Airlines,DXB,FRA,4800,12,Thu,3,5.26,True,0,0,260,350,0.744,2810.47
Emirates,DXB,JNB,6400,7,Mon,23,5.27,True,0,0,292,350,0.836,3281.98
British Airways,DXB,BKK,4900,12,Thu,13,6.74,True,0,0,293,350,0.838,3016.69
Emirates,DXB,NRT,7900,10,Tue,2,5.25,False,1,43,214,350,0.613,3015.23
Emirates,DXB,LHR,5500,9,Tue,4,5.09,False,0,0,286,350,0.82,3086.46
Etihad,DXB,JFK,11000,1,Mon,7,2.0,True,1,214,262,350,0.751,3867.29
Emirates,DXB,JFK,11000,7,Fri,6,5.47,True,0,0,291,350,0.834,4095.39
Etihad,DXB,SYD,12000,10,Mon,20,6.39,False,0,0,169,350,0.485,3270.12
Qatar Airways,DXB,SYD,12000,4,Mon,20,6.93,False,0,0,219,350,0.626,3674.7
Qatar Airways,DXB,FRA,4800,6,Thu,23,5.62,True,0,0,300,350,0.859,3041.88
Emirates,DXB,BOM,1900,4,Tue,11,5.9,False,0,0,309,350,0.885,2559.74
British Airways,DXB,BOM,1900,9,Sun,4,5.71,False,0,0,293,350,0.838,2482.15
Singapore Airlines,DXB,JFK,11000,8,Wed,13,5.03,False,0,0,193,350,0.552,3317.74
Emirates,DXB,JFK,11000,2,Fri,3,4.95,False,0,0,316,350,0.905,4290.78
Etihad,DXB,JNB,6400,5,Wed,2,4.37,False,0,0,236,350,0.675,2924.67
Etihad,DXB,LHR,5500,4,Thu,17,6.83,False,0,0,155,350,0.445,2300.1
Emirates,DXB,BOM,1900,10,Mon,7,7.95,False,0,0,226,350,0.647,2163.96
Emirates,DXB,NRT,7900,11,Thu,21,5.29,False,1,16,203,350,0.581,2939.25
Etihad,DXB,CDG,5200,9,Thu,2,2.26,False,1,56,234,350,0.67,2724.72
Qatar Airways,DXB,BOM,1900,10,Mon,0,8.79,False,0,0,208,350,0.597,2079.22
Qatar Airways,DXB,JNB,6400,6,Thu,4,3.38,True,1,33,315,350,0.901,3423.82
Etihad,DXB,CDG,5200,9,Wed,18,6.62,False,0,0,243,350,0.697,2779.4
Emirates,DXB,BOM,1900,4,Tue,16,6.8,False,0,0,282,350,0.808,2432.35
Turkish Airlines,DXB,BKK,4900,8,Wed,19,8.03,False,0,0,166,350,0.475,2280.71
Emirates,DXB,LHR,5500,12,Fri,2,3.19,True,0,0,290,350,0.829,3105.74
Turkish Airlines,DXB,NRT,7900,1,Tue,13,7.21,True,0,0,303,350,0.867,3622.96
Emirates,DXB,BKK,4900,7,Thu,10,5.04,True,1,109,280,350,0.801,2942.39
Emirates,DXB,NRT,7900,7,Tue,7,3.73,True,0,0,349,350,1.0,3939.83
British Airways,DXB,FRA,4800,9,Fri,14,4.4,False,1,17,254,350,0.728,2777.69
Emirates,DXB,SYD,12000,3,Thu,8,8.37,False,0,0,174,350,0.498,3306.0
Etihad,DXB,SYD,12000,11,Thu,13,9.69,False,0,0,214,350,0.613,3637.69
Emirates,DXB,NRT,7900,6,Thu,4,4.73,True,0,0,284,350,0.813,3494.17
Emirates,DXB,LHR,5500,8,Mon,20,5.78,False,0,0,231,350,0.66,2751.14
Etihad,DXB,CDG,5200,5,Tue,1,7.72,False,0,0,243,350,0.695,2776.87
Turkish Airlines,DXB,BOM,1900,1,Fri,3,2.81,True,1,53,350,350,1.0,2752.2
Etihad,DXB,JNB,6400,7,Thu,7,5.55,True,0,0,329,350,0.941,3512.81
Singapore Airlines,DXB,JNB,6400,12,Tue,5,3.66,True,1,29,312,350,0.893,3406.68
Singapore Airlines,DXB,CDG,5200,2,Wed,11,2.86,False,1,145,183,350,0.525,2424.68
British Airways,DXB,JNB,6400,5,Sun,2,5.48,False,1,47,264,350,0.754,3100.69
Singapore Airlines,DXB,NRT,7900,7,Thu,1,5.67,True,0,0,289,350,0.826,3525.22
Emirates,DXB,SYD,12000,7,Fri,13,5.99,True,0,0,323,350,0.925,4536.14
Turkish Airlines,DXB,SYD,12000,2,Sat,14,4.51,False,0,0,266,350,0.762,4067.92
Turkish Airlines,DXB,BOM,1900,8,Wed,12,6.25,False,0,0,248,350,0.71,2268.29
Emirates,DXB,NRT,7900,5,Fri,0,3.89,False,0,0,213,350,0.61,3009.35
Etihad,DXB,NRT,7900,5,Sat,9,5.13,False,1,24,317,350,0.908,3720.71
Emirates,DXB,SIN,5900,5,Mon,12,3.25,False,0,0,186,350,0.534,2543.29
Etihad,DXB,BOM,1900,8,Fri,22,3.52,False,1,93,240,350,0.686,2228.75
Emirates,DXB,JNB,6400,6,Sun,22,5.71,True,0,0,334,350,0.956,3546.42
Etihad,DXB,NRT,7900,10,Wed,1,3.88,False,0,0,211,350,0.604,2993.57
British Airways,DXB,SYD,12000,5,Mon,22,5.85,False,1,38,205,350,0.588,3566.65
British Airways,DXB,BKK,4900,8,Sat,6,5.68,False,1,28,276,350,0.79,2919.75
Emirates,DXB,JFK,11000,7,Thu,0,5.15,True,0,0,334,350,0.956,4432.8
Etihad,DXB,SYD,12000,11,Sat,21,3.37,False,0,0,225,350,0.643,3723.9
Etihad,DXB,FRA,4800,12,Mon,17,5.53,True,1,26,291,350,0.833,2989.02
Turkish Airlines,DXB,LHR,5500,4,Sun,6,7.54,False,0,0,261,350,0.746,2932.43
Singapore Airlines,DXB,NRT,7900,3,Mon,12,7.85,False,0,0,226,350,0.648,3098.54
Emirates,DXB,BKK,4900,4,Mon,23,8.86,False,0,0,191,350,0.548,2429.5
Singapore Airlines,DXB,BOM,1900,1,Sun,9,3.31,True,0,0,284,350,0.812,2438.45
Etihad,DXB,SYD,12000,8,Tue,14,4.8,False,0,0,257,350,0.735,3989.92
Emirates,DXB,BOM,1900,10,Sun,23,7.29,False,0,0,221,350,0.632,2138.03
Qatar Airways,DXB,BOM,1900,9,Sat,15,6.22,False,0,0,255,350,0.729,2299.46
Qatar Airways,DXB,LHR,5500,10,Thu,19,5.95,False,0,0,228,350,0.653,2735.43
Turkish Airlines,DXB,FRA,4800,8,Mon,19,5.66,False,0,0,227,350,0.65,2620.03
Emirates,DXB,CDG,5200,5,Fri,22,5.53,False,0,0,208,350,0.595,2569.94
Etihad,DXB,NRT,7900,4,Sat,16,9.29,False,0,0,277,350,0.793,3446.32
Emirates,DXB,SYD,12000,6,Mon,6,5.54,True,0,0,272,350,0.78,4118.23
Emirates,DXB,BOM,1900,9,Fri,10,6.64,False,0,0,191,350,0.547,1997.09
Qatar Airways,DXB,NRT,7900,3,Fri,16,6.5,False,0,0,191,350,0.548,2860.91
Etihad,DXB,NRT,7900,9,Thu,0,3.44,False,0,0,284,350,0.812,3491.91
Emirates,DXB,BKK,4900,10,Tue,16,4.94,False,0,0,239,350,0.684,2706.36
Emirates,DXB,SYD,12000,3,Sun,8,5.91,False,0,0,269,350,0.771,4092.35
Emirates,DXB,CDG,5200,6,Wed,22,5.37,True,1,201,231,350,0.66,2704.39
Emirates,DXB,BKK,4900,4,Fri,8,6.78,False,0,0,343,350,0.981,3307.02
Emirates,DXB,CDG,5200,7,Wed,13,7.13,True,0,0,269,350,0.771,2933.45
British Airways,DXB,JFK,11000,7,Thu,8,4.94,True,0,0,279,350,0.797,3994.32
Turkish Airlines,DXB,SYD,12000,6,Thu,11,4.08,True,0,0,331,350,0.947,4600.67
Etihad,DXB,FRA,4800,3,Mon,14,8.76,False,0,0,168,350,0.481,2280.22
Emirates,DXB,JNB,6400,10,Sun,1,7.83,False,0,0,268,350,0.767,3128.09
Emirates,DXB,FRA,4800,3,Thu,23,4.76,False,1,86,263,350,0.753,2828.51
Qatar Airways,DXB,JFK,11000,9,Sat,11,4.01,False,0,0,280,350,0.802,4006.29
Emirates,DXB,LHR,5500,5,Sun,13,2.0,False,1,48,241,350,0.69,2813.0
Turkish Airlines,DXB,LHR,5500,2,Wed,3,4.38,False,0,0,182,350,0.521,2458.51
Etihad,DXB,JFK,11000,7,Fri,22,2.5,True,0,0,291,350,0.833,4092.11
Etihad,DXB,BOM,1900,4,Sat,5,6.59,False,0,0,265,350,0.76,2351.35
Emirates,DXB,JNB,6400,1,Wed,7,8.11,True,0,0,321,350,0.919,3465.02
British Airways,DXB,BOM,1900,10,Mon,8,6.77,False,0,0,252,350,0.722,2288.32
Emirates,DXB,NRT,7900,11,Mon,17,6.47,False,0,0,186,350,0.532,2823.0
Singapore Airlines,DXB,FRA,4800,3,Mon,22,8.79,False,0,0,224,350,0.64,2600.76
Qatar Airways,DXB,BKK,4900,9,Fri,6,1.62,False,0,0,241,350,0.691,2719.62
Turkish Airlines,DXB,BKK,4900,9,Thu,22,6.22,False,0,0,235,350,0.671,2679.97
Singapore Airlines,DXB,SYD,12000,6,Wed,6,4.63,True,0,0,232,350,0.663,3781.07
Etihad,DXB,NRT,7900,11,Tue,5,9.07,False,0,0,176,350,0.504,2755.31
British Airways,DXB,NRT,7900,4,Wed,20,6.5,False,1,99,229,350,0.655,3115.71
Etihad,DXB,FRA,4800,8,Fri,7,2.84,False,0,0,292,350,0.837,2997.42
British Airways,DXB,LHR,5500,2,Thu,9,7.19,False,0,0,294,350,0.843,3134.28
Turkish Airlines,DXB,FRA,4800,8,Wed,2,3.69,False,0,0,212,350,0.607,2533.88
Qatar Airways,DXB,BKK,4900,2,Sun,2,4.02,False,0,0,236,350,0.677,2690.41
British Airways,DXB,CDG,5200,3,Mon,17,5.25,False,0,0,203,350,0.582,2542.07
Qatar Airways,DXB,SYD,12000,11,Thu,3,6.17,False,0,0,242,350,0.694,3869.35
Qatar Airways,DXB,FRA,4800,9,Mon,8,5.03,False,0,0,250,350,0.715,2751.72
British Airways,DXB,JFK,11000,12,Thu,1,6.49,True,1,52,322,350,0.921,4335.31
Emirates,DXB,BKK,4900,11,Sun,19,9.88,False,0,0,253,350,0.724,2785.56
Emirates,DXB,SYD,12000,4,Wed,21,6.92,False,0,0,154,350,0.442,3145.61
Qatar Airways,DXB,BKK,4900,5,Tue,13,5.32,False,0,0,281,350,0.805,2951.18
Emirates,DXB,JNB,6400,11,Thu,17,6.39,False,0,0,190,350,0.544,2636.83
Singapore Airlines,DXB,CDG,5200,8,Fri,4,4.75,False,0,0,319,350,0.912,3224.24
Emirates,DXB,BKK,4900,5,Wed,7,6.66,False,0,0,213,350,0.611,2556.79
Qatar Airways,DXB,SYD,12000,10,Tue,2,8.65,False,0,0,221,350,0.634,3696.92
Emirates,DXB,LHR,5500,2,Wed,0,6.96,False,0,0,296,350,0.846,3141.39
Etihad,DXB,JFK,11000,10,Thu,19,6.92,False,0,0,221,350,0.633,3540.82
British Airways,DXB,JFK,11000,8,Sat,14,6.26,False,1,129,243,350,0.696,3713.58
Singapore Airlines,DXB,BOM,1900,12,Wed,20,3.54,True,0,0,303,350,0.867,2530.04
Singapore Airlines,DXB,BOM,1900,10,Sat,5,6.67,False,0,0,215,350,0.615,2109.69
Qatar Airways,DXB,SIN,5900,6,Thu,8,3.46,True,0,0,237,350,0.677,2851.11
Singapore Airlines,DXB,BOM,1900,5,Tue,2,2.17,False,0,0,303,350,0.866,2529.22
British Airways,DXB,CDG,5200,5,Fri,21,2.9,False,1,72,191,350,0.548,2472.05
British Airways,DXB,JFK,11000,2,Mon,17,5.59,False,0,0,216,350,0.619,3502.72
Emirates,DXB,JNB,6400,12,Sat,2,7.59,True,0,0,293,350,0.84,3288.92
Etihad,DXB,SIN,5900,11,Fri,17,6.22,False,0,0,207,350,0.593,2669.31
Emirates,DXB,FRA,4800,2,Mon,14,7.73,False,0,0,234,350,0.671,2663.97
Singapore Airlines,DXB,CDG,5200,4,Fri,10,7.08,False,0,0,189,350,0.542,2460.16
Etihad,DXB,JNB,6400,5,Thu,4,4.61,False,0,0,262,350,0.751,3092.6
Singapore Airlines,DXB,NRT,7900,5,Tue,14,2.96,False,1,158,304,350,0.871,3632.77
Qatar Airways,DXB,BOM,1900,5,Fri,5,2.96,False,1,75,247,350,0.708,2264.39
Emirates,DXB,JNB,6400,8,Thu,12,4.97,False,0,0,155,350,0.445,2417.39
Etihad,DXB,BOM,1900,3,Wed,5,6.08,False,1,27,169,350,0.484,1891.84
Etihad,DXB,BKK,4900,1,Mon,18,2.98,True,1,16,284,350,0.814,2968.78
Emirates,DXB,JNB,6400,8,Sun,19,6.02,False,0,0,340,350,0.972,3581.09
Emirates,DXB,SIN,5900,5,Wed,7,2.97,False,0,0,225,350,0.645,2782.58
Emirates,DXB,JNB,6400,4,Fri,14,7.94,False,0,0,265,350,0.759,3110.92
Turkish Airlines,DXB,LHR,5500,9,Tue,5,4.35,False,0,0,247,350,0.706,2848.47
Emirates,DXB,SIN,5900,10,Mon,4,9.14,False,0,0,217,350,0.62,2728.13
Turkish Airlines,DXB,CDG,5200,11,Fri,7,7.29,False,0,0,266,350,0.761,2911.39
Emirates,DXB,BOM,1900,2,Sat,16,2.71,False,1,62,255,350,0.73,2302.07
Emirates,DXB,LHR,5500,2,Mon,13,5.41,False,0,0,242,350,0.693,2819.34
Emirates,DXB,BKK,4900,9,Thu,1,4.68,False,0,0,270,350,0.772,2883.85
Emirates,DXB,LHR,5500,2,Fri,6,6.61,False,0,0,224,350,0.642,2713.93
Singapore Airlines,DXB,BKK,4900,9,Thu,7,3.43,False,0,0,265,350,0.759,2857.5
Emirates,DXB,BKK,4900,7,Sat,10,8.77,True,0,0,321,350,0.92,3183.11
Qatar Airways,DXB,SYD,12000,2,Thu,8,3.42,False,0,0,239,350,0.685,3844.68
Qatar Airways,DXB,FRA,4800,1,Tue,8,6.93,True,0,0,253,350,0.725,2771.92
Singapore Airlines,DXB,SIN,5900,10,Sun,5,3.67,False,0,0,235,350,0.674,2844.44
Qatar Airways,DXB,JFK,11000,2,Wed,19,5.9,False,0,0,275,350,0.786,3962.84
Turkish Airlines,DXB,SIN,5900,1,Sun,15,4.49,True,0,0,319,350,0.913,3356.82
Singapore Airlines,DXB,JNB,6400,2,Sat,16,3.95,False,0,0,271,350,0.776,3147.96
Emirates,DXB,JNB,6400,10,Tue,20,8.06,False,1,73,279,350,0.799,3198.68
Qatar Airways,DXB,NRT,7900,5,Wed,16,4.49,False,0,0,137,350,0.393,2490.89
Qatar Airways,DXB,CDG,5200,10,Tue,1,6.62,False,0,0,260,350,0.745,2880.01
Singapore Airlines,DXB,CDG,5200,12,Wed,12,3.05,True,0,0,280,350,0.801,2994.91
British Airways,DXB,BKK,4900,3,Sun,22,8.2,False,0,0,224,350,0.641,2617.15
Etihad,DXB,BKK,4900,9,Wed,17,4.8,False,1,164,153,350,0.439,2209.31
British Airways,DXB,BOM,1900,3,Tue,18,7.37,False,0,0,257,350,0.736,2311.59
Emirates,DXB,JFK,11000,1,Fri,23,4.81,True,0,0,350,350,1.0,4554.0
Emirates,DXB,LHR,5500,5,Sat,17,6.58,False,0,0,283,350,0.81,3065.79
Emirates,DXB,BKK,4900,5,Sat,14,4.7,False,0,0,341,350,0.974,3294.12
Emirates,DXB,CDG,5200,1,Sat,17,4.54,True,1,29,350,350,1.0,3405.6
Emirates,DXB,LHR,5500,4,Wed,6,5.69,False,0,0,312,350,0.894,3241.51
Singapore Airlines,DXB,CDG,5200,2,Mon,12,5.54,False,0,0,210,350,0.601,2581.09
Emirates,DXB,NRT,7900,6,Wed,6,4.24,True,0,0,330,350,0.945,3808.43
Qatar Airways,DXB,FRA,4800,8,Thu,20,8.01,False,0,0,277,350,0.793,2909.88
Emirates,DXB,JFK,11000,10,Fri,20,9.21,False,0,0,272,350,0.779,3944.76
Emirates,DXB,CDG,5200,3,Thu,1,8.69,False,0,0,247,350,0.707,2800.27
Turkish Airlines,DXB,LHR,5500,1,Mon,7,3.32,True,0,0,320,350,0.917,3290.77
Etihad,DXB,BKK,4900,5,Thu,8,3.98,False,0,0,255,350,0.729,2795.92
Emirates,DXB,CDG,5200,5,Fri,14,2.54,False,1,59,307,350,0.879,3156.31
Qatar Airways,DXB,LHR,5500,6,Wed,23,3.57,True,0,0,285,350,0.815,3076.38
Singapore Airlines,DXB,SIN,5900,6,Tue,8,3.72,True,0,0,263,350,0.754,3016.4
Qatar Airways,DXB,JFK,11000,3,Sat,19,10.0,False,0,0,255,350,0.731,3810.67
Turkish Airlines,DXB,SYD,12000,3,Tue,20,7.95,False,0,0,220,350,0.629,3683.76
Qatar Airways,DXB,BOM,1900,3,Wed,22,5.59,False,0,0,153,350,0.44,1817.31
Singapore Airlines,DXB,JFK,11000,5,Wed,19,5.04,False,0,0,190,350,0.545,3298.19
Qatar Airways,DXB,FRA,4800,6,Wed,5,4.35,True,0,0,336,350,0.96,3245.9
Etihad,DXB,SYD,12000,9,Fri,20,4.1,False,0,0,247,350,0.706,3905.38
Singapore Airlines,DXB,FRA,4800,3,Fri,2,5.61,False,0,0,262,350,0.75,2821.43
Emirates,DXB,LHR,5500,9,Tue,1,4.68,False,1,204,207,350,0.594,2612.22
Emirates,DXB,LHR,5500,12,Mon,13,1.99,True,0,0,285,350,0.815,3076.47
Emirates,DXB,BOM,1900,5,Sun,23,4.82,False,0,0,239,350,0.683,2224.16
Emirates,DXB,CDG,5200,2,Sat,7,6.23,False,0,0,255,350,0.731,2850.15
Emirates,DXB,CDG,5200,4,Sat,12,9.64,False,0,0,220,350,0.631,2643.95
Qatar Airways,DXB,JFK,11000,10,Sun,9,7.55,False,1,22,260,350,0.744,3847.61
Singapore Airlines,DXB,SIN,5900,2,Wed,13,7.27,False,0,0,304,350,0.869,3263.27
Singapore Airlines,DXB,BOM,1900,3,Tue,6,9.69,False,0,0,228,350,0.652,2171.73
Emirates,DXB,BOM,1900,8,Mon,23,6.16,False,0,0,171,350,0.49,1901.65
Emirates,DXB,FRA,4800,4,Sun,6,6.86,False,0,0,227,350,0.65,2620.32
Singapore Airlines,DXB,FRA,4800,7,Sun,3,3.38,True,0,0,350,350,1.0,3326.4
Etihad,DXB,NRT,7900,2,Sun,6,5.57,False,0,0,228,350,0.654,3114.35
Etihad,DXB,SYD,12000,4,Thu,16,7.08,False,0,0,232,350,0.664,3784.44
Etihad,DXB,SIN,5900,5,Fri,10,3.71,False,0,0,311,350,0.889,3305.09
Etihad,DXB,BOM,1900,11,Mon,10,8.29,False,0,0,270,350,0.773,2374.18
Etihad,DXB,CDG,5200,3,Fri,14,6.95,False,1,130,246,350,0.704,2794.11
Etihad,DXB,JNB,6400,1,Thu,15,6.35,True,0,0,330,350,0.945,3521.6
Etihad,DXB,NRT,7900,10,Fri,8,5.77,False,0,0,242,350,0.694,3209.07
British Airways,DXB,JFK,11000,5,Thu,6,4.76,False,0,0,194,350,0.555,3325.39
Turkish Airlines,DXB,JFK,11000,1,Fri,15,3.92,True,1,74,279,350,0.8,4000.67
Turkish Airlines,DXB,BKK,4900,9,Mon,16,6.23,False,1,189,223,350,0.637,2610.98
Etihad,DXB,CDG,5200,1,Tue,21,5.96,True,1,124,350,350,1.0,3405.6
British Airways,DXB,CDG,5200,2,Wed,0,3.92,False,0,0,210,350,0.601,2582.53
British Airways,DXB,FRA,4800,9,Fri,4,6.97,False,0,0,338,350,0.968,3261.91
Emirates,DXB,SYD,12000,2,Mon,2,7.87,False,0,0,221,350,0.632,3691.7
Emirates,DXB,BOM,1900,6,Thu,1,3.72,True,0,0,252,350,0.722,2288.56
Emirates,DXB,SIN,5900,6,Wed,8,1.05,True,1,53,315,350,0.901,3331.79
Etihad,DXB,CDG,5200,7,Thu,7,4.89,True,0,0,315,350,0.902,3203.83
Singapore Airlines,DXB,LHR,5500,11,Thu,10,4.96,False,1,77,198,350,0.568,2557.62
Emirates,DXB,JNB,6400,8,Fri,10,5.63,False,0,0,260,350,0.744,3078.2
Qatar Airways,DXB,FRA,4800,8,Thu,20,8.53,False,0,0,225,350,0.645,2610.51
British Airways,DXB,NRT,7900,9,Sun,6,3.32,False,0,0,250,350,0.716,3261.36
Emirates,DXB,JNB,6400,11,Wed,18,4.67,False,1,130,241,350,0.69,2957.72
Singapore Airlines,DXB,NRT,7900,8,Wed,3,5.62,False,0,0,285,350,0.814,3496.86
Etihad,DXB,SYD,12000,2,Thu,9,7.84,False,0,0,241,350,0.69,3858.06
Emirates,DXB,CDG,5200,7,Sat,8,5.24,True,1,19,326,350,0.932,3266.11
Singapore Airlines,DXB,JNB,6400,2,Fri,3,4.58,False,1,39,214,350,0.612,2785.95
Emirates,DXB,JFK,11000,7,Sat,9,6.74,True,0,0,350,350,1.0,4554.0
Singapore Airlines,DXB,JNB,6400,12,Fri,17,5.49,True,0,0,303,350,0.866,3347.04
Etihad,DXB,BOM,1900,3,Tue,18,6.68,False,0,0,230,350,0.659,2183.61
Emirates,DXB,JNB,6400,2,Sun,23,5.17,False,0,0,241,350,0.689,2956.55
Singapore Airlines,DXB,BOM,1900,7,Wed,19,4.34,True,0,0,287,350,0.822,2454.89
Qatar Airways,DXB,SYD,12000,4,Fri,5,6.1,False,0,0,284,350,0.814,4216.15
Etihad,DXB,LHR,5500,7,Sun,1,7.46,True,0,0,350,350,1.0,3465.0
Etihad,DXB,LHR,5500,6,Wed,3,5.13,True,0,0,211,350,0.603,2631.54
Emirates,DXB,BKK,4900,3,Thu,0,6.65,False,0,0,98,350,0.28,1886.71
Emirates,DXB,BOM,1900,5,Sun,18,4.97,False,1,72,261,350,0.746,2328.61
Emirates,DXB,LHR,5500,6,Mon,11,4.94,True,0,0,296,350,0.847,3144.62
Emirates,DXB,JFK,11000,2,Sat,19,4.69,False,1,66,339,350,0.971,4474.36
Singapore Airlines,DXB,BOM,1900,7,Fri,23,4.43,True,0,0,350,350,1.0,2752.2
British Airways,DXB,BKK,4900,11,Mon,9,6.19,False,0,0,236,350,0.674,2685.96
British Airways,DXB,LHR,5500,12,Mon,19,3.48,True,1,39,312,350,0.892,3239.18
Etihad,DXB,FRA,4800,9,Wed,19,7.18,False,0,0,250,350,0.716,2754.63
Emirates,DXB,FRA,4800,10,Thu,6,5.88,False,0,0,208,350,0.595,2510.86
Emirates,DXB,SIN,5900,6,Sun,4,5.08,True,0,0,282,350,0.806,3127.56
Qatar Airways,DXB,SYD,12000,4,Thu,22,7.77,False,0,0,189,350,0.542,3432.39
Singapore Airlines,DXB,NRT,7900,11,Mon,0,4.37,False,0,0,221,350,0.633,3063.26
Singapore Airlines,DXB,SYD,12000,7,Thu,15,4.71,True,0,0,310,350,0.887,4427.97
Etihad,DXB,CDG,5200,11,Thu,21,5.63,False,0,0,217,350,0.623,2626.84
Emirates,DXB,FRA,4800,2,Mon,10,3.79,False,0,0,243,350,0.694,2710.43
Qatar Airways,DXB,SYD,12000,1,Sun,22,6.56,True,0,0,276,350,0.79,4145.85
Singapore Airlines,DXB,NRT,7900,5,Tue,2,5.34,False,0,0,237,350,0.678,3170.89
Etihad,DXB,SYD,12000,10,Sun,12,6.86,False,0,0,282,350,0.806,4194.27
Turkish Airlines,DXB,SYD,12000,5,Sun,2,2.97,False,1,26,230,350,0.659,3768.66
Etihad,DXB,FRA,4800,7,Sun,18,4.21,True,0,0,350,350,1.0,3326.4
British Airways,DXB,JFK,11000,5,Sat,1,5.66,False,0,0,229,350,0.654,3600.39
Singapore Airlines,DXB,SIN,5900,10,Mon,2,7.04,False,0,0,219,350,0.628,2745.67
Turkish Airlines,DXB,BOM,1900,11,Tue,8,9.44,False,0,0,193,350,0.553,2005.87
Emirates,DXB,BOM,1900,9,Sat,16,5.92,False,0,0,260,350,0.743,2324.01
Turkish Airlines,DXB,CDG,5200,1,Mon,2,4.85,True,0,0,323,350,0.925,3250.26
Etihad,DXB,SIN,5900,1,Fri,0,4.51,True,0,0,281,350,0.805,3125.87
Singapore Airlines,DXB,BOM,1900,12,Tue,1,5.12,True,0,0,299,350,0.856,2511.25
Singapore Airlines,DXB,SYD,12000,8,Sun,4,4.62,False,0,0,175,350,0.5,3313.23
Singapore Airlines,DXB,CDG,5200,2,Thu,8,3.11,False,0,0,210,350,0.601,2582.9
Etihad,DXB,BOM,1900,12,Sun,6,5.26,True,0,0,268,350,0.767,2363.03
Emirates,DXB,CDG,5200,1,Tue,5,3.95,True,0,0,275,350,0.788,2967.82
Etihad,DXB,JNB,6400,11,Sat,1,7.27,False,1,21,214,350,0.613,2789.18
British Airways,DXB,CDG,5200,8,Mon,15,4.79,False,0,0,276,350,0.789,2970.0
Etihad,DXB,SYD,12000,3,Tue,16,7.13,False,0,0,197,350,0.565,3500.08
Emirates,DXB,NRT,7900,6,Wed,6,5.67,True,0,0,303,350,0.868,3623.85
Etihad,DXB,SIN,5900,7,Sun,20,3.37,True,0,0,313,350,0.894,3317.5
British Airways,DXB,NRT,7900,7,Sun,14,4.85,True,0,0,298,350,0.853,3589.44
Qatar Airways,DXB,NRT,7900,8,Fri,7,7.82,False,0,0,224,350,0.643,3087.03
Etihad,DXB,BKK,4900,7,Mon,5,4.38,True,0,0,237,350,0.678,2692.75
Qatar Airways,DXB,SYD,12000,5,Wed,20,6.42,False,1,65,248,350,0.711,3919.63
Emirates,DXB,FRA,4800,2,Wed,1,5.28,False,0,0,234,350,0.67,2661.51
Emirates,DXB,BKK,4900,7,Mon,13,4.21,True,0,0,326,350,0.934,3212.15
British Airways,DXB,SIN,5900,4,Sun,20,8.2,False,0,0,235,350,0.673,2842.78
Qatar Airways,DXB,SYD,12000,7,Tue,19,6.59,True,1,51,299,350,0.855,4334.9
Emirates,DXB,JFK,11000,3,Sat,5,6.01,False,0,0,184,350,0.526,3247.07
Etihad,DXB,FRA,4800,12,Wed,13,4.84,True,0,0,350,350,1.0,3326.4
Qatar Airways,DXB,SYD,12000,2,Wed,12,4.1,False,1,56,260,350,0.744,4015.42
Qatar Airways,DXB,SIN,5900,10,Wed,1,9.07,False,0,0,240,350,0.686,2869.79
British Airways,DXB,SYD,12000,4,Sun,5,5.98,False,0,0,234,350,0.67,3801.48
Emirates,DXB,LHR,5500,4,Wed,17,8.34,False,0,0,241,350,0.69,2813.68
Emirates,DXB,JFK,11000,5,Thu,1,4.19,False,0,0,164,350,0.47,3091.61
Singapore Airlines,DXB,LHR,5500,3,Tue,17,5.59,False,1,28,231,350,0.662,2755.96
Emirates,DXB,NRT,7900,5,Mon,2,3.44,False,0,0,245,350,0.703,3230.0
Singapore Airlines,DXB,LHR,5500,3,Thu,5,7.1,False,0,0,194,350,0.554,2529.07
Qatar Airways,DXB,CDG,5200,5,Sat,4,6.46,False,1,58,275,350,0.788,2967.94
Emirates,DXB,JNB,6400,4,Wed,18,5.2,False,0,0,201,350,0.577,2708.34
Emirates,DXB,LHR,5500,12,Tue,13,5.11,True,0,0,350,350,1.0,3465.0
Etihad,DXB,CDG,5200,11,Wed,20,5.98,False,0,0,203,350,0.582,2541.83
Singapore Airlines,DXB,SIN,5900,6,Mon,9,5.0,True,0,0,350,350,1.0,3544.2
Emirates,DXB,CDG,5200,4,Thu,18,7.8,False,0,0,237,350,0.68,2744.2
Emirates,DXB,JFK,11000,1,Mon,19,5.86,True,1,30,327,350,0.935,4373.37
Singapore Airlines,DXB,SYD,12000,9,Thu,5,4.14,False,1,32,231,350,0.663,3780.97
Etihad,DXB,BOM,1900,6,Sat,8,4.58,True,0,0,278,350,0.796,2412.69
Emirates,DXB,CDG,5200,4,Mon,5,7.65,False,0,0,202,350,0.578,2535.17
Turkish Airlines,DXB,BOM,1900,9,Sun,15,4.52,False,0,0,299,350,0.855,2510.58
British Airways,DXB,CDG,5200,12,Sat,15,2.46,True,0,0,310,350,0.886,3170.02
Emirates,DXB,JNB,6400,12,Fri,9,3.8,True,0,0,350,350,1.0,3643.2
Emirates,DXB,JNB,6400,6,Fri,15,4.77,True,0,0,350,350,1.0,3643.2
Emirates,DXB,SYD,12000,7,Fri,7,6.61,True,0,0,246,350,0.703,3896.99
Emirates,DXB,NRT,7900,10,Sat,18,6.22,False,0,0,225,350,0.643,3088.62
Turkish Airlines,DXB,JNB,6400,9,Mon,14,5.71,False,0,0,234,350,0.669,2913.0
Turkish Airlines,DXB,NRT,7900,11,Tue,3,7.82,False,0,0,190,350,0.543,2848.82
Etihad,DXB,BKK,4900,4,Fri,8,6.73,False,0,0,251,350,0.719,2777.09
Turkish Airlines,DXB,JNB,6400,3,Mon,17,5.57,False,0,0,197,350,0.565,2682.75
Turkish Airlines,DXB,FRA,4800,6,Sun,10,7.49,True,0,0,314,350,0.898,3120.12
British Airways,DXB,NRT,7900,10,Mon,2,6.28,False,0,0,317,350,0.908,3720.68
Turkish Airlines,DXB,BKK,4900,6,Sun,11,4.11,True,0,0,346,350,0.99,3325.35
Qatar Airways,DXB,FRA,4800,11,Sun,18,7.98,False,0,0,303,350,0.867,3058.99
Emirates,DXB,JNB,6400,2,Mon,18,8.43,False,1,23,232,350,0.665,2903.22
Emirates,DXB,NRT,7900,10,Fri,3,3.64,False,1,43,211,350,0.604,2994.1
Etihad,DXB,NRT,7900,9,Sat,13,5.54,False,0,0,222,350,0.636,3069.88
Emirates,DXB,JNB,6400,7,Tue,15,5.46,True,0,0,350,350,1.0,3643.2
Etihad,DXB,FRA,4800,10,Sat,10,7.53,False,0,0,247,350,0.709,2738.77
Emirates,DXB,JNB,6400,11,Sat,4,6.26,False,0,0,191,350,0.547,2644.04
Emirates,DXB,NRT,7900,11,Sun,17,8.79,False,0,0,213,350,0.611,3010.67
Emirates,DXB,NRT,7900,12,Sun,6,4.85,True,0,0,292,350,0.836,3549.55
British Airways,DXB,JNB,6400,8,Sun,1,5.73,False,0,0,299,350,0.855,3322.72
Qatar Airways,DXB,FRA,4800,7,Sat,9,2.24,True,0,0,340,350,0.973,3272.87
Qatar Airways,DXB,JFK,11000,3,Sun,8,7.25,False,1,124,197,350,0.565,3353.19
Etihad,DXB,SYD,12000,1,Mon,9,3.12,True,0,0,233,350,0.668,3794.88
Singapore Airlines,DXB,FRA,4800,5,Tue,16,5.13,False,0,0,154,350,0.442,2201.66
Turkish Airlines,DXB,JNB,6400,6,Fri,12,5.31,True,1,121,313,350,0.895,3411.01
Qatar Airways,DXB,CDG,5200,12,Sat,12,5.75,True,1,21,314,350,0.899,3197.9
Turkish Airlines,DXB,FRA,4800,8,Wed,12,5.35,False,1,72,194,350,0.555,2428.93
Emirates,DXB,NRT,7900,2,Mon,16,5.41,False,0,0,227,350,0.65,3104.1
British Airways,DXB,CDG,5200,9,Sat,12,5.21,False,0,0,283,350,0.811,3015.18
Emirates,DXB,FRA,4800,5,Mon,7,7.75,False,1,99,153,350,0.439,2195.17
Etihad,DXB,SYD,12000,4,Wed,22,7.18,False,0,0,244,350,0.697,3879.86
Etihad,DXB,SIN,5900,7,Mon,20,6.04,True,1,20,251,350,0.718,2937.97
Turkish Airlines,DXB,NRT,7900,3,Tue,11,4.78,False,0,0,175,350,0.501,2749.02
Etihad,DXB,BKK,4900,5,Sun,14,4.49,False,1,68,316,350,0.905,3154.0
Turkish Airlines,DXB,LHR,5500,1,Wed,19,2.89,True,1,76,266,350,0.761,2963.79
Etihad,DXB,FRA,4800,12,Sat,3,1.49,True,0,0,264,350,0.757,2836.55
British Airways,DXB,NRT,7900,12,Thu,1,3.35,True,0,0,350,350,1.0,3940.2
Singapore Airlines,DXB,JNB,6400,6,Thu,2,3.77,True,0,0,273,350,0.782,3161.56
Qatar Airways,DXB,BKK,4900,8,Sun,15,3.81,False,0,0,240,350,0.688,2714.46
Singapore Airlines,DXB,CDG,5200,7,Thu,11,2.86,True,0,0,296,350,0.848,3091.59
Etihad,DXB,FRA,4800,5,Wed,2,5.17,False,0,0,212,350,0.608,2536.91
Etihad,DXB,SIN,5900,9,Sun,6,5.15,False,0,0,157,350,0.449,2360.34
Singapore Airlines,DXB,NRT,7900,4,Thu,4,5.21,False,0,0,292,350,0.836,3547.66
Emirates,DXB,JNB,6400,3,Sat,3,7.28,False,0,0,291,350,0.832,3271.27
Etihad,DXB,BKK,4900,5,Sun,20,7.41,False,0,0,289,350,0.828,2997.73
Turkish Airlines,DXB,BOM,1900,5,Thu,5,3.39,False,0,0,221,350,0.633,2140.64
Qatar Airways,DXB,JNB,6400,7,Fri,0,4.23,True,0,0,300,350,0.858,3329.96
Etihad,DXB,NRT,7900,5,Wed,9,4.66,False,0,0,146,350,0.419,2552.73
Emirates,DXB,BKK,4900,2,Mon,11,4.27,False,0,0,196,350,0.561,2456.01
Singapore Airlines,DXB,FRA,4800,7,Sat,7,4.91,True,0,0,298,350,0.853,3030.7
British Airways,DXB,SIN,5900,4,Wed,0,7.63,False,0,0,242,350,0.693,2885.46
Turkish Airlines,DXB,CDG,5200,3,Wed,13,9.97,False,0,0,263,350,0.753,2894.95
Emirates,DXB,BOM,1900,11,Tue,20,7.28,False,0,0,286,350,0.82,2451.32
Turkish Airlines,DXB,FRA,4800,8,Wed,17,4.48,False,0,0,181,350,0.52,2358.17
Emirates,DXB,SIN,5900,2,Sun,8,3.52,False,1,46,324,350,0.928,3390.31
British Airways,DXB,BKK,4900,11,Sun,16,5.16,False,0,0,178,350,0.511,2354.69
Singapore Airlines,DXB,LHR,5500,2,Sat,18,4.14,False,0,0,308,350,0.881,3215.46
Emirates,DXB,CDG,5200,7,Sat,1,6.65,True,0,0,350,350,1.0,3405.6
Singapore Airlines,DXB,JNB,6400,9,Fri,13,5.74,False,0,0,231,350,0.661,2895.47
Emirates,DXB,SYD,12000,2,Sat,8,5.58,False,0,0,271,350,0.775,4102.92
Etihad,DXB,JFK,11000,6,Tue,21,5.42,True,0,0,305,350,0.873,4203.85
Qatar Airways,DXB,JFK,11000,12,Wed,4,6.41,True,0,0,350,350,1.0,4554.0
British Airways,DXB,BKK,4900,6,Mon,15,4.8,True,0,0,242,350,0.693,2724.52
Emirates,DXB,JNB,6400,2,Fri,0,5.25,False,0,0,284,350,0.812,3227.93
Qatar Airways,DXB,JFK,11000,11,Thu,1,8.75,False,0,0,258,350,0.738,3831.88
Singapore Airlines,DXB,NRT,7900,5,Thu,11,5.34,False,0,0,184,350,0.526,2809.0
Turkish Airlines,DXB,NRT,7900,7,Sun,14,8.11,True,0,0,302,350,0.865,3616.83
Emirates,DXB,JNB,6400,1,Tue,16,6.77,True,0,0,296,350,0.848,3306.97
Turkish Airlines,DXB,FRA,4800,12,Tue,15,5.09,True,0,0,350,350,1.0,3326.4
Singapore Airlines,DXB,JFK,11000,1,Mon,16,4.08,True,0,0,291,350,0.834,4095.65
Singapore Airlines,DXB,BOM,1900,9,Thu,17,5.16,False,0,0,184,350,0.528,1965.51
Emirates,DXB,CDG,5200,1,Thu,7,3.75,True,0,0,350,350,1.0,3405.6
Emirates,DXB,BKK,4900,9,Fri,12,5.99,False,0,0,276,350,0.79,2921.08
Turkish Airlines,DXB,JNB,6400,12,Tue,6,2.8,True,0,0,260,350,0.745,3080.55
British Airways,DXB,LHR,5500,7,Sat,12,3.42,True,0,0,350,350,1.0,3465.0
Turkish Airlines,DXB,LHR,5500,8,Sun,17,5.51,False,0,0,207,350,0.592,2607.27
Singapore Airlines,DXB,FRA,4800,9,Sat,17,5.39,False,1,86,315,350,0.901,3126.11
Emirates,DXB,JNB,6400,5,Mon,17,6.55,False,0,0,206,350,0.59,2736.99
Emirates,DXB,JFK,11000,3,Sat,10,9.14,False,0,0,214,350,0.614,3487.91
Emirates,DXB,NRT,7900,3,Wed,19,7.56,False,1,16,242,350,0.693,3207.35
Turkish Airlines,DXB,BOM,1900,10,Sun,4,7.47,False,0,0,269,350,0.771,2370.54
Qatar Airways,DXB,JNB,6400,10,Sat,20,4.64,False,0,0,283,350,0.811,3225.02
Turkish Airlines,DXB,CDG,5200,1,Sun,22,4.33,True,0,0,335,350,0.958,3318.13
Etihad,DXB,SIN,5900,11,Sun,11,7.91,False,0,0,211,350,0.604,2692.78
Singapore Airlines,DXB,CDG,5200,10,Fri,21,5.8,False,0,0,195,350,0.56,2497.42
Singapore Airlines,DXB,NRT,7900,1,Sun,0,5.38,True,1,268,304,350,0.871,3631.61
Qatar Airways,DXB,BKK,4900,10,Tue,12,7.68,False,0,0,256,350,0.734,2806.16
Emirates,DXB,FRA,4800,5,Wed,17,4.56,False,0,0,269,350,0.771,2863.77
Etihad,DXB,JFK,11000,8,Fri,4,8.48,False,0,0,188,350,0.538,3279.44
Singapore Airlines,DXB,JNB,6400,3,Tue,14,7.04,False,0,0,203,350,0.582,2719.73
Qatar Airways,DXB,NRT,7900,12,Wed,8,4.56,True,0,0,224,350,0.643,3086.86
Etihad,DXB,FRA,4800,12,Tue,6,6.54,True,1,27,230,350,0.658,2637.92
British Airways,DXB,BKK,4900,11,Mon,22,5.37,False,0,0,323,350,0.924,3191.56
British Airways,DXB,FRA,4800,10,Sat,7,6.51,False,0,0,256,350,0.733,2788.27
Qatar Airways,DXB,SIN,5900,6,Sat,1,2.76,True,1,114,350,350,1.0,3544.2
Emirates,DXB,BKK,4900,1,Mon,12,6.31,True,1,47,324,350,0.927,3197.74
Turkish Airlines,DXB,BOM,1900,2,Wed,21,3.62,False,1,178,166,350,0.476,1877.77
Singapore Airlines,DXB,JFK,11000,6,Wed,3,7.04,True,1,17,284,350,0.814,4039.55
Emirates,DXB,BOM,1900,10,Sun,22,5.55,False,0,0,215,350,0.617,2113.49
Emirates,DXB,JFK,11000,2,Thu,6,6.47,False,0,0,241,350,0.691,3701.17
Qatar Airways,DXB,LHR,5500,4,Fri,19,8.66,False,1,89,194,350,0.556,2532.89
Qatar Airways,DXB,BOM,1900,7,Sat,16,5.64,True,0,0,350,350,1.0,2752.2
Emirates,DXB,CDG,5200,12,Fri,19,7.83,True,0,0,292,350,0.835,3065.36
Emirates,DXB,JNB,6400,11,Wed,21,8.07,False,0,0,221,350,0.634,2835.56
Emirates,DXB,CDG,5200,6,Sat,5,2.77,True,0,0,321,350,0.92,3240.16
Emirates,DXB,BOM,1900,3,Sun,9,8.81,False,0,0,241,350,0.69,2235.86
Etihad,DXB,NRT,7900,12,Sun,1,3.33,True,1,16,350,350,1.0,3940.2
Etihad,DXB,JFK,11000,9,Mon,16,2.76,False,0,0,236,350,0.676,3658.66
Qatar Airways,DXB,CDG,5200,5,Sat,5,6.52,False,1,103,262,350,0.751,2890.99
Etihad,DXB,FRA,4800,4,Thu,4,5.0,False,0,0,197,350,0.564,2448.32
Singapore Airlines,DXB,FRA,4800,7,Sun,4,4.59,True,0,0,313,350,0.896,3116.33
British Airways,DXB,FRA,4800,8,Sun,21,2.43,False,1,29,247,350,0.706,2734.33
Qatar Airways,DXB,CDG,5200,4,Fri,14,9.86,False,0,0,248,350,0.709,2804.49
British Airways,DXB,LHR,5500,7,Thu,9,5.46,True,0,0,324,350,0.926,3310.44
Singapore Airlines,DXB,BKK,4900,10,Tue,15,6.44,False,0,0,239,350,0.685,2707.41
Etihad,DXB,JFK,11000,2,Mon,21,10.0,False,0,0,220,350,0.629,3530.21
Qatar Airways,DXB,LHR,5500,1,Tue,4,4.25,True,0,0,260,350,0.744,2926.86
Turkish Airlines,DXB,BOM,1900,9,Sat,10,5.04,False,1,20,245,350,0.701,2253.87
Qatar Airways,DXB,BKK,4900,9,Sun,11,3.68,False,0,0,256,350,0.733,2805.57
Etihad,DXB,FRA,4800,12,Thu,18,4.16,True,0,0,268,350,0.767,2855.83
Turkish Airlines,DXB,NRT,7900,12,Fri,6,5.89,True,0,0,350,350,1.0,3940.2
Etihad,DXB,SIN,5900,1,Thu,3,1.67,True,0,0,283,350,0.809,3134.34
Emirates,DXB,SIN,5900,9,Thu,4,3.19,False,0,0,200,350,0.573,2626.03
Emirates,DXB,LHR,5500,2,Sun,9,2.52,False,1,21,233,350,0.666,2764.03
Turkish Airlines,DXB,LHR,5500,8,Tue,7,6.06,False,0,0,191,350,0.548,2516.74
Emirates,DXB,SIN,5900,12,Mon,18,5.11,True,0,0,285,350,0.815,3147.05
Etihad,DXB,LHR,5500,2,Wed,22,4.96,False,0,0,223,350,0.638,2704.89
Emirates,DXB,JFK,11000,3,Sat,15,7.2,False,0,0,213,350,0.61,3476.48
Etihad,DXB,LHR,5500,10,Sun,23,5.8,False,1,39,176,350,0.503,2421.44
Emirates,DXB,NRT,7900,3,Tue,23,5.11,False,0,0,276,350,0.789,3435.91
Qatar Airways,DXB,SYD,12000,7,Wed,21,4.5,True,0,0,308,350,0.882,4413.19
Turkish Airlines,DXB,BKK,4900,12,Thu,13,5.98,True,0,0,339,350,0.97,3285.62
Etihad,DXB,BOM,1900,3,Fri,9,8.41,False,0,0,259,350,0.742,2322.64
British Airways,DXB,SIN,5900,3,Thu,2,6.47,False,0,0,196,350,0.561,2601.29
Etihad,DXB,BKK,4900,8,Tue,17,4.3,False,0,0,242,350,0.692,2721.76
Singapore Airlines,DXB,LHR,5500,6,Tue,12,4.96,True,0,0,322,350,0.92,3297.94
British Airways,DXB,LHR,5500,8,Mon,2,4.7,False,0,0,221,350,0.632,2691.19
Qatar Airways,DXB,SYD,12000,9,Thu,1,6.58,False,1,118,211,350,0.604,3610.88
Singapore Airlines,DXB,SYD,12000,2,Thu,17,3.91,False,0,0,222,350,0.634,3699.19
Emirates,DXB,SIN,5900,4,Thu,8,7.93,False,1,119,250,350,0.717,2935.77
Emirates,DXB,SYD,12000,9,Sun,14,0.94,False,0,0,236,350,0.675,3817.05
Emirates,DXB,NRT,7900,12,Fri,18,3.67,True,0,0,350,350,1.0,3940.2
Qatar Airways,DXB,CDG,5200,6,Fri,20,6.46,True,0,0,323,350,0.925,3250.57
Etihad,DXB,JFK,11000,12,Sat,3,5.34,True,0,0,295,350,0.845,4125.38
Emirates,DXB,JFK,11000,9,Sat,9,2.64,False,0,0,227,350,0.65,3586.76
Emirates,DXB,NRT,7900,5,Sun,7,5.19,False,0,0,248,350,0.709,3246.01
Etihad,DXB,NRT,7900,10,Sun,17,6.45,False,0,0,284,350,0.812,3490.78
Qatar Airways,DXB,NRT,7900,5,Fri,16,4.71,False,0,0,172,350,0.492,2727.36
Qatar Airways,DXB,JFK,11000,8,Fri,5,8.73,False,0,0,253,350,0.726,3796.41
Emirates,DXB,BKK,4900,9,Fri,14,5.37,False,0,0,285,350,0.816,2973.07
Singapore Airlines,DXB,CDG,5200,9,Sat,9,5.94,False,0,0,238,350,0.683,2750.53
Emirates,DXB,FRA,4800,3,Sun,20,5.58,False,0,0,273,350,0.781,2884.46
Singapore Airlines,DXB,BOM,1900,2,Sat,3,6.04,False,0,0,285,350,0.816,2444.95
Qatar Airways,DXB,SYD,12000,12,Wed,23,5.78,True,0,0,170,350,0.487,3274.28
Etihad,DXB,JNB,6400,5,Sat,2,5.04,False,1,106,194,350,0.556,2662.13
Singapore Airlines,DXB,BOM,1900,12,Fri,22,4.81,True,0,0,288,350,0.823,2457.57
Etihad,DXB,JFK,11000,7,Wed,11,4.69,True,1,23,287,350,0.821,4059.73
British Airways,DXB,SIN,5900,7,Thu,8,3.36,True,0,0,293,350,0.84,3200.32
British Airways,DXB,BKK,4900,11,Thu,12,9.46,False,0,0,277,350,0.793,2926.06
Emirates,DXB,SIN,5900,6,Mon,18,6.59,True,0,0,350,350,1.0,3544.2
Singapore Airlines,DXB,JFK,11000,3,Sun,5,4.28,False,0,0,265,350,0.759,3887.63
Turkish Airlines,DXB,BKK,4900,6,Sat,10,4.34,True,0,0,331,350,0.947,3239.65
Etihad,DXB,FRA,4800,5,Tue,19,5.37,False,0,0,350,350,1.0,3326.4
Emirates,DXB,BOM,1900,7,Fri,18,5.63,True,0,0,345,350,0.986,2729.0
British Airways,DXB,FRA,4800,9,Fri,11,5.19,False,0,0,219,350,0.628,2577.31
British Airways,DXB,LHR,5500,3,Tue,15,7.24,False,1,67,178,350,0.51,2436.2
Emirates,DXB,FRA,4800,4,Mon,21,5.77,False,0,0,219,350,0.626,2571.98
Emirates,DXB,BKK,4900,3,Sat,21,6.15,False,0,0,195,350,0.559,2452.61
Emirates,DXB,JFK,11000,3,Sat,3,8.09,False,0,0,179,350,0.512,3206.81
Emirates,DXB,SIN,5900,12,Wed,5,5.86,True,0,0,246,350,0.705,2909.59
Singapore Airlines,DXB,JFK,11000,5,Sat,9,3.27,False,1,16,293,350,0.839,4110.33
Emirates,DXB,JFK,11000,11,Mon,6,7.33,False,0,0,211,350,0.603,3459.13
Emirates,DXB,CDG,5200,8,Tue,22,3.75,False,0,0,203,350,0.582,2543.28
Turkish Airlines,DXB,SIN,5900,11,Sat,10,6.59,False,0,0,302,350,0.863,3250.57
Emirates,DXB,SYD,12000,6,Wed,4,5.54,True,0,0,350,350,1.0,4752.0
Emirates,DXB,JNB,6400,2,Sun,13,6.29,False,0,0,205,350,0.588,2733.17
Turkish Airlines,DXB,BKK,4900,3,Mon,1,8.75,False,0,0,205,350,0.586,2507.53
British Airways,DXB,LHR,5500,10,Thu,20,6.02,False,0,0,213,350,0.61,2645.41
Emirates,DXB,JNB,6400,6,Wed,6,7.97,True,0,0,334,350,0.956,3546.85
British Airways,DXB,SYD,12000,11,Tue,2,6.81,False,1,18,211,350,0.604,3612.18
Qatar Airways,DXB,JFK,11000,8,Sun,16,4.39,False,0,0,220,350,0.631,3535.36
Etihad,DXB,NRT,7900,12,Fri,0,5.35,True,0,0,350,350,1.0,3940.2
Singapore Airlines,DXB,LHR,5500,4,Thu,20,7.68,False,0,0,211,350,0.603,2631.04
British Airways,DXB,SYD,12000,4,Fri,15,4.36,False,0,0,276,350,0.791,4150.71
Singapore Airlines,DXB,JFK,11000,2,Tue,0,3.51,False,1,106,244,350,0.699,3723.01
Qatar Airways,DXB,BOM,1900,7,Mon,7,8.98,True,0,0,263,350,0.752,2338.78
Singapore Airlines,DXB,NRT,7900,12,Wed,14,4.17,True,0,0,276,350,0.789,3436.25
Emirates,DXB,BKK,4900,8,Tue,14,5.74,False,0,0,148,350,0.423,2176.08
British Airways,DXB,CDG,5200,10,Thu,4,6.95,False,0,0,197,350,0.565,2508.79
Qatar Airways,DXB,SIN,5900,2,Fri,16,3.56,False,1,48,225,350,0.644,2778.93
Emirates,DXB,BOM,1900,3,Sat,5,7.78,False,0,0,341,350,0.976,2711.9
Singapore Airlines,DXB,JNB,6400,11,Sat,18,8.33,False,0,0,327,350,0.935,3499.15
Qatar Airways,DXB,BOM,1900,8,Tue,15,3.54,False,0,0,256,350,0.732,2305.13
Qatar Airways,DXB,LHR,5500,3,Fri,23,6.51,False,0,0,214,350,0.612,2651.0
Emirates,DXB,CDG,5200,10,Tue,15,4.98,False,0,0,271,350,0.777,2944.31
Turkish Airlines,DXB,BOM,1900,6,Fri,8,7.55,True,0,0,342,350,0.978,2715.85
Singapore Airlines,DXB,BOM,1900,1,Thu,0,4.23,True,1,36,287,350,0.821,2452.82
Emirates,DXB,JNB,6400,8,Mon,5,6.89,False,1,60,252,350,0.722,3029.11
Etihad,DXB,FRA,4800,5,Tue,18,6.38,False,0,0,260,350,0.745,2811.72
Qatar Airways,DXB,NRT,7900,4,Fri,18,6.6,False,0,0,342,350,0.978,3887.04
Qatar Airways,DXB,BKK,4900,5,Fri,22,2.95,False,1,40,188,350,0.539,2411.18
Emirates,DXB,BKK,4900,9,Mon,20,5.48,False,0,0,196,350,0.562,2458.14
Qatar Airways,DXB,SYD,12000,7,Sun,8,2.1,True,0,0,312,350,0.893,4444.22
Singapore Airlines,DXB,NRT,7900,8,Sat,3,4.7,False,0,0,213,350,0.609,3005.5
Qatar Airways,DXB,JFK,11000,12,Wed,10,3.9,True,0,0,236,350,0.675,3657.71
Emirates,DXB,JFK,11000,9,Fri,8,7.19,False,0,0,255,350,0.73,3809.7
Etihad,DXB,BOM,1900,4,Sun,4,5.87,False,0,0,252,350,0.721,2286.25
Etihad,DXB,JFK,11000,12,Sun,7,5.49,True,0,0,342,350,0.978,4493.94
Qatar Airways,DXB,BOM,1900,3,Fri,20,5.31,False,1,64,286,350,0.82,2451.34
Etihad,DXB,FRA,4800,5,Tue,6,3.1,False,0,0,322,350,0.922,3169.58
Turkish Airlines,DXB,CDG,5200,9,Thu,7,7.94,False,0,0,184,350,0.526,2428.16
Etihad,DXB,JNB,6400,12,Sat,4,5.57,True,1,67,302,350,0.865,3345.42
Turkish Airlines,DXB,CDG,5200,3,Tue,2,8.73,False,0,0,166,350,0.476,2324.51
Emirates,DXB,LHR,5500,12,Sun,17,5.56,True,0,0,350,350,1.0,3465.0
Turkish Airlines,DXB,LHR,5500,9,Fri,3,4.26,False,0,0,286,350,0.819,3084.42
Emirates,DXB,SIN,5900,11,Sat,9,6.05,False,1,55,197,350,0.563,2605.98
Emirates,DXB,BKK,4900,4,Tue,17,6.82,False,1,125,294,350,0.842,3026.42
Emirates,DXB,SIN,5900,5,Wed,1,4.15,False,0,0,187,350,0.536,2546.55
Emirates,DXB,JFK,11000,6,Sat,4,4.76,True,0,0,286,350,0.82,4056.96
Qatar Airways,DXB,LHR,5500,9,Tue,2,4.83,False,0,0,210,350,0.602,2628.73
Qatar Airways,DXB,BOM,1900,6,Thu,13,7.29,True,0,0,279,350,0.799,2416.65
Qatar Airways,DXB,SYD,12000,8,Fri,21,6.61,False,0,0,252,350,0.721,3948.8
Singapore Airlines,DXB,CDG,5200,5,Wed,23,5.98,False,0,0,281,350,0.803,2999.74
Emirates,DXB,SIN,5900,11,Sat,16,4.75,False,0,0,249,350,0.712,2925.46
Qatar Airways,DXB,SIN,5900,12,Thu,10,3.87,True,1,30,274,350,0.784,3080.45
Emirates,DXB,SIN,5900,3,Sun,14,5.8,False,0,0,186,350,0.533,2540.2
Turkish Airlines,DXB,NRT,7900,5,Tue,15,4.82,False,0,0,180,350,0.515,2781.25
Emirates,DXB,SYD,12000,9,Wed,9,6.2,False,0,0,167,350,0.478,3249.24
Qatar Airways,DXB,SIN,5900,6,Thu,12,3.6,True,1,90,336,350,0.963,3464.4
Etihad,DXB,FRA,4800,10,Mon,12,6.08,False,0,0,192,350,0.549,2417.14
Turkish Airlines,DXB,LHR,5500,11,Thu,16,8.61,False,0,0,262,350,0.75,2940.98
Turkish Airlines,DXB,SIN,5900,8,Tue,3,6.9,False,0,0,219,350,0.628,2744.64
British Airways,DXB,BKK,4900,10,Sun,18,7.64,False,1,59,168,350,0.482,2296.63
Qatar Airways,DXB,FRA,4800,12,Thu,20,2.93,True,0,0,350,350,1.0,3326.4
Etihad,DXB,CDG,5200,10,Fri,14,7.78,False,0,0,267,350,0.763,2916.77
Etihad,DXB,NRT,7900,8,Wed,20,6.85,False,0,0,270,350,0.773,3397.14
Singapore Airlines,DXB,LHR,5500,11,Sat,23,7.39,False,0,0,279,350,0.8,3045.0
Turkish Airlines,DXB,LHR,5500,1,Tue,1,5.65,True,0,0,275,350,0.788,3020.49
British Airways,DXB,BOM,1900,4,Fri,10,8.23,False,0,0,237,350,0.677,2214.24
Qatar Airways,DXB,CDG,5200,9,Wed,19,3.61,False,0,0,260,350,0.745,2879.55
British Airways,DXB,BOM,1900,1,Mon,13,6.72,True,0,0,286,350,0.818,2449.16
Emirates,DXB,SYD,12000,8,Tue,4,3.13,False,0,0,224,350,0.64,3716.4
Qatar Airways,DXB,JFK,11000,5,Thu,10,5.17,False,0,0,161,350,0.461,3067.09
Turkish Airlines,DXB,SIN,5900,4,Tue,5,8.55,False,0,0,237,350,0.679,2855.4
Turkish Airlines,DXB,SYD,12000,12,Thu,9,3.66,True,0,0,350,350,1.0,4752.0
Etihad,DXB,LHR,5500,5,Fri,1,7.18,False,0,0,300,350,0.859,3169.39
Turkish Airlines,DXB,JFK,11000,12,Sat,23,3.98,True,1,16,342,350,0.98,4497.8
Qatar Airways,DXB,JFK,11000,5,Mon,10,6.69,False,1,61,139,350,0.399,2895.09
Qatar Airways,DXB,LHR,5500,9,Sat,1,4.19,False,0,0,320,350,0.917,3290.91
Emirates,DXB,JNB,6400,11,Sun,11,6.63,False,0,0,196,350,0.56,2672.63
Etihad,DXB,SYD,12000,10,Sun,9,6.23,False,0,0,274,350,0.783,4127.09
Emirates,DXB,SYD,12000,8,Fri,16,1.2,False,1,30,235,350,0.674,3813.53
Etihad,DXB,JNB,6400,11,Sat,10,7.54,False,0,0,264,350,0.757,3105.88
Qatar Airways,DXB,CDG,5200,10,Fri,4,6.75,False,0,0,233,350,0.667,2719.17
Turkish Airlines,DXB,BKK,4900,6,Thu,6,4.95,True,0,0,349,350,0.999,3344.02
Emirates,DXB,JNB,6400,6,Sun,15,3.02,True,0,0,251,350,0.718,3019.58
Emirates,DXB,SIN,5900,1,Mon,13,5.45,True,0,0,319,350,0.914,3359.37
Emirates,DXB,SYD,12000,12,Wed,16,8.52,True,0,0,173,350,0.495,3298.96
British Airways,DXB,NRT,7900,6,Fri,16,2.94,True,0,0,350,350,1.0,3940.2
Etihad,DXB,CDG,5200,8,Thu,23,9.76,False,0,0,248,350,0.71,2807.85
Turkish Airlines,DXB,SIN,5900,10,Sat,13,5.03,False,1,112,267,350,0.766,3040.72
Etihad,DXB,NRT,7900,11,Thu,16,9.06,False,0,0,284,350,0.813,3492.88
British Airways,DXB,CDG,5200,3,Sat,5,7.13,False,0,0,308,350,0.882,3162.71
Etihad,DXB,BOM,1900,6,Wed,23,5.42,True,0,0,265,350,0.759,2349.7
Emirates,DXB,NRT,7900,10,Fri,1,5.27,False,0,0,264,350,0.755,3355.8
Singapore Airlines,DXB,BOM,1900,11,Mon,9,4.87,False,0,0,246,350,0.704,2257.64
Turkish Airlines,DXB,NRT,7900,6,Tue,22,4.83,True,0,0,290,350,0.829,3532.4
Emirates,DXB,JFK,11000,6,Sun,18,1.84,True,0,0,309,350,0.884,4233.14
Etihad,DXB,JNB,6400,1,Tue,22,3.77,True,0,0,292,350,0.836,3280.52
Qatar Airways,DXB,JNB,6400,10,Sat,20,8.26,False,0,0,247,350,0.708,2998.89
Emirates,DXB,NRT,7900,8,Wed,18,6.24,False,0,0,240,350,0.687,3192.85
Emirates,DXB,FRA,4800,4,Sun,15,9.02,False,0,0,272,350,0.779,2879.96
Etihad,DXB,FRA,4800,6,Fri,9,7.13,True,1,58,293,350,0.838,2999.65
Singapore Airlines,DXB,SIN,5900,9,Tue,22,7.8,False,1,99,274,350,0.785,3081.85
Emirates,DXB,JFK,11000,7,Sat,19,4.05,True,1,48,343,350,0.981,4500.67
Etihad,DXB,LHR,5500,6,Wed,14,6.97,True,0,0,337,350,0.965,3391.13
Emirates,DXB,BOM,1900,6,Sat,19,4.28,True,0,0,308,350,0.882,2555.08
Singapore Airlines,DXB,FRA,4800,12,Sun,3,4.73,True,0,0,301,350,0.86,3044.16
Etihad,DXB,SYD,12000,5,Sun,9,3.89,False,0,0,306,350,0.874,4390.16
British Airways,DXB,JNB,6400,11,Sat,0,5.89,False,0,0,260,350,0.743,3076.04
Singapore Airlines,DXB,NRT,7900,5,Tue,17,4.98,False,1,23,303,350,0.868,3624.24
Etihad,DXB,CDG,5200,4,Thu,4,8.63,False,0,0,146,350,0.418,2204.39
Etihad,DXB,JFK,11000,4,Fri,0,5.05,False,1,95,260,350,0.743,3844.59
Emirates,DXB,NRT,7900,2,Sat,20,5.55,False,0,0,209,350,0.599,2983.4
Emirates,DXB,CDG,5200,3,Sat,3,6.89,False,0,0,226,350,0.646,2675.9
Singapore Airlines,DXB,JNB,6400,12,Sat,15,3.66,True,1,44,222,350,0.635,2837.53
Emirates,DXB,BKK,4900,12,Sun,22,6.14,True,0,0,261,350,0.747,2832.16
British Airways,DXB,SIN,5900,2,Tue,2,2.23,False,0,0,210,350,0.603,2690.86
Emirates,DXB,BOM,1900,7,Wed,6,4.75,True,0,0,324,350,0.926,2629.24
Emirates,DXB,JNB,6400,11,Thu,0,4.66,False,0,0,182,350,0.522,2587.52
Emirates,DXB,LHR,5500,9,Sun,16,5.74,False,0,0,243,350,0.697,2828.44
Singapore Airlines,DXB,BOM,1900,12,Sun,1,4.92,True,1,53,308,350,0.883,2556.33
Emirates,DXB,BKK,4900,8,Sun,5,5.46,False,0,0,302,350,0.866,3073.85
Singapore Airlines,DXB,LHR,5500,11,Fri,17,4.3,False,0,0,309,350,0.884,3221.83
Etihad,DXB,FRA,4800,2,Mon,17,5.12,False,0,0,212,350,0.607,2534.75
Emirates,DXB,CDG,5200,7,Wed,21,3.45,True,1,53,226,350,0.648,2678.34
Qatar Airways,DXB,FRA,4800,3,Wed,15,7.82,False,0,0,107,350,0.308,1931.67
Etihad,DXB,CDG,5200,6,Wed,16,4.22,True,0,0,291,350,0.832,3059.48
Emirates,DXB,CDG,5200,6,Sun,12,6.55,True,0,0,339,350,0.97,3344.49
Emirates,DXB,LHR,5500,6,Sun,4,3.11,True,0,0,320,350,0.915,3286.49
Qatar Airways,DXB,FRA,4800,9,Sun,21,5.63,False,0,0,182,350,0.522,2362.31
British Airways,DXB,SIN,5900,4,Mon,14,7.77,False,0,0,281,350,0.804,3122.24
Emirates,DXB,CDG,5200,4,Sat,15,6.45,False,0,0,291,350,0.831,3057.71
Etihad,DXB,FRA,4800,6,Tue,20,4.9,True,0,0,286,350,0.818,2959.17
Emirates,DXB,LHR,5500,10,Thu,3,4.7,False,0,0,242,350,0.693,2819.5
Turkish Airlines,DXB,JFK,11000,10,Tue,11,6.84,False,0,0,229,350,0.656,3603.73
British Airways,DXB,LHR,5500,1,Fri,22,4.74,True,0,0,350,350,1.0,3465.0
Turkish Airlines,DXB,JNB,6400,9,Fri,20,5.0,False,0,0,290,350,0.831,3270.07
Emirates,DXB,CDG,5200,1,Tue,1,6.61,True,1,60,229,350,0.654,2692.31
Turkish Airlines,DXB,BOM,1900,5,Fri,22,6.42,False,0,0,207,350,0.592,2072.18
Emirates,DXB,NRT,7900,9,Sat,2,4.37,False,0,0,186,350,0.533,2824.89
Etihad,DXB,SYD,12000,12,Sun,21,4.92,True,0,0,342,350,0.979,4692.05
British Airways,DXB,SYD,12000,8,Wed,23,3.94,False,1,33,213,350,0.611,3632.28
Emirates,DXB,SIN,5900,11,Thu,9,5.71,False,0,0,163,350,0.468,2400.43
Etihad,DXB,CDG,5200,1,Sat,12,5.08,True,0,0,350,350,1.0,3405.6
Emirates,DXB,LHR,5500,7,Thu,6,5.46,True,0,0,298,350,0.852,3154.11
Etihad,DXB,JNB,6400,12,Mon,9,5.4,True,0,0,350,350,1.0,3643.2
Emirates,DXB,BOM,1900,7,Sun,11,4.71,True,0,0,293,350,0.84,2484.75
Etihad,DXB,BOM,1900,10,Thu,2,9.35,False,0,0,245,350,0.702,2255.35
Emirates,DXB,BOM,1900,1,Fri,19,4.93,True,0,0,350,350,1.0,2752.2
Etihad,DXB,JFK,11000,4,Sun,13,4.69,False,1,103,170,350,0.486,3136.73
Singapore Airlines,DXB,LHR,5500,12,Sat,3,2.41,True,0,0,330,350,0.944,3346.86
Emirates,DXB,LHR,5500,9,Sat,9,5.31,False,0,0,232,350,0.665,2761.6
Turkish Airlines,DXB,NRT,7900,6,Thu,22,5.42,True,1,22,324,350,0.926,3763.89
Turkish Airlines,DXB,BOM,1900,3,Mon,1,10.0,False,0,0,123,350,0.354,1674.37
Singapore Airlines,DXB,FRA,4800,5,Wed,6,2.83,False,0,0,206,350,0.59,2498.9
Singapore Airlines,DXB,LHR,5500,4,Mon,16,4.78,False,0,0,195,350,0.56,2540.54
Emirates,DXB,JFK,11000,10,Fri,16,6.43,False,0,0,275,350,0.786,3963.48
Etihad,DXB,SYD,12000,8,Thu,16,5.36,False,0,0,270,350,0.772,4095.3
Emirates,DXB,BOM,1900,2,Sun,1,7.3,False,0,0,194,350,0.555,2010.18
Singapore Airlines,DXB,JNB,6400,2,Mon,5,3.93,False,1,103,168,350,0.483,2500.94
Qatar Airways,DXB,SIN,5900,12,Sun,5,6.74,True,0,0,347,350,0.992,3526.3
Emirates,DXB,SIN,5900,12,Thu,12,5.44,True,0,0,350,350,1.0,3544.2
Emirates,DXB,FRA,4800,10,Tue,7,8.19,False,1,122,190,350,0.545,2408.95
Qatar Airways,DXB,JNB,6400,2,Sun,21,2.88,False,0,0,309,350,0.883,3384.65
Qatar Airways,DXB,SIN,5900,3,Sun,6,6.68,False,0,0,206,350,0.591,2666.33
Etihad,DXB,LHR,5500,11,Fri,1,10.0,False,1,74,274,350,0.785,3013.11
Turkish Airlines,DXB,BKK,4900,4,Mon,4,4.15,False,0,0,317,350,0.908,3160.25
Qatar Airways,DXB,JNB,6400,11,Sat,8,3.81,False,0,0,334,350,0.954,3542.62
Singapore Airlines,DXB,JFK,11000,5,Sun,9,4.18,False,0,0,264,350,0.756,3880.72
Singapore Airlines,DXB,SIN,5900,7,Sun,18,5.58,True,0,0,279,350,0.799,3111.67
Turkish Airlines,DXB,LHR,5500,8,Sun,15,7.2,False,0,0,248,350,0.709,2854.28
Emirates,DXB,JNB,6400,2,Wed,21,5.17,False,0,0,287,350,0.821,3247.73
Emirates,DXB,LHR,5500,1,Fri,15,4.58,True,0,0,315,350,0.902,3260.16
British Airways,DXB,SYD,12000,11,Thu,8,4.86,False,0,0,289,350,0.827,4254.78
Turkish Airlines,DXB,SIN,5900,6,Thu,3,3.67,True,0,0,215,350,0.617,2720.83
Etihad,DXB,LHR,5500,5,Sun,4,4.85,False,0,0,316,350,0.904,3263.15
British Airways,DXB,CDG,5200,11,Wed,11,5.86,False,0,0,272,350,0.779,2949.78
Qatar Airways,DXB,FRA,4800,1,Fri,20,5.66,True,0,0,346,350,0.991,3307.34
Emirates,DXB,CDG,5200,7,Fri,15,4.78,True,0,0,350,350,1.0,3405.6
Etihad,DXB,SYD,12000,6,Wed,23,5.2,True,0,0,350,350,1.0,4752.0
Singapore Airlines,DXB,BKK,4900,4,Sun,22,8.44,False,0,0,155,350,0.445,2221.6
Emirates,DXB,SIN,5900,12,Sun,18,5.16,True,0,0,309,350,0.885,3297.55
Emirates,DXB,BOM,1900,7,Wed,1,3.93,True,0,0,279,350,0.8,2418.56
Turkish Airlines,DXB,SIN,5900,9,Mon,1,6.01,False,0,0,225,350,0.646,2783.17
Emirates,DXB,LHR,5500,11,Fri,0,4.75,False,0,0,308,350,0.882,3217.08
British Airways,DXB,SYD,12000,1,Wed,15,3.46,True,0,0,290,350,0.829,4259.0
Qatar Airways,DXB,BKK,4900,8,Tue,14,5.5,False,0,0,158,350,0.453,2236.76
Singapore Airlines,DXB,SYD,12000,11,Sun,15,6.22,False,0,0,273,350,0.782,4123.76
British Airways,DXB,JNB,6400,7,Sat,15,5.72,True,0,0,310,350,0.888,3395.3
British Airways,DXB,JFK,11000,11,Tue,9,10.0,False,0,0,201,350,0.575,3381.21
Singapore Airlines,DXB,FRA,4800,1,Thu,6,6.12,True,0,0,323,350,0.924,3173.88
Emirates,DXB,SYD,12000,11,Wed,7,8.59,False,0,0,233,350,0.667,3793.9
Etihad,DXB,JNB,6400,7,Sun,13,7.62,True,0,0,223,350,0.638,2844.64
Singapore Airlines,DXB,NRT,7900,7,Mon,21,5.74,True,0,0,264,350,0.755,3354.58
Etihad,DXB,FRA,4800,5,Thu,22,3.94,False,1,31,238,350,0.68,2681.28
Qatar Airways,DXB,JNB,6400,7,Mon,1,4.63,True,0,0,300,350,0.86,3333.03
British Airways,DXB,FRA,4800,7,Fri,14,3.86,True,1,18,319,350,0.913,3150.88
Singapore Airlines,DXB,LHR,5500,3,Fri,6,6.11,False,0,0,222,350,0.635,2699.48
Etihad,DXB,FRA,4800,1,Mon,14,5.94,True,0,0,309,350,0.884,3091.87
Singapore Airlines,DXB,BKK,4900,3,Thu,4,5.47,False,1,22,224,350,0.642,2620.18
Emirates,DXB,NRT,7900,2,Tue,8,5.49,False,0,0,227,350,0.65,3103.9
Singapore Airlines,DXB,JFK,11000,9,Wed,15,3.19,False,1,28,240,350,0.687,3690.48
Emirates,DXB,CDG,5200,5,Sat,0,4.34,False,0,0,265,350,0.757,2904.7
Emirates,DXB,BOM,1900,7,Wed,13,2.88,True,0,0,309,350,0.883,2556.85
Emirates,DXB,NRT,7900,8,Mon,22,5.16,False,0,0,191,350,0.548,2861.26
Emirates,DXB,JNB,6400,4,Wed,16,6.05,False,0,0,282,350,0.807,3216.46
Qatar Airways,DXB,LHR,5500,12,Sat,17,4.67,True,0,0,315,350,0.902,3258.6
Emirates,DXB,LHR,5500,1,Sat,16,4.51,True,1,54,304,350,0.871,3193.98
Qatar Airways,DXB,NRT,7900,5,Fri,23,4.1,False,0,0,255,350,0.729,3294.14
Singapore Airlines,DXB,LHR,5500,10,Wed,6,5.91,False,0,0,211,350,0.604,2632.82
Qatar Airways,DXB,JNB,6400,5,Thu,23,5.97,False,0,0,145,350,0.416,2352.64
British Airways,DXB,CDG,5200,3,Sat,16,5.88,False,0,0,271,350,0.774,2939.92
Etihad,DXB,BKK,4900,4,Thu,4,6.6,False,0,0,151,350,0.433,2196.89
Singapore Airlines,DXB,JFK,11000,6,Thu,19,3.36,True,0,0,301,350,0.86,4167.97
Emirates,DXB,CDG,5200,5,Sat,11,5.08,False,0,0,336,350,0.962,3326.29
British Airways,DXB,BOM,1900,11,Mon,23,6.04,False,0,0,333,350,0.953,2673.8
Etihad,DXB,BKK,4900,5,Fri,20,4.35,False,1,121,278,350,0.795,2931.26
Emirates,DXB,SYD,12000,8,Fri,1,6.79,False,0,0,289,350,0.828,4256.5
Qatar Airways,DXB,LHR,5500,1,Tue,6,7.25,True,0,0,314,350,0.899,3253.76
Etihad,DXB,BOM,1900,12,Sat,3,5.45,True,0,0,305,350,0.874,2541.53
Singapore Airlines,DXB,FRA,4800,4,Sun,3,8.31,False,0,0,271,350,0.777,2876.66
Emirates,DXB,JFK,11000,6,Mon,3,4.03,True,0,0,283,350,0.81,4029.93
Turkish Airlines,DXB,SIN,5900,3,Sat,1,9.27,False,0,0,202,350,0.578,2638.06
Emirates,DXB,CDG,5200,5,Wed,9,3.98,False,1,34,226,350,0.648,2678.59
Turkish Airlines,DXB,BOM,1900,3,Sat,5,6.53,False,0,0,236,350,0.676,2210.95
Singapore Airlines,DXB,JNB,6400,1,Sat,16,5.22,True,1,110,319,350,0.914,3453.67
Turkish Airlines,DXB,NRT,7900,8,Mon,23,3.32,False,0,0,267,350,0.765,3379.93
Turkish Airlines,DXB,SYD,12000,1,Wed,23,4.14,True,0,0,340,350,0.972,4672.59
Etihad,DXB,SIN,5900,10,Fri,18,8.53,False,0,0,230,350,0.658,2809.35
Singapore Airlines,DXB,JFK,11000,6,Wed,22,4.62,True,1,52,332,350,0.95,4416.77
Emirates,DXB,NRT,7900,12,Sun,4,4.48,True,0,0,328,350,0.939,3794.08
Singapore Airlines,DXB,BOM,1900,10,Fri,23,7.51,False,1,48,272,350,0.779,2384.29
Qatar Airways,DXB,CDG,5200,2,Mon,7,5.8,False,0,0,222,350,0.636,2655.14
Emirates,DXB,BKK,4900,2,Fri,2,6.54,False,0,0,308,350,0.881,3104.21
Emirates,DXB,SIN,5900,4,Mon,19,7.2,False,0,0,253,350,0.725,2953.58
Emirates,DXB,JNB,6400,6,Fri,21,6.54,True,0,0,350,350,1.0,3643.2
Qatar Airways,DXB,BOM,1900,7,Fri,20,4.75,True,0,0,350,350,1.0,2752.2
Etihad,DXB,LHR,5500,6,Sun,15,4.44,True,0,0,262,350,0.751,2941.95
Turkish Airlines,DXB,SYD,12000,5,Sun,18,6.72,False,0,0,250,350,0.717,3935.57
Qatar Airways,DXB,SIN,5900,6,Fri,5,5.87,True,0,0,342,350,0.98,3500.98
Singapore Airlines,DXB,LHR,5500,10,Mon,21,5.61,False,0,0,181,350,0.518,2453.24
British Airways,DXB,BOM,1900,5,Fri,18,3.36,False,1,73,276,350,0.79,2401.45
Turkish Airlines,DXB,BKK,4900,4,Wed,20,6.87,False,1,29,246,350,0.703,2743.75
Etihad,DXB,FRA,4800,1,Thu,21,5.55,True,0,0,257,350,0.735,2791.2
Etihad,DXB,CDG,5200,7,Mon,14,6.09,True,1,39,302,350,0.864,3124.66
Etihad,DXB,FRA,4800,2,Wed,17,4.23,False,1,59,196,350,0.561,2441.93
Emirates,DXB,FRA,4800,8,Thu,2,7.44,False,0,0,232,350,0.664,2648.34
Emirates,DXB,SIN,5900,9,Sat,3,5.42,False,0,0,191,350,0.547,2571.64
British Airways,DXB,JFK,11000,9,Sun,3,2.1,False,1,17,265,350,0.758,3886.02
Singapore Airlines,DXB,SYD,12000,11,Mon,18,7.32,False,1,43,246,350,0.704,3898.73
Etihad,DXB,NRT,7900,10,Wed,14,7.4,False,0,0,254,350,0.728,3291.27
Turkish Airlines,DXB,BKK,4900,6,Tue,6,7.52,True,0,0,333,350,0.951,3247.8
Emirates,DXB,SIN,5900,3,Wed,3,8.27,False,1,25,193,350,0.554,2586.72
Singapore Airlines,DXB,BKK,4900,8,Fri,8,5.02,False,0,0,238,350,0.682,2701.16
Singapore Airlines,DXB,SIN,5900,6,Wed,17,6.43,True,1,34,309,350,0.885,3297.19
Etihad,DXB,JNB,6400,10,Tue,17,6.48,False,0,0,284,350,0.813,3231.24
Singapore Airlines,DXB,LHR,5500,11,Fri,10,9.18,False,1,79,330,350,0.945,3349.58
Singapore Airlines,DXB,BKK,4900,9,Sat,23,6.68,False,0,0,201,350,0.575,2483.34
Singapore Airlines,DXB,JNB,6400,8,Thu,0,4.25,False,0,0,205,350,0.587,2731.05
Emirates,DXB,SIN,5900,1,Tue,5,6.15,True,0,0,287,350,0.821,3158.86
Turkish Airlines,DXB,BOM,1900,2,Wed,2,6.44,False,0,0,206,350,0.59,2068.9
Etihad,DXB,CDG,5200,1,Sat,0,2.5,True,0,0,304,350,0.87,3137.57
Emirates,DXB,CDG,5200,2,Sun,11,3.32,False,1,29,271,350,0.777,2944.94
Emirates,DXB,CDG,5200,2,Fri,13,4.71,False,0,0,316,350,0.906,3210.6
British Airways,DXB,JNB,6400,10,Sun,2,8.75,False,0,0,167,350,0.477,2489.37
British Airways,DXB,SYD,12000,4,Thu,21,7.93,False,0,0,248,350,0.709,3913.39
Qatar Airways,DXB,FRA,4800,12,Mon,0,4.69,True,0,0,271,350,0.776,2875.6
Emirates,DXB,LHR,5500,8,Wed,20,8.92,False,0,0,273,350,0.783,3008.95
Etihad,DXB,CDG,5200,3,Fri,10,8.03,False,0,0,222,350,0.635,2652.4
Turkish Airlines,DXB,JFK,11000,12,Sat,18,7.33,True,0,0,343,350,0.981,4502.37
Turkish Airlines,DXB,BKK,4900,4,Sun,23,8.6,False,1,278,262,350,0.751,2840.39
British Airways,DXB,SIN,5900,2,Sun,5,6.25,False,0,0,247,350,0.707,2914.91
Emirates,DXB,NRT,7900,11,Thu,19,8.51,False,0,0,231,350,0.662,3133.35
Singapore Airlines,DXB,CDG,5200,6,Wed,1,7.48,True,0,0,246,350,0.705,2796.49
Qatar Airways,DXB,LHR,5500,7,Thu,10,3.59,True,0,0,294,350,0.842,3134.13
Emirates,DXB,LHR,5500,10,Tue,12,7.81,False,0,0,241,350,0.69,2814.13
Etihad,DXB,JNB,6400,5,Tue,6,2.84,False,1,60,294,350,0.84,3290.14
Singapore Airlines,DXB,BKK,4900,2,Thu,9,1.5,False,0,0,205,350,0.586,2507.53
Emirates,DXB,LHR,5500,2,Mon,21,4.76,False,0,0,243,350,0.695,2825.52
Emirates,DXB,BKK,4900,4,Thu,4,5.35,False,0,0,234,350,0.67,2677.69
Qatar Airways,DXB,JNB,6400,4,Fri,3,5.59,False,1,25,251,350,0.717,3019.37
Emirates,DXB,JFK,11000,9,Sun,16,8.91,False,0,0,288,350,0.824,4068.23
Emirates,DXB,FRA,4800,10,Sun,14,4.68,False,0,0,211,350,0.604,2527.44
Qatar Airways,DXB,FRA,4800,3,Sun,1,6.8,False,0,0,209,350,0.598,2515.75
Emirates,DXB,SIN,5900,12,Sun,12,4.8,True,1,21,350,350,1.0,3544.2
Emirates,DXB,FRA,4800,7,Sat,6,5.72,True,0,0,334,350,0.956,3236.95
Emirates,DXB,NRT,7900,6,Tue,12,6.4,True,1,27,287,350,0.822,3514.37
British Airways,DXB,SIN,5900,3,Tue,5,6.46,False,0,0,192,350,0.551,2580.64
Etihad,DXB,JFK,11000,10,Sun,9,4.4,False,0,0,279,350,0.8,4001.89
Emirates,DXB,BOM,1900,6,Tue,21,5.02,True,0,0,277,350,0.792,2405.04
Etihad,DXB,LHR,5500,6,Tue,19,5.62,True,0,0,283,350,0.809,3064.38
Emirates,DXB,LHR,5500,10,Tue,2,4.84,False,0,0,238,350,0.681,2795.43
Etihad,DXB,BKK,4900,7,Tue,6,4.42,True,0,0,260,350,0.745,2829.55
Emirates,DXB,LHR,5500,11,Tue,15,7.01,False,0,0,293,350,0.839,3127.21
British Airways,DXB,BOM,1900,6,Tue,19,5.51,True,1,66,227,350,0.651,2169.43
Etihad,DXB,NRT,7900,11,Sat,0,6.35,False,0,0,314,350,0.898,3697.27
Emirates,DXB,CDG,5200,7,Fri,18,4.21,True,0,0,350,350,1.0,3405.6
Qatar Airways,DXB,LHR,5500,4,Fri,6,5.57,False,0,0,231,350,0.66,2751.37
Etihad,DXB,JFK,11000,8,Sat,12,5.78,False,0,0,235,350,0.674,3653.83
Etihad,DXB,CDG,5200,5,Wed,6,3.53,False,0,0,234,350,0.671,2727.33
British Airways,DXB,JFK,11000,10,Wed,7,8.33,False,0,0,199,350,0.571,3370.14
Emirates,DXB,NRT,7900,7,Mon,21,3.51,True,0,0,315,350,0.902,3705.94
Singapore Airlines,DXB,JFK,11000,3,Sun,1,8.3,False,0,0,201,350,0.575,3381.01
Singapore Airlines,DXB,SYD,12000,9,Fri,20,0.52,False,1,104,229,350,0.656,3759.88
Etihad,DXB,NRT,7900,5,Thu,4,4.96,False,0,0,227,350,0.65,3105.39
British Airways,DXB,LHR,5500,10,Wed,14,8.2,False,0,0,199,350,0.569,2559.2
British Airways,DXB,CDG,5200,6,Wed,18,3.85,True,1,262,232,350,0.663,2709.97
Qatar Airways,DXB,BOM,1900,7,Wed,11,8.09,True,0,0,278,350,0.795,2411.02
Singapore Airlines,DXB,JFK,11000,3,Sun,9,4.26,False,0,0,266,350,0.763,3898.69
Turkish Airlines,DXB,NRT,7900,1,Mon,13,3.66,True,0,0,284,350,0.812,3491.33
British Airways,DXB,LHR,5500,11,Wed,9,7.76,False,0,0,254,350,0.726,2890.26
Singapore Airlines,DXB,FRA,4800,9,Sun,4,7.47,False,0,0,256,350,0.733,2788.98
Emirates,DXB,BKK,4900,1,Mon,4,5.0,True,0,0,300,350,0.86,3061.52
Emirates,DXB,LHR,5500,1,Sun,5,5.59,True,0,0,350,350,1.0,3465.0
Singapore Airlines,DXB,JNB,6400,3,Wed,3,5.0,False,0,0,214,350,0.613,2788.28
Etihad,DXB,JNB,6400,6,Fri,0,4.72,True,0,0,347,350,0.994,3630.08
British Airways,DXB,NRT,7900,3,Fri,4,7.32,False,0,0,293,350,0.84,3557.13
Etihad,DXB,SYD,12000,9,Mon,23,4.7,False,0,0,155,350,0.445,3154.44
Emirates,DXB,LHR,5500,12,Tue,16,7.13,True,0,0,261,350,0.748,2935.83
Qatar Airways,DXB,JNB,6400,2,Thu,17,5.18,False,0,0,138,350,0.395,2307.3
Emirates,DXB,LHR,5500,10,Wed,13,8.67,False,0,0,215,350,0.615,2655.84
British Airways,DXB,JNB,6400,10,Fri,17,5.78,False,0,0,257,350,0.736,3060.51
Emirates,DXB,JNB,6400,5,Thu,10,7.11,False,0,0,288,350,0.824,3254.03
Turkish Airlines,DXB,JNB,6400,9,Tue,23,3.76,False,0,0,263,350,0.751,3094.51
Qatar Airways,DXB,SYD,12000,10,Sun,6,7.58,False,0,0,191,350,0.548,3450.49
British Airways,DXB,SIN,5900,2,Tue,17,7.49,False,0,0,290,350,0.829,3177.32
Turkish Airlines,DXB,SIN,5900,10,Thu,18,6.6,False,0,0,265,350,0.759,3026.58
British Airways,DXB,SYD,12000,2,Wed,16,4.23,False,0,0,257,350,0.735,3989.14
British Airways,DXB,JNB,6400,12,Tue,16,4.92,True,0,0,344,350,0.984,3608.63
Singapore Airlines,DXB,NRT,7900,12,Sat,19,6.38,True,0,0,307,350,0.879,3651.56
Turkish Airlines,DXB,JFK,11000,10,Fri,13,8.28,False,1,27,244,350,0.698,3721.66
British Airways,DXB,NRT,7900,9,Mon,15,7.02,False,1,41,226,350,0.647,3097.53
Etihad,DXB,JNB,6400,3,Tue,5,6.64,False,0,0,305,350,0.874,3365.09
Singapore Airlines,DXB,LHR,5500,4,Fri,21,8.97,False,0,0,192,350,0.55,2520.87
Qatar Airways,DXB,SIN,5900,6,Wed,5,6.5,True,0,0,221,350,0.632,2753.7
Qatar Airways,DXB,NRT,7900,9,Tue,7,5.96,False,0,0,269,350,0.771,3393.51
Qatar Airways,DXB,CDG,5200,3,Sun,5,5.56,False,0,0,281,350,0.803,2999.16
Qatar Airways,DXB,JFK,11000,1,Sun,9,5.67,True,0,0,350,350,1.0,4554.0
Singapore Airlines,DXB,BOM,1900,9,Wed,13,4.89,False,0,0,232,350,0.663,2189.85
British Airways,DXB,JFK,11000,6,Fri,19,6.23,True,1,18,308,350,0.883,4230.07
Emirates,DXB,BOM,1900,10,Wed,20,6.18,False,0,0,172,350,0.494,1908.09
Turkish Airlines,DXB,BOM,1900,8,Mon,2,2.83,False,0,0,230,350,0.66,2184.85
Emirates,DXB,JFK,11000,2,Thu,21,3.49,False,0,0,256,350,0.732,3813.89
Emirates,DXB,JNB,6400,3,Wed,16,4.7,False,0,0,270,350,0.774,3144.44
Emirates,DXB,CDG,5200,5,Wed,11,3.21,False,0,0,229,350,0.657,2697.12
British Airways,DXB,LHR,5500,5,Wed,16,6.27,False,0,0,229,350,0.656,2742.31
Qatar Airways,DXB,NRT,7900,4,Wed,15,8.05,False,0,0,209,350,0.598,2981.0
Singapore Airlines,DXB,CDG,5200,8,Thu,7,6.08,False,1,26,266,350,0.761,2911.96
Emirates,DXB,JNB,6400,9,Fri,0,2.43,False,0,0,302,350,0.865,3345.7
Emirates,DXB,FRA,4800,6,Wed,9,4.48,True,0,0,288,350,0.824,2971.24
Etihad,DXB,JFK,11000,2,Sat,15,5.45,False,0,0,282,350,0.808,4024.26
Emirates,DXB,JFK,11000,6,Sun,8,6.02,True,0,0,287,350,0.821,4059.43
Emirates,DXB,SIN,5900,3,Mon,15,8.83,False,0,0,233,350,0.667,2829.6
Etihad,DXB,FRA,4800,9,Sat,17,3.19,False,1,18,281,350,0.803,2929.71
Qatar Airways,DXB,JNB,6400,3,Wed,3,6.21,False,0,0,295,350,0.844,3299.3
Etihad,DXB,BKK,4900,5,Wed,4,3.71,False,1,31,239,350,0.684,2704.77
British Airways,DXB,SYD,12000,10,Fri,8,7.6,False,0,0,243,350,0.695,3873.49
Singapore Airlines,DXB,BKK,4900,7,Sun,13,2.0,True,0,0,318,350,0.911,3164.96
Turkish Airlines,DXB,CDG,5200,2,Mon,5,5.67,False,0,0,181,350,0.519,2412.64
Singapore Airlines,DXB,NRT,7900,10,Sat,15,6.63,False,1,23,246,350,0.706,3237.13
Emirates,DXB,SIN,5900,6,Tue,0,4.71,True,0,0,311,350,0.891,3309.51
Etihad,DXB,SIN,5900,10,Sun,16,9.36,False,0,0,217,350,0.621,2729.78
Etihad,DXB,JFK,11000,5,Tue,8,3.95,False,1,20,224,350,0.642,3566.1
Emirates,DXB,FRA,4800,2,Mon,11,3.96,False,1,46,226,350,0.646,2612.24
Etihad,DXB,SYD,12000,6,Mon,14,5.68,True,0,0,312,350,0.892,4440.23
Qatar Airways,DXB,SYD,12000,10,Tue,6,5.42,False,0,0,271,350,0.774,4102.23
Qatar Airways,DXB,CDG,5200,11,Thu,8,5.0,False,0,0,195,350,0.559,2495.37
Etihad,DXB,LHR,5500,6,Wed,4,3.01,True,0,0,246,350,0.704,2843.35
Singapore Airlines,DXB,CDG,5200,6,Tue,14,5.68,True,0,0,168,350,0.48,2332.86
Emirates,DXB,BKK,4900,1,Mon,19,3.17,True,0,0,347,350,0.992,3330.08
Emirates,DXB,JFK,11000,7,Sat,19,5.0,True,0,0,350,350,1.0,4554.0
Emirates,DXB,NRT,7900,10,Wed,16,8.79,False,0,0,255,350,0.73,3294.96
British Airways,DXB,BOM,1900,2,Thu,4,4.46,False,0,0,175,350,0.5,1918.85
Turkish Airlines,DXB,NRT,7900,3,Sun,20,8.65,False,1,24,232,350,0.664,3137.81
Etihad,DXB,JNB,6400,7,Fri,7,5.24,True,0,0,306,350,0.875,3366.65
Emirates,DXB,SIN,5900,2,Wed,22,2.73,False,1,42,323,350,0.923,3378.7
Emirates,DXB,SYD,12000,2,Tue,6,3.97,False,0,0,230,350,0.657,3765.54
Emirates,DXB,JNB,6400,8,Sat,12,4.92,False,0,0,303,350,0.867,3349.21
Turkish Airlines,DXB,JNB,6400,5,Wed,8,3.37,False,0,0,225,350,0.644,2856.13
Emirates,DXB,FRA,4800,8,Wed,20,5.22,False,0,0,249,350,0.712,2746.67
Emirates,DXB,BKK,4900,1,Sat,6,5.21,True,0,0,322,350,0.92,3184.55
Emirates,DXB,NRT,7900,6,Sat,13,5.3,True,0,0,307,350,0.879,3652.23
Qatar Airways,DXB,SYD,12000,11,Sun,4,9.07,False,0,0,254,350,0.728,3968.8
Emirates,DXB,JNB,6400,4,Sun,2,4.18,False,0,0,283,350,0.81,3223.52
Etihad,DXB,BOM,1900,2,Thu,0,6.5,False,1,30,300,350,0.859,2517.45
Etihad,DXB,LHR,5500,12,Thu,11,3.35,True,1,105,262,350,0.749,2938.48
Emirates,DXB,JNB,6400,7,Thu,13,8.02,True,0,0,282,350,0.808,3219.8
Singapore Airlines,DXB,BKK,4900,11,Thu,9,5.24,False,0,0,241,350,0.69,2716.92
Emirates,DXB,JNB,6400,6,Fri,8,5.49,True,0,0,350,350,1.0,3643.2
Singapore Airlines,DXB,BOM,1900,4,Tue,23,7.78,False,0,0,160,350,0.458,1848.86
Etihad,DXB,JNB,6400,1,Wed,5,4.11,True,0,0,255,350,0.729,3045.65
Emirates,DXB,NRT,7900,10,Tue,6,5.39,False,0,0,214,350,0.612,3013.96
Turkish Airlines,DXB,BKK,4900,5,Wed,19,6.09,False,1,17,259,350,0.742,2822.31
Emirates,DXB,NRT,7900,12,Thu,15,3.92,True,0,0,350,350,1.0,3940.2
Emirates,DXB,SYD,12000,5,Tue,4,7.53,False,0,0,269,350,0.771,4092.44
Emirates,DXB,CDG,5200,2,Thu,21,6.6,False,0,0,227,350,0.65,2683.13
Etihad,DXB,SYD,12000,10,Thu,8,7.93,False,1,26,241,350,0.691,3863.2
Qatar Airways,DXB,SIN,5900,12,Wed,16,5.15,True,0,0,308,350,0.88,3286.61
Singapore Airlines,DXB,FRA,4800,3,Mon,19,6.31,False,0,0,206,350,0.589,2498.42
Emirates,DXB,FRA,4800,1,Fri,19,4.28,True,0,0,315,350,0.901,3127.36
Etihad,DXB,SIN,5900,12,Thu,4,5.42,True,0,0,226,350,0.647,2785.2
Emirates,DXB,SYD,12000,1,Sat,19,5.3,True,0,0,313,350,0.895,4448.85
Etihad,DXB,SYD,12000,8,Fri,22,7.6,False,0,0,272,350,0.78,4116.97
Singapore Airlines,DXB,SYD,12000,12,Thu,9,5.48,True,0,0,289,350,0.826,4250.29
Etihad,DXB,SYD,12000,9,Sat,0,7.16,False,1,74,243,350,0.697,3879.24
Singapore Airlines,DXB,JFK,11000,6,Sun,23,6.32,True,0,0,350,350,1.0,4554.0
British Airways,DXB,BOM,1900,8,Sun,10,5.19,False,0,0,267,350,0.765,2359.85
Etihad,DXB,CDG,5200,5,Fri,20,6.64,False,1,63,285,350,0.817,3028.14
Emirates,DXB,NRT,7900,1,Thu,4,7.13,True,0,0,309,350,0.885,3664.59
British Airways,DXB,JNB,6400,10,Sat,20,4.27,False,0,0,229,350,0.654,2879.89
Turkish Airlines,DXB,SYD,12000,4,Thu,5,8.78,False,0,0,166,350,0.474,3238.14
Emirates,DXB,JNB,6400,8,Tue,19,6.68,False,0,0,273,350,0.78,3158.41
Turkish Airlines,DXB,CDG,5200,5,Thu,12,5.12,False,0,0,264,350,0.755,2899.83
British Airways,DXB,SYD,12000,4,Sun,16,5.78,False,0,0,189,350,0.541,3429.37
Turkish Airlines,DXB,CDG,5200,2,Sat,6,3.31,False,0,0,279,350,0.798,2987.77
Etihad,DXB,JFK,11000,9,Tue,7,4.98,False,0,0,341,350,0.976,4486.69
Emirates,DXB,CDG,5200,6,Mon,1,3.15,True,1,41,350,350,1.0,3405.6
Etihad,DXB,JFK,11000,4,Fri,20,6.33,False,1,59,269,350,0.77,3919.2
Qatar Airways,DXB,CDG,5200,11,Fri,5,8.04,False,0,0,194,350,0.557,2490.27
Emirates,DXB,SYD,12000,9,Sun,18,6.88,False,1,19,278,350,0.795,4160.38
Turkish Airlines,DXB,BOM,1900,6,Mon,7,5.08,True,0,0,259,350,0.741,2320.35
Qatar Airways,DXB,BOM,1900,10,Thu,1,8.27,False,0,0,172,350,0.494,1908.51
Emirates,DXB,LHR,5500,12,Sat,2,7.0,True,0,0,346,350,0.989,3441.9
British Airways,DXB,BOM,1900,8,Fri,23,5.73,False,0,0,278,350,0.796,2412.65
Etihad,DXB,FRA,4800,1,Sun,18,8.81,True,0,0,269,350,0.771,2865.23
Emirates,DXB,FRA,4800,7,Sun,8,4.73,True,0,0,350,350,1.0,3326.4
British Airways,DXB,CDG,5200,12,Fri,13,6.09,True,0,0,320,350,0.915,3230.96
Etihad,DXB,LHR,5500,11,Thu,22,7.14,False,0,0,140,350,0.402,2209.46
Emirates,DXB,JFK,11000,12,Tue,23,5.17,True,0,0,312,350,0.894,4261.65
Emirates,DXB,FRA,4800,12,Mon,16,2.98,True,0,0,304,350,0.871,3065.61
British Airways,DXB,BOM,1900,10,Mon,0,8.22,False,0,0,202,350,0.578,2048.39
Emirates,DXB,BKK,4900,6,Fri,19,4.84,True,0,0,350,350,1.0,3346.2
Emirates,DXB,BKK,4900,12,Wed,15,3.99,True,0,0,264,350,0.754,2848.2
British Airways,DXB,BOM,1900,10,Sun,7,7.05,False,0,0,350,350,1.0,2752.2
Emirates,DXB,SYD,12000,9,Thu,23,6.02,False,0,0,284,350,0.812,4210.24
Emirates,DXB,BKK,4900,2,Fri,20,3.1,False,1,43,269,350,0.77,2879.64
Turkish Airlines,DXB,CDG,5200,10,Mon,19,7.17,False,0,0,269,350,0.769,2929.12
Emirates,DXB,FRA,4800,12,Tue,13,3.67,True,1,55,299,350,0.856,3036.83
Emirates,DXB,BKK,4900,5,Wed,8,6.22,False,1,22,213,350,0.609,2553.99
Emirates,DXB,JNB,6400,7,Tue,19,5.67,True,0,0,277,350,0.794,3188.84
Qatar Airways,DXB,SIN,5900,2,Tue,11,4.85,False,0,0,185,350,0.53,2535.32
Singapore Airlines,DXB,CDG,5200,1,Thu,6,7.21,True,0,0,336,350,0.962,3326.62
Singapore Airlines,DXB,BOM,1900,4,Sun,14,6.49,False,1,206,252,350,0.72,2285.68
Singapore Airlines,DXB,BKK,4900,5,Fri,13,5.35,False,0,0,310,350,0.887,3116.5
Qatar Airways,DXB,BOM,1900,3,Thu,18,8.18,False,0,0,237,350,0.678,2215.19
British Airways,DXB,LHR,5500,8,Sat,16,3.07,False,0,0,252,350,0.721,2879.97
Emirates,DXB,JNB,6400,8,Sat,2,3.65,False,0,0,260,350,0.745,3079.22
Singapore Airlines,DXB,JNB,6400,8,Fri,3,4.72,False,0,0,190,350,0.545,2637.96
Turkish Airlines,DXB,LHR,5500,7,Thu,19,7.49,True,0,0,320,350,0.915,3287.31
Emirates,DXB,SIN,5900,11,Thu,13,7.47,False,0,0,264,350,0.756,3019.6
Turkish Airlines,DXB,JFK,11000,1,Thu,3,4.87,True,1,19,310,350,0.886,4238.99
Emirates,DXB,JFK,11000,4,Wed,20,8.53,False,0,0,218,350,0.626,3520.8
Qatar Airways,DXB,FRA,4800,10,Sat,0,5.95,False,0,0,350,350,1.0,3326.4
Singapore Airlines,DXB,SIN,5900,5,Wed,20,5.85,False,0,0,215,350,0.616,2719.83
Turkish Airlines,DXB,JNB,6400,4,Mon,7,7.13,False,0,0,260,350,0.744,3077.83
British Airways,DXB,JNB,6400,1,Tue,5,7.11,True,0,0,315,350,0.903,3428.7
Emirates,DXB,BOM,1900,7,Fri,18,3.95,True,0,0,296,350,0.846,2494.88
Emirates,DXB,BOM,1900,8,Mon,20,6.5,False,0,0,255,350,0.729,2300.14
Singapore Airlines,DXB,CDG,5200,11,Tue,13,8.48,False,0,0,271,350,0.776,2942.25
Emirates,DXB,CDG,5200,10,Fri,3,5.98,False,0,0,222,350,0.635,2651.58
Singapore Airlines,DXB,BKK,4900,10,Thu,8,8.02,False,0,0,268,350,0.767,2874.52
Emirates,DXB,CDG,5200,1,Sun,11,3.67,True,0,0,314,350,0.899,3198.12
Singapore Airlines,DXB,SYD,12000,1,Tue,1,4.88,True,0,0,257,350,0.735,3989.62
Emirates,DXB,BOM,1900,10,Sat,20,5.48,False,0,0,272,350,0.78,2384.45
British Airways,DXB,SYD,12000,11,Tue,13,6.82,False,0,0,228,350,0.653,3754.01
British Airways,DXB,CDG,5200,6,Fri,10,5.67,True,0,0,344,350,0.983,3370.69
Emirates,DXB,LHR,5500,9,Sat,2,3.52,False,0,0,257,350,0.735,2908.52
Emirates,DXB,BKK,4900,11,Thu,8,7.23,False,0,0,206,350,0.591,2517.3
Emirates,DXB,LHR,5500,7,Fri,10,5.71,True,0,0,350,350,1.0,3465.0
Qatar Airways,DXB,JNB,6400,5,Thu,9,6.29,False,0,0,271,350,0.776,3148.79
Emirates,DXB,CDG,5200,4,Thu,10,5.85,False,0,0,251,350,0.719,2826.28
Emirates,DXB,FRA,4800,8,Fri,23,2.91,False,0,0,197,350,0.563,2445.97
Emirates,DXB,BOM,1900,12,Tue,7,7.3,True,0,0,283,350,0.809,2434.29
Emirates,DXB,FRA,4800,8,Fri,23,5.62,False,0,0,195,350,0.56,2438.5
Emirates,DXB,LHR,5500,8,Fri,22,5.17,False,0,0,282,350,0.806,3057.21
Etihad,DXB,FRA,4800,11,Sun,16,7.06,False,0,0,334,350,0.956,3237.79
Emirates,DXB,BKK,4900,3,Sun,8,7.83,False,0,0,250,350,0.714,2766.8
Singapore Airlines,DXB,NRT,7900,1,Mon,21,9.23,True,0,0,316,350,0.904,3710.37
Etihad,DXB,CDG,5200,4,Thu,5,7.5,False,0,0,264,350,0.754,2898.76
Singapore Airlines,DXB,BKK,4900,1,Mon,13,5.4,True,0,0,325,350,0.929,3202.37
Emirates,DXB,JNB,6400,1,Wed,19,5.72,True,0,0,348,350,0.997,3636.04
Etihad,DXB,JFK,11000,9,Tue,0,5.76,False,0,0,198,350,0.566,3357.36
Emirates,DXB,NRT,7900,2,Sat,17,3.5,False,1,114,299,350,0.856,3596.27
Emirates,DXB,JNB,6400,3,Sat,1,6.23,False,0,0,271,350,0.776,3147.79
Qatar Airways,DXB,CDG,5200,1,Sat,1,4.3,True,0,0,309,350,0.884,3165.7
Emirates,DXB,NRT,7900,10,Sat,13,4.95,False,1,29,292,350,0.836,3549.71
Qatar Airways,DXB,JFK,11000,3,Fri,20,7.35,False,0,0,276,350,0.789,3972.99
Emirates,DXB,BKK,4900,1,Wed,12,4.52,True,0,0,269,350,0.771,2881.64
Emirates,DXB,LHR,5500,8,Wed,18,4.77,False,0,0,231,350,0.662,2755.17
Turkish Airlines,DXB,BKK,4900,4,Thu,4,8.42,False,0,0,229,350,0.655,2646.96
Singapore Airlines,DXB,LHR,5500,11,Sun,23,6.92,False,0,0,197,350,0.565,2550.74
Emirates,DXB,CDG,5200,2,Sat,3,3.77,False,0,0,248,350,0.711,2809.29
Etihad,DXB,SYD,12000,5,Thu,5,5.56,False,0,0,234,350,0.671,3803.86
Emirates,DXB,CDG,5200,9,Tue,0,4.69,False,0,0,213,350,0.61,2600.51
Etihad,DXB,LHR,5500,12,Sat,9,9.08,True,0,0,306,350,0.874,3201.22
British Airways,DXB,NRT,7900,8,Fri,5,4.8,False,1,49,205,350,0.587,2952.88
Etihad,DXB,FRA,4800,4,Fri,21,5.95,False,0,0,266,350,0.762,2846.48
British Airways,DXB,BOM,1900,5,Thu,21,4.57,False,0,0,214,350,0.614,2108.01
Turkish Airlines,DXB,NRT,7900,5,Mon,4,7.74,False,0,0,180,350,0.516,2785.07
Emirates,DXB,SIN,5900,12,Tue,20,7.0,True,0,0,347,350,0.992,3526.62
Etihad,DXB,LHR,5500,3,Wed,19,8.3,False,1,101,230,350,0.66,2750.87
Etihad,DXB,SIN,5900,2,Sun,22,5.15,False,0,0,283,350,0.81,3135.78
Qatar Airways,DXB,JNB,6400,12,Mon,5,5.06,True,0,0,303,350,0.868,3352.11
Qatar Airways,DXB,SIN,5900,2,Wed,3,5.01,False,0,0,217,350,0.623,2733.71
British Airways,DXB,SIN,5900,5,Sat,12,5.8,False,1,20,248,350,0.711,2922.6
Emirates,DXB,BKK,4900,10,Wed,15,7.61,False,0,0,245,350,0.703,2743.3
Etihad,DXB,FRA,4800,11,Wed,14,3.71,False,0,0,228,350,0.652,2625.66
Etihad,DXB,JFK,11000,7,Sun,16,5.21,True,0,0,273,350,0.781,3949.71
Etihad,DXB,SYD,12000,9,Wed,15,9.24,False,0,0,213,350,0.609,3626.94
Emirates,DXB,FRA,4800,12,Wed,7,6.21,True,0,0,350,350,1.0,3326.4
Emirates,DXB,NRT,7900,2,Wed,4,6.2,False,0,0,272,350,0.78,3414.7
Etihad,DXB,CDG,5200,1,Wed,6,3.83,True,0,0,305,350,0.872,3142.34
Turkish Airlines,DXB,JNB,6400,8,Thu,0,4.73,False,0,0,254,350,0.728,3043.09
Singapore Airlines,DXB,SYD,12000,2,Mon,10,4.92,False,0,0,267,350,0.764,4071.79
Singapore Airlines,DXB,JNB,6400,5,Wed,9,6.24,False,0,0,188,350,0.538,2623.48
Singapore Airlines,DXB,JFK,11000,1,Fri,6,5.16,True,0,0,290,350,0.829,4081.46
Emirates,DXB,BOM,1900,1,Sun,4,3.47,True,0,0,350,350,1.0,2752.2
Emirates,DXB,BOM,1900,4,Sat,12,5.93,False,0,0,252,350,0.72,2285.96
Singapore Airlines,DXB,SYD,12000,6,Fri,16,5.53,True,0,0,321,350,0.92,4520.56
British Airways,DXB,SYD,12000,9,Thu,14,3.56,False,1,123,201,350,0.575,3529.43
Singapore Airlines,DXB,JFK,11000,6,Thu,10,6.29,True,0,0,297,350,0.851,4143.68
Etihad,DXB,BOM,1900,12,Fri,23,2.44,True,0,0,345,350,0.986,2728.6
Singapore Airlines,DXB,NRT,7900,3,Sat,15,7.1,False,0,0,230,350,0.658,3123.19
Singapore Airlines,DXB,FRA,4800,7,Wed,22,5.32,True,0,0,246,350,0.703,2727.37
Emirates,DXB,BKK,4900,6,Mon,15,5.29,True,1,94,350,350,1.0,3346.2
Qatar Airways,DXB,FRA,4800,2,Wed,6,3.86,False,0,0,288,350,0.823,2969.32
Etihad,DXB,FRA,4800,9,Sat,21,3.79,False,0,0,325,350,0.93,3185.17
Emirates,DXB,BKK,4900,4,Fri,16,6.35,False,1,137,213,350,0.609,2554.09
Emirates,DXB,CDG,5200,2,Thu,15,5.35,False,0,0,205,350,0.586,2551.08
British Airways,DXB,NRT,7900,6,Thu,11,4.68,True,0,0,301,350,0.861,3608.21
Qatar Airways,DXB,BOM,1900,9,Sat,11,6.36,False,0,0,237,350,0.678,2214.59
Emirates,DXB,BKK,4900,9,Mon,3,0.87,False,1,24,164,350,0.469,2269.2
Emirates,DXB,BOM,1900,4,Thu,14,6.67,False,0,0,256,350,0.733,2307.27
Emirates,DXB,NRT,7900,9,Mon,13,5.83,False,0,0,214,350,0.614,3018.05
Turkish Airlines,DXB,SYD,12000,12,Fri,22,3.98,True,0,0,299,350,0.855,4334.66
British Airways,DXB,CDG,5200,12,Mon,13,3.58,True,0,0,309,350,0.883,3164.81
Emirates,DXB,BOM,1900,8,Fri,2,3.7,False,0,0,208,350,0.597,2079.48
Emirates,DXB,FRA,4800,12,Sat,13,4.45,True,0,0,272,350,0.777,2877.51
British Airways,DXB,NRT,7900,4,Fri,23,7.88,False,0,0,297,350,0.849,3579.13
Emirates,DXB,BOM,1900,1,Fri,23,1.97,True,0,0,250,350,0.716,2279.17
Emirates,DXB,JFK,11000,6,Tue,4,6.1,True,0,0,295,350,0.843,4120.62
Emirates,DXB,BOM,1900,1,Wed,17,3.95,True,0,0,291,350,0.834,2474.58
Emirates,DXB,JFK,11000,12,Sat,1,3.63,True,1,29,270,350,0.773,3927.83
Emirates,DXB,JFK,11000,6,Mon,5,1.85,True,1,47,350,350,1.0,4554.0
Singapore Airlines,DXB,SYD,12000,9,Tue,21,3.22,False,0,0,233,350,0.666,3789.89
Turkish Airlines,DXB,NRT,7900,7,Thu,14,4.33,True,0,0,191,350,0.546,2855.4
Emirates,DXB,LHR,5500,4,Tue,4,3.4,False,0,0,284,350,0.814,3073.75
Emirates,DXB,BKK,4900,5,Wed,13,5.79,False,0,0,278,350,0.796,2931.86
Qatar Airways,DXB,BKK,4900,7,Mon,14,4.92,True,0,0,256,350,0.734,2806.62
Emirates,DXB,BOM,1900,6,Sun,22,3.25,True,0,0,299,350,0.857,2513.15
Qatar Airways,DXB,JNB,6400,1,Fri,11,2.19,True,0,0,268,350,0.766,3127.54
Turkish Airlines,DXB,JFK,11000,5,Thu,6,5.67,False,0,0,234,350,0.669,3640.35
Turkish Airlines,DXB,FRA,4800,11,Tue,23,4.82,False,0,0,190,350,0.546,2410.2
Qatar Airways,DXB,SYD,12000,12,Thu,5,5.17,True,0,0,307,350,0.878,4399.98
Emirates,DXB,SIN,5900,12,Fri,1,5.18,True,0,0,239,350,0.685,2868.26
Qatar Airways,DXB,FRA,4800,10,Tue,3,7.95,False,0,0,227,350,0.651,2623.22
British Airways,DXB,FRA,4800,10,Wed,10,7.27,False,0,0,163,350,0.468,2253.36
Emirates,DXB,BOM,1900,6,Sat,8,4.88,True,0,0,285,350,0.815,2443.99
Emirates,DXB,NRT,7900,8,Sat,21,4.91,False,0,0,213,350,0.609,3007.16
Etihad,DXB,BKK,4900,10,Tue,5,8.34,False,0,0,204,350,0.583,2500.31
Turkish Airlines,DXB,NRT,7900,10,Wed,2,5.67,False,0,0,214,350,0.614,3018.31
Qatar Airways,DXB,BKK,4900,10,Sun,20,7.38,False,0,0,226,350,0.647,2629.84
Etihad,DXB,BKK,4900,4,Wed,13,6.86,False,1,47,246,350,0.704,2745.97
Singapore Airlines,DXB,BOM,1900,3,Tue,18,4.12,False,0,0,254,350,0.728,2297.74
Emirates,DXB,BKK,4900,8,Sun,23,3.04,False,0,0,275,350,0.788,2917.03
Turkish Airlines,DXB,JFK,11000,12,Sat,16,6.82,True,0,0,302,350,0.864,4179.64
Singapore Airlines,DXB,JNB,6400,4,Fri,22,8.72,False,0,0,315,350,0.901,3423.73
Etihad,DXB,SIN,5900,10,Thu,17,5.47,False,0,0,189,350,0.541,2558.88
Etihad,DXB,NRT,7900,5,Wed,21,5.13,False,0,0,200,350,0.574,2923.31
Emirates,DXB,BOM,1900,8,Wed,4,4.34,False,0,0,233,350,0.667,2196.31
British Airways,DXB,BKK,4900,7,Mon,15,4.46,True,0,0,287,350,0.822,2985.14
Emirates,DXB,FRA,4800,4,Sun,12,7.52,False,0,0,227,350,0.649,2618.81
Singapore Airlines,DXB,NRT,7900,6,Mon,11,9.31,True,0,0,279,350,0.797,3455.86
Turkish Airlines,DXB,SYD,12000,5,Fri,19,6.73,False,1,45,280,350,0.801,4180.2
Emirates,DXB,SYD,12000,10,Mon,7,8.28,False,0,0,246,350,0.705,3901.5
Turkish Airlines,DXB,LHR,5500,7,Fri,17,5.6,True,1,24,333,350,0.954,3368.12
Emirates,DXB,BOM,1900,3,Wed,6,6.95,False,0,0,319,350,0.913,2606.81
Emirates,DXB,BKK,4900,11,Mon,11,10.0,False,1,59,239,350,0.685,2706.45
Emirates,DXB,JFK,11000,7,Fri,18,7.62,True,0,0,326,350,0.932,4367.49
Emirates,DXB,JFK,11000,9,Sat,4,4.92,False,1,31,274,350,0.786,3962.21
British Airways,DXB,JFK,11000,11,Thu,3,5.87,False,0,0,221,350,0.632,3537.5
Etihad,DXB,SIN,5900,8,Thu,4,5.0,False,0,0,286,350,0.818,3152.29
Emirates,DXB,BKK,4900,11,Wed,4,3.93,False,1,39,273,350,0.781,2901.61
Qatar Airways,DXB,JNB,6400,9,Sat,23,4.45,False,0,0,225,350,0.644,2857.53
Qatar Airways,DXB,FRA,4800,12,Fri,16,4.51,True,0,0,291,350,0.834,2990.87
Emirates,DXB,FRA,4800,3,Tue,13,7.11,False,1,36,309,350,0.884,3092.99
Qatar Airways,DXB,JFK,11000,7,Thu,3,4.3,True,0,0,281,350,0.804,4013.3
Qatar Airways,DXB,JFK,11000,2,Wed,4,4.86,False,1,67,233,350,0.667,3635.29
Emirates,DXB,JNB,6400,1,Mon,12,5.16,True,0,0,262,350,0.751,3093.43
Etihad,DXB,BKK,4900,9,Wed,20,5.64,False,1,53,249,350,0.713,2764.52
Qatar Airways,DXB,SYD,12000,12,Fri,0,4.82,True,0,0,264,350,0.757,4051.93
Singapore Airlines,DXB,BKK,4900,2,Wed,3,5.26,False,0,0,247,350,0.708,2753.91
Singapore Airlines,DXB,BOM,1900,12,Mon,18,5.25,True,0,0,289,350,0.827,2463.62
Emirates,DXB,BKK,4900,11,Sat,6,7.12,False,0,0,280,350,0.802,2943.94
Etihad,DXB,SYD,12000,7,Mon,15,1.88,True,1,57,350,350,1.0,4752.0
Qatar Airways,DXB,JFK,11000,6,Sun,11,5.85,True,0,0,293,350,0.838,4106.13
British Airways,DXB,FRA,4800,9,Mon,4,4.86,False,0,0,268,350,0.767,2857.07
Turkish Airlines,DXB,SIN,5900,2,Sat,2,3.06,False,0,0,254,350,0.727,2958.32
Etihad,DXB,BKK,4900,1,Wed,21,5.44,True,0,0,299,350,0.856,3053.42
Emirates,DXB,BKK,4900,3,Thu,1,8.59,False,0,0,230,350,0.658,2653.15
British Airways,DXB,BKK,4900,3,Mon,9,5.46,False,1,98,250,350,0.716,2770.56
Emirates,DXB,BKK,4900,4,Tue,14,8.01,False,1,89,224,350,0.641,2618.66
Qatar Airways,DXB,JNB,6400,5,Tue,14,6.25,False,0,0,282,350,0.808,3219.89
Qatar Airways,DXB,BKK,4900,8,Sun,17,4.75,False,0,0,220,350,0.631,2597.16
Emirates,DXB,FRA,4800,3,Sun,2,7.37,False,0,0,206,350,0.59,2499.55
Emirates,DXB,JFK,11000,7,Thu,21,4.17,True,0,0,270,350,0.772,3925.88
British Airways,DXB,JNB,6400,1,Sat,9,2.96,True,0,0,313,350,0.894,3409.81
Etihad,DXB,JNB,6400,1,Fri,15,7.02,True,1,53,301,350,0.862,3338.12
Etihad,DXB,JFK,11000,5,Thu,0,8.44,False,0,0,191,350,0.546,3301.49
Etihad,DXB,BKK,4900,5,Thu,1,3.73,False,0,0,246,350,0.704,2746.36
Qatar Airways,DXB,SIN,5900,8,Tue,2,3.43,False,0,0,217,350,0.62,2728.4
Etihad,DXB,FRA,4800,7,Thu,5,5.21,True,0,0,231,350,0.662,2644.21
Singapore Airlines,DXB,SYD,12000,12,Mon,14,5.06,True,0,0,299,350,0.855,4335.54
Emirates,DXB,JFK,11000,4,Thu,20,6.6,False,0,0,226,350,0.647,3580.63
Etihad,DXB,SYD,12000,4,Sun,4,6.77,False,0,0,160,350,0.458,3191.59
Emirates,DXB,SYD,12000,5,Fri,14,4.71,False,0,0,235,350,0.672,3807.61
Emirates,DXB,BKK,4900,8,Wed,23,6.15,False,0,0,249,350,0.713,2763.33
Singapore Airlines,DXB,SYD,12000,11,Fri,13,7.99,False,0,0,237,350,0.678,3824.98
Qatar Airways,DXB,FRA,4800,5,Fri,8,7.36,False,0,0,234,350,0.669,2659.9
British Airways,DXB,SYD,12000,11,Sat,3,5.93,False,0,0,207,350,0.591,3575.4
Singapore Airlines,DXB,FRA,4800,2,Wed,21,5.3,False,0,0,307,350,0.879,3083.47
British Airways,DXB,SIN,5900,8,Sun,12,5.24,False,0,0,270,350,0.772,3055.02
Singapore Airlines,DXB,JNB,6400,7,Fri,8,5.82,True,0,0,350,350,1.0,3643.2
Qatar Airways,DXB,FRA,4800,3,Wed,3,6.07,False,0,0,197,350,0.564,2446.53
Emirates,DXB,FRA,4800,4,Thu,7,8.61,False,0,0,196,350,0.562,2444.27
Emirates,DXB,BKK,4900,1,Sat,2,6.8,True,0,0,340,350,0.973,3291.66
Emirates,DXB,SYD,12000,9,Wed,17,5.88,False,0,0,229,350,0.655,3759.21
Emirates,DXB,LHR,5500,12,Mon,9,6.15,True,0,0,345,350,0.987,3438.19
Singapore Airlines,DXB,CDG,5200,10,Fri,20,7.22,False,1,65,281,350,0.805,3004.11
Singapore Airlines,DXB,BOM,1900,8,Thu,5,7.45,False,1,41,170,350,0.487,1896.12
Qatar Airways,DXB,NRT,7900,11,Wed,6,5.36,False,0,0,241,350,0.691,3201.83
British Airways,DXB,LHR,5500,2,Mon,18,2.63,False,0,0,237,350,0.68,2792.2
Etihad,DXB,JNB,6400,11,Fri,19,6.41,False,0,0,236,350,0.677,2930.19
Singapore Airlines,DXB,LHR,5500,12,Thu,8,6.34,True,0,0,350,350,1.0,3465.0
Emirates,DXB,BOM,1900,11,Thu,0,5.26,False,0,0,187,350,0.537,1979.71
Turkish Airlines,DXB,BKK,4900,11,Mon,20,6.81,False,0,0,239,350,0.683,2703.14
Emirates,DXB,FRA,4800,7,Wed,9,3.97,True,0,0,337,350,0.965,3255.75
Etihad,DXB,FRA,4800,9,Sun,0,6.1,False,0,0,269,350,0.769,2860.26
Singapore Airlines,DXB,JNB,6400,9,Wed,18,4.6,False,0,0,287,350,0.821,3247.08
Turkish Airlines,DXB,JFK,11000,12,Wed,16,3.99,True,0,0,205,350,0.586,3411.11
Qatar Airways,DXB,JNB,6400,8,Sat,17,4.39,False,0,0,304,350,0.869,3354.61
British Airways,DXB,NRT,7900,1,Sun,10,5.35,True,0,0,350,350,1.0,3940.2
Emirates,DXB,JNB,6400,6,Sat,19,4.62,True,0,0,341,350,0.975,3588.06
Emirates,DXB,BOM,1900,7,Thu,19,4.12,True,0,0,306,350,0.876,2545.99
Etihad,DXB,NRT,7900,6,Wed,7,6.18,True,0,0,300,350,0.859,3603.58
British Airways,DXB,BKK,4900,8,Fri,16,3.36,False,0,0,285,350,0.816,2972.04
Turkish Airlines,DXB,NRT,7900,6,Thu,16,8.44,True,1,75,209,350,0.599,2983.77
British Airways,DXB,SIN,5900,8,Mon,7,5.81,False,0,0,249,350,0.712,2926.37
Emirates,DXB,LHR,5500,11,Sun,15,8.39,False,1,80,292,350,0.835,3118.45
Emirates,DXB,BKK,4900,11,Sat,9,8.92,False,0,0,234,350,0.67,2676.36
Qatar Airways,DXB,JFK,11000,2,Sun,3,6.37,False,0,0,246,350,0.705,3740.97
Emirates,DXB,SIN,5900,1,Wed,5,4.25,True,1,39,303,350,0.868,3260.29
Singapore Airlines,DXB,BOM,1900,3,Sun,6,6.25,False,1,74,163,350,0.467,1862.66
Emirates,DXB,CDG,5200,6,Wed,8,5.96,True,0,0,296,350,0.848,3092.5
Emirates,DXB,JFK,11000,10,Tue,13,5.9,False,1,44,171,350,0.491,3149.23
British Airways,DXB,LHR,5500,12,Sat,8,5.1,True,0,0,249,350,0.713,2863.09
Singapore Airlines,DXB,SYD,12000,7,Fri,4,2.77,True,0,0,350,350,1.0,4752.0
Emirates,DXB,CDG,5200,2,Mon,0,3.74,False,0,0,211,350,0.605,2590.14
Singapore Airlines,DXB,SYD,12000,12,Sun,14,3.3,True,0,0,348,350,0.997,4743.2
Etihad,DXB,FRA,4800,11,Mon,21,5.76,False,0,0,224,350,0.641,2601.71
Etihad,DXB,LHR,5500,8,Wed,5,4.7,False,0,0,159,350,0.457,2324.81
British Airways,DXB,JNB,6400,10,Sat,14,10.0,False,0,0,247,350,0.707,2996.01
Emirates,DXB,SYD,12000,4,Wed,10,6.53,False,0,0,137,350,0.392,2999.97
Qatar Airways,DXB,BOM,1900,4,Sun,9,8.13,False,0,0,337,350,0.965,2693.26
Emirates,DXB,JNB,6400,3,Sun,8,5.67,False,0,0,292,350,0.837,3283.32
Etihad,DXB,BOM,1900,12,Tue,20,6.36,True,0,0,319,350,0.913,2607.4
Emirates,DXB,FRA,4800,2,Mon,2,7.43,False,1,107,210,350,0.602,2524.45
Emirates,DXB,SYD,12000,10,Sun,12,4.8,False,0,0,178,350,0.51,3340.88
Emirates,DXB,NRT,7900,10,Fri,3,8.95,False,0,0,187,350,0.536,2831.5
Singapore Airlines,DXB,BKK,4900,9,Wed,16,5.27,False,0,0,234,350,0.671,2678.77
Emirates,DXB,SIN,5900,10,Sat,19,9.6,False,0,0,298,350,0.854,3229.9
Turkish Airlines,DXB,JNB,6400,12,Mon,1,5.96,True,0,0,325,350,0.929,3486.59
Emirates,DXB,JNB,6400,1,Fri,5,2.18,True,0,0,350,350,1.0,3643.2
Turkish Airlines,DXB,BKK,4900,7,Sun,10,6.38,True,0,0,308,350,0.882,3107.04
Qatar Airways,DXB,NRT,7900,12,Fri,21,4.74,True,0,0,324,350,0.927,3765.22
Qatar Airways,DXB,NRT,7900,12,Fri,10,5.9,True,0,0,348,350,0.996,3929.46
Etihad,DXB,NRT,7900,12,Sun,21,3.75,True,0,0,350,350,1.0,3940.2
Singapore Airlines,DXB,BOM,1900,12,Wed,13,4.58,True,0,0,287,350,0.823,2456.38
Singapore Airlines,DXB,LHR,5500,5,Sat,15,4.26,False,0,0,235,350,0.673,2778.04
Emirates,DXB,LHR,5500,9,Sun,2,4.95,False,0,0,235,350,0.674,2779.41
Singapore Airlines,DXB,BKK,4900,11,Thu,8,6.49,False,0,0,150,350,0.431,2191.27
Emirates,DXB,SYD,12000,9,Fri,20,3.82,False,1,19,265,350,0.759,4058.12
Singapore Airlines,DXB,CDG,5200,12,Tue,23,3.28,True,0,0,332,350,0.951,3304.23
British Airways,DXB,LHR,5500,9,Wed,21,5.26,False,0,0,195,350,0.559,2539.54
Emirates,DXB,SIN,5900,3,Thu,21,5.32,False,0,0,162,350,0.463,2391.51
Emirates,DXB,SIN,5900,4,Thu,8,9.59,False,0,0,196,350,0.562,2603.09
Qatar Airways,DXB,FRA,4800,12,Sat,15,5.47,True,0,0,350,350,1.0,3326.4
Emirates,DXB,BKK,4900,6,Sat,23,4.3,True,0,0,319,350,0.912,3167.08
Emirates,DXB,SYD,12000,11,Fri,16,6.36,False,0,0,244,350,0.698,3882.53
Emirates,DXB,FRA,4800,6,Sat,7,5.59,True,0,0,234,350,0.671,2663.26
Singapore Airlines,DXB,JFK,11000,12,Wed,11,5.46,True,0,0,349,350,0.997,4546.39
Emirates,DXB,JNB,6400,10,Sat,14,9.66,False,0,0,208,350,0.596,2751.45
Emirates,DXB,FRA,4800,6,Mon,8,3.73,True,1,19,310,350,0.886,3096.77
Singapore Airlines,DXB,LHR,5500,8,Sat,4,2.84,False,0,0,271,350,0.774,2991.34
Singapore Airlines,DXB,SYD,12000,9,Mon,7,5.54,False,0,0,248,350,0.71,3917.26
Emirates,DXB,BOM,1900,11,Sun,12,9.39,False,0,0,263,350,0.752,2338.79
Emirates,DXB,FRA,4800,4,Wed,21,7.34,False,0,0,156,350,0.448,2212.68
Singapore Airlines,DXB,BOM,1900,10,Sat,9,5.91,False,0,0,244,350,0.699,2250.26
British Airways,DXB,FRA,4800,2,Thu,1,7.37,False,0,0,208,350,0.596,2512.8
Emirates,DXB,SIN,5900,2,Sat,6,2.9,False,0,0,215,350,0.616,2719.65
Etihad,DXB,BOM,1900,6,Sun,8,4.76,True,0,0,336,350,0.961,2687.87
Qatar Airways,DXB,LHR,5500,4,Fri,11,5.84,False,0,0,193,350,0.552,2524.65
Emirates,DXB,SYD,12000,1,Thu,5,4.08,True,1,33,260,350,0.744,4013.35
Turkish Airlines,DXB,FRA,4800,1,Mon,6,3.6,True,0,0,300,350,0.859,3042.14
Emirates,DXB,LHR,5500,3,Wed,3,7.48,False,0,0,226,350,0.648,2726.14
Emirates,DXB,BKK,4900,9,Wed,21,4.57,False,0,0,220,350,0.629,2593.27
Emirates,DXB,JFK,11000,2,Sat,21,6.86,False,0,0,170,350,0.486,3135.71
Singapore Airlines,DXB,SYD,12000,9,Thu,8,4.88,False,0,0,230,350,0.658,3767.56
Turkish Airlines,DXB,BOM,1900,11,Mon,3,6.06,False,0,0,293,350,0.84,2484.72
Singapore Airlines,DXB,FRA,4800,12,Sat,6,4.85,True,0,0,350,350,1.0,3326.4
Emirates,DXB,BOM,1900,4,Mon,5,7.19,False,0,0,350,350,1.0,2752.2
Emirates,DXB,SYD,12000,11,Sun,1,7.6,False,1,97,249,350,0.713,3924.24
British Airways,DXB,SIN,5900,6,Tue,8,5.79,True,0,0,350,350,1.0,3544.2
Emirates,DXB,JFK,11000,4,Sun,14,9.27,False,0,0,283,350,0.81,4029.05
Emirates,DXB,FRA,4800,7,Tue,11,4.99,True,1,24,210,350,0.601,2521.26
Etihad,DXB,CDG,5200,3,Thu,1,7.46,False,0,0,212,350,0.608,2596.33
British Airways,DXB,BOM,1900,2,Wed,10,6.19,False,0,0,219,350,0.626,2128.18
Singapore Airlines,DXB,JNB,6400,12,Thu,18,5.0,True,0,0,231,350,0.661,2895.22
Qatar Airways,DXB,JFK,11000,12,Sun,11,4.42,True,1,43,326,350,0.933,4370.41
Emirates,DXB,LHR,5500,4,Mon,4,6.56,False,0,0,193,350,0.552,2524.71
Singapore Airlines,DXB,LHR,5500,10,Fri,9,5.43,False,0,0,324,350,0.926,3309.11
Turkish Airlines,DXB,FRA,4800,3,Wed,21,9.75,False,0,0,233,350,0.669,2658.12
Etihad,DXB,BKK,4900,7,Thu,20,4.52,True,1,37,289,350,0.828,2997.26
Qatar Airways,DXB,BKK,4900,4,Tue,18,6.96,False,0,0,253,350,0.725,2787.77
Etihad,DXB,FRA,4800,3,Sat,7,5.65,False,0,0,196,350,0.562,2443.86
Qatar Airways,DXB,SYD,12000,10,Wed,23,6.23,False,0,0,256,350,0.733,3983.01
Etihad,DXB,CDG,5200,10,Wed,19,3.56,False,0,0,263,350,0.752,2893.98
Turkish Airlines,DXB,SYD,12000,9,Mon,20,5.37,False,0,0,204,350,0.585,3556.88
Emirates,DXB,SIN,5900,5,Thu,1,2.41,False,1,22,235,350,0.673,2842.71
Etihad,DXB,BOM,1900,8,Wed,0,4.78,False,0,0,223,350,0.639,2150.83
Turkish Airlines,DXB,CDG,5200,1,Tue,20,5.17,True,0,0,273,350,0.781,2953.93
Qatar Airways,DXB,LHR,5500,3,Tue,5,8.23,False,0,0,214,350,0.613,2651.35
Qatar Airways,DXB,FRA,4800,2,Mon,4,6.4,False,1,40,218,350,0.624,2567.44
Emirates,DXB,SIN,5900,10,Mon,15,2.68,False,0,0,217,350,0.623,2733.89
British Airways,DXB,SIN,5900,2,Wed,9,4.58,False,0,0,206,350,0.59,2663.82
Emirates,DXB,LHR,5500,5,Tue,10,4.54,False,0,0,147,350,0.421,2248.74
Emirates,DXB,BOM,1900,9,Sun,17,3.2,False,0,0,292,350,0.835,2476.2
Emirates,DXB,LHR,5500,9,Sat,8,6.36,False,1,64,220,350,0.629,2685.66
Singapore Airlines,DXB,CDG,5200,1,Thu,23,5.15,True,0,0,306,350,0.876,3150.33
Emirates,DXB,SIN,5900,6,Mon,20,5.73,True,0,0,271,350,0.775,3060.67
Qatar Airways,DXB,SIN,5900,3,Sat,10,9.85,False,0,0,230,350,0.658,2810.62
Emirates,DXB,NRT,7900,9,Tue,23,4.21,False,1,86,178,350,0.51,2770.3
Turkish Airlines,DXB,SIN,5900,4,Sun,20,7.58,False,1,34,296,350,0.847,3216.45
Emirates,DXB,CDG,5200,11,Fri,7,5.01,False,0,0,213,350,0.611,2602.53
Qatar Airways,DXB,JFK,11000,6,Tue,16,4.47,True,1,112,292,350,0.835,4098.0
Qatar Airways,DXB,SIN,5900,7,Sun,20,2.37,True,0,0,350,350,1.0,3544.2
Etihad,DXB,NRT,7900,7,Sun,10,4.15,True,0,0,350,350,1.0,3940.2
Emirates,DXB,SIN,5900,7,Sun,15,5.33,True,0,0,296,350,0.848,3217.4
Singapore Airlines,DXB,NRT,7900,11,Wed,16,6.34,False,0,0,253,350,0.724,3280.29
Qatar Airways,DXB,BKK,4900,6,Mon,17,6.95,True,0,0,276,350,0.791,2921.74
Etihad,DXB,SYD,12000,3,Sat,21,8.22,False,0,0,298,350,0.853,4327.73
Etihad,DXB,BOM,1900,4,Thu,20,6.82,False,1,20,217,350,0.623,2123.05
British Airways,DXB,SYD,12000,2,Fri,6,5.38,False,0,0,270,350,0.774,4101.22
Emirates,DXB,CDG,5200,1,Wed,17,5.0,True,0,0,272,350,0.777,2946.28
British Airways,DXB,LHR,5500,4,Fri,20,5.46,False,1,99,309,350,0.885,3223.27
British Airways,DXB,SIN,5900,10,Mon,20,4.78,False,1,33,319,350,0.913,3357.4
Singapore Airlines,DXB,JNB,6400,1,Tue,2,4.64,True,0,0,306,350,0.876,3369.4
Emirates,DXB,NRT,7900,9,Wed,17,7.26,False,0,0,279,350,0.798,3457.11
Singapore Airlines,DXB,JFK,11000,1,Sun,5,5.2,True,0,0,340,350,0.974,4481.15
Turkish Airlines,DXB,JFK,11000,7,Tue,13,5.15,True,0,0,304,350,0.87,4195.03
Turkish Airlines,DXB,JNB,6400,12,Sat,7,5.59,True,0,0,276,350,0.79,3179.83
Emirates,DXB,CDG,5200,8,Tue,16,7.48,False,0,0,285,350,0.815,3023.7
Qatar Airways,DXB,SYD,12000,12,Sat,8,5.58,True,0,0,264,350,0.755,4047.73
Emirates,DXB,SIN,5900,11,Sat,10,8.51,False,0,0,257,350,0.736,2976.28
Qatar Airways,DXB,CDG,5200,4,Mon,12,4.5,False,0,0,252,350,0.721,2830.56
Qatar Airways,DXB,CDG,5200,6,Sat,9,7.43,True,1,98,284,350,0.814,3021.36
Emirates,DXB,NRT,7900,1,Sun,21,8.17,True,1,21,350,350,1.0,3940.2
Singapore Airlines,DXB,FRA,4800,12,Mon,2,5.83,True,0,0,339,350,0.971,3267.62
Emirates,DXB,JNB,6400,3,Sat,3,5.15,False,0,0,309,350,0.886,3390.44
Emirates,DXB,NRT,7900,2,Sat,16,5.59,False,0,0,294,350,0.841,3561.14
Emirates,DXB,FRA,4800,12,Thu,15,4.71,True,0,0,267,350,0.765,2851.67
Singapore Airlines,DXB,SYD,12000,3,Fri,1,6.43,False,0,0,220,350,0.629,3684.73
Emirates,DXB,NRT,7900,11,Sat,8,7.53,False,0,0,277,350,0.792,3444.67
Singapore Airlines,DXB,JFK,11000,5,Tue,21,5.33,False,1,47,319,350,0.913,4313.36
Emirates,DXB,BOM,1900,8,Wed,6,6.49,False,0,0,241,350,0.691,2236.69
Emirates,DXB,SIN,5900,10,Sat,6,8.87,False,0,0,245,350,0.702,2904.9
Emirates,DXB,NRT,7900,1,Wed,11,7.58,True,0,0,256,350,0.734,3305.09
Emirates,DXB,FRA,4800,7,Thu,6,4.73,True,0,0,257,350,0.735,2792.7
British Airways,DXB,BOM,1900,7,Mon,23,4.01,True,0,0,327,350,0.934,2642.86
Etihad,DXB,FRA,4800,8,Thu,11,6.24,False,0,0,282,350,0.808,2938.49
Emirates,DXB,NRT,7900,2,Fri,22,5.67,False,0,0,320,350,0.915,3736.47
Emirates,DXB,JFK,11000,3,Fri,9,7.53,False,0,0,224,350,0.643,3567.4
Emirates,DXB,NRT,7900,6,Mon,20,6.35,True,1,53,245,350,0.702,3229.58
Singapore Airlines,DXB,BOM,1900,7,Mon,0,5.86,True,0,0,226,350,0.647,2163.84
Emirates,DXB,BKK,4900,5,Tue,3,4.83,False,0,0,274,350,0.784,2907.61
Qatar Airways,DXB,CDG,5200,4,Thu,12,7.79,False,0,0,227,350,0.65,2682.75
Singapore Airlines,DXB,BKK,4900,2,Wed,8,3.66,False,1,76,277,350,0.792,2923.97
British Airways,DXB,BKK,4900,2,Fri,23,4.75,False,0,0,299,350,0.856,3054.29
Etihad,DXB,SYD,12000,7,Mon,23,4.0,True,1,88,231,350,0.66,3773.56
Emirates,DXB,BOM,1900,1,Tue,21,6.33,True,0,0,263,350,0.753,2339.54
Qatar Airways,DXB,LHR,5500,10,Fri,9,9.72,False,0,0,235,350,0.673,2778.76
British Airways,DXB,FRA,4800,11,Sun,5,6.69,False,0,0,229,350,0.656,2632.05
Emirates,DXB,NRT,7900,9,Tue,22,5.36,False,1,34,226,350,0.648,3099.55
Emirates,DXB,FRA,4800,9,Sat,18,4.16,False,0,0,290,350,0.83,2984.17
Turkish Airlines,DXB,BKK,4900,12,Sat,5,2.94,True,1,20,350,350,1.0,3346.2
Emirates,DXB,JNB,6400,12,Sun,14,2.59,True,0,0,298,350,0.853,3319.03
British Airways,DXB,FRA,4800,11,Sat,3,7.49,False,0,0,259,350,0.742,2805.69
British Airways,DXB,BKK,4900,10,Thu,22,6.8,False,0,0,229,350,0.656,2648.2
Emirates,DXB,JNB,6400,5,Fri,6,6.99,False,0,0,262,350,0.751,3093.73
Emirates,DXB,LHR,5500,6,Wed,10,4.69,True,0,0,288,350,0.823,3093.69
Etihad,DXB,FRA,4800,12,Sat,9,3.89,True,1,25,350,350,1.0,3326.4
Emirates,DXB,JNB,6400,2,Fri,10,6.7,False,0,0,311,350,0.889,3398.8
Singapore Airlines,DXB,JNB,6400,2,Sun,12,7.46,False,0,0,266,350,0.761,3115.77
Emirates,DXB,JNB,6400,11,Sat,8,6.5,False,0,0,215,350,0.614,2791.91
Emirates,DXB,LHR,5500,1,Tue,6,4.96,True,0,0,350,350,1.0,3465.0
Emirates,DXB,SYD,12000,6,Thu,14,0.44,True,1,19,271,350,0.776,4107.22
British Airways,DXB,BOM,1900,4,Tue,21,6.85,False,0,0,185,350,0.529,1967.27
Turkish Airlines,DXB,BOM,1900,2,Wed,4,2.56,False,0,0,176,350,0.503,1924.0
Turkish Airlines,DXB,NRT,7900,8,Mon,19,4.62,False,0,0,239,350,0.684,3184.56
Turkish Airlines,DXB,BOM,1900,8,Wed,10,5.53,False,0,0,255,350,0.729,2300.84
Emirates,DXB,CDG,5200,4,Thu,4,6.99,False,1,100,221,350,0.634,2649.96
Qatar Airways,DXB,CDG,5200,5,Mon,4,5.43,False,0,0,244,350,0.7,2786.14
Etihad,DXB,BOM,1900,4,Fri,14,9.14,False,0,0,291,350,0.833,2473.68
Etihad,DXB,SYD,12000,10,Mon,5,6.16,False,0,0,250,350,0.716,3932.73
Emirates,DXB,LHR,5500,9,Tue,7,9.28,False,0,0,186,350,0.532,2481.93
Qatar Airways,DXB,JFK,11000,4,Tue,10,7.68,False,0,0,226,350,0.648,3582.65
Qatar Airways,DXB,JFK,11000,1,Fri,0,8.29,True,0,0,312,350,0.893,4259.42
Emirates,DXB,NRT,7900,1,Sun,14,4.66,True,1,69,294,350,0.843,3564.48
Emirates,DXB,NRT,7900,6,Mon,2,4.38,True,0,0,350,350,1.0,3940.2
Turkish Airlines,DXB,CDG,5200,5,Thu,7,7.8,False,1,23,220,350,0.631,2644.4
Emirates,DXB,SYD,12000,2,Sat,3,5.16,False,0,0,294,350,0.842,4296.68
Emirates,DXB,LHR,5500,2,Mon,2,3.67,False,0,0,296,350,0.848,3145.33
Qatar Airways,DXB,BOM,1900,8,Fri,11,6.09,False,0,0,350,350,1.0,2752.2
British Airways,DXB,CDG,5200,2,Wed,17,5.98,False,0,0,210,350,0.6,2580.82
Emirates,DXB,JNB,6400,6,Tue,1,4.32,True,0,0,335,350,0.958,3550.6
Emirates,DXB,BKK,4900,5,Wed,9,3.03,False,0,0,159,350,0.456,2243.75
Turkish Airlines,DXB,JFK,11000,9,Tue,21,6.6,False,0,0,271,350,0.774,3931.55
Qatar Airways,DXB,SIN,5900,3,Sat,22,6.2,False,1,32,248,350,0.71,2922.02
Singapore Airlines,DXB,SYD,12000,5,Wed,1,4.87,False,0,0,224,350,0.641,3718.67
Etihad,DXB,LHR,5500,1,Fri,19,4.32,True,1,29,345,350,0.987,3437.6
Singapore Airlines,DXB,BKK,4900,8,Wed,8,7.76,False,0,0,194,350,0.555,2444.69
Emirates,DXB,JNB,6400,12,Fri,1,3.69,True,1,63,350,350,1.0,3643.2
Emirates,DXB,BOM,1900,2,Sun,5,4.51,False,0,0,287,350,0.821,2453.3
Singapore Airlines,DXB,BOM,1900,8,Thu,9,8.99,False,0,0,240,350,0.687,2229.84
Turkish Airlines,DXB,FRA,4800,9,Sun,22,3.2,False,0,0,248,350,0.711,2743.34
Etihad,DXB,SYD,12000,3,Wed,6,7.25,False,0,0,235,350,0.674,3813.45
Emirates,DXB,CDG,5200,5,Thu,6,1.35,False,0,0,235,350,0.673,2731.32
Emirates,DXB,BOM,1900,10,Tue,1,5.0,False,0,0,201,350,0.574,2042.43
Etihad,DXB,JFK,11000,2,Wed,13,4.86,False,0,0,160,350,0.459,3061.6
Emirates,DXB,FRA,4800,9,Sun,17,4.04,False,0,0,233,350,0.667,2655.97
British Airways,DXB,NRT,7900,11,Thu,18,6.48,False,0,0,206,350,0.589,2958.64
Singapore Airlines,DXB,CDG,5200,11,Mon,8,6.53,False,0,0,267,350,0.765,2919.66
Etihad,DXB,NRT,7900,11,Sat,1,7.34,False,0,0,210,350,0.602,2989.05
Etihad,DXB,SIN,5900,7,Sat,19,6.33,True,0,0,297,350,0.85,3221.05
Emirates,DXB,CDG,5200,6,Wed,1,4.41,True,0,0,308,350,0.881,3159.45
Etihad,DXB,BOM,1900,9,Sun,17,3.02,False,0,0,294,350,0.843,2489.85
British Airways,DXB,CDG,5200,1,Mon,16,5.19,True,0,0,251,350,0.719,2824.59
British Airways,DXB,FRA,4800,10,Fri,10,6.42,False,0,0,234,350,0.67,2661.06
British Airways,DXB,LHR,5500,9,Wed,5,4.43,False,0,0,242,350,0.693,2821.32
Turkish Airlines,DXB,BKK,4900,3,Tue,13,8.31,False,0,0,268,350,0.767,2873.73
Singapore Airlines,DXB,SIN,5900,2,Wed,14,6.26,False,1,27,234,350,0.671,2836.54
Singapore Airlines,DXB,JFK,11000,9,Sun,3,5.41,False,0,0,301,350,0.863,4174.94
Singapore Airlines,DXB,CDG,5200,9,Tue,2,4.85,False,0,0,260,350,0.743,2875.03
Qatar Airways,DXB,JFK,11000,11,Tue,19,5.6,False,0,0,265,350,0.759,3887.94
Emirates,DXB,JNB,6400,7,Fri,5,4.18,True,0,0,266,350,0.761,3116.49
Emirates,DXB,JFK,11000,4,Fri,14,6.28,False,1,54,243,350,0.695,3713.06
Qatar Airways,DXB,SIN,5900,5,Sat,5,5.93,False,0,0,311,350,0.889,3306.04
Emirates,DXB,JNB,6400,9,Wed,22,2.62,False,0,0,222,350,0.636,2840.02
Singapore Airlines,DXB,JNB,6400,10,Fri,4,7.33,False,1,80,224,350,0.643,2854.51
Emirates,DXB,JNB,6400,3,Mon,19,6.84,False,0,0,193,350,0.552,2653.5
Emirates,DXB,BKK,4900,6,Thu,16,4.55,True,0,0,315,350,0.9,3144.21
Singapore Airlines,DXB,BOM,1900,2,Wed,9,4.42,False,0,0,213,350,0.611,2103.82
Singapore Airlines,DXB,BKK,4900,5,Mon,11,2.66,False,1,15,188,350,0.539,2412.02
Emirates,DXB,SIN,5900,12,Fri,22,6.4,True,1,47,292,350,0.835,3189.71
Emirates,DXB,FRA,4800,4,Wed,0,5.99,False,0,0,143,350,0.409,2134.9
Turkish Airlines,DXB,JFK,11000,4,Sun,3,6.63,False,1,37,194,350,0.556,3328.53
Emirates,DXB,CDG,5200,2,Thu,5,2.97,False,1,54,310,350,0.887,3172.01
British Airways,DXB,BKK,4900,12,Mon,0,3.27,True,0,0,284,350,0.814,2969.17
Singapore Airlines,DXB,SYD,12000,11,Sun,21,4.44,False,0,0,203,350,0.582,3548.75
Qatar Airways,DXB,NRT,7900,1,Thu,3,5.58,True,1,93,257,350,0.736,3310.66
Turkish Airlines,DXB,SYD,12000,9,Wed,2,3.96,False,0,0,154,350,0.443,3147.2
Emirates,DXB,SYD,12000,2,Sat,10,3.57,False,1,63,200,350,0.574,3524.0
Qatar Airways,DXB,BOM,1900,7,Wed,17,4.06,True,0,0,317,350,0.909,2599.61
British Airways,DXB,FRA,4800,4,Wed,13,5.79,False,0,0,283,350,0.809,2940.87
Emirates,DXB,LHR,5500,4,Sat,17,6.69,False,0,0,248,350,0.709,2853.15
Emirates,DXB,BOM,1900,7,Fri,20,4.33,True,0,0,300,350,0.858,2514.67
British Airways,DXB,FRA,4800,2,Sat,23,6.26,False,0,0,220,350,0.63,2581.32
Emirates,DXB,JFK,11000,10,Tue,1,7.37,False,0,0,190,350,0.545,3299.2
Etihad,DXB,CDG,5200,12,Fri,15,5.33,True,0,0,350,350,1.0,3405.6
Turkish Airlines,DXB,NRT,7900,7,Wed,12,4.01,True,0,0,212,350,0.607,3002.02
Etihad,DXB,NRT,7900,10,Sat,17,6.95,False,0,0,222,350,0.635,3068.34
Qatar Airways,DXB,FRA,4800,1,Fri,17,5.98,True,0,0,341,350,0.976,3278.58
Qatar Airways,DXB,FRA,4800,1,Thu,5,2.75,True,0,0,350,350,1.0,3326.4
British Airways,DXB,CDG,5200,12,Tue,7,5.8,True,0,0,350,350,1.0,3405.6
Etihad,DXB,JFK,11000,6,Wed,15,6.15,True,1,43,299,350,0.856,4155.91
Qatar Airways,DXB,JFK,11000,6,Sun,23,4.36,True,0,0,319,350,0.913,4315.09
Emirates,DXB,BKK,4900,2,Thu,14,4.81,False,0,0,207,350,0.592,2519.54
Emirates,DXB,BOM,1900,5,Wed,22,4.58,False,0,0,217,350,0.621,2120.35
Qatar Airways,DXB,SYD,12000,8,Sat,19,6.03,False,0,0,275,350,0.787,4139.99
Emirates,DXB,BKK,4900,12,Sat,22,4.76,True,0,0,350,350,1.0,3346.2
Emirates,DXB,BKK,4900,8,Wed,11,3.05,False,1,69,177,350,0.508,2348.31
Etihad,DXB,JFK,11000,3,Thu,16,6.38,False,1,29,199,350,0.571,3370.99
Etihad,DXB,CDG,5200,8,Thu,3,5.62,False,1,20,218,350,0.624,2629.56
British Airways,DXB,SIN,5900,9,Fri,18,5.08,False,0,0,260,350,0.746,2997.54
British Airways,DXB,CDG,5200,2,Fri,13,5.44,False,0,0,300,350,0.859,3115.51
Emirates,DXB,NRT,7900,9,Mon,21,7.21,False,0,0,174,350,0.498,2742.61
Emirates,DXB,SIN,5900,12,Thu,22,4.1,True,0,0,319,350,0.913,3356.97
British Airways,DXB,LHR,5500,3,Mon,16,6.12,False,0,0,297,350,0.85,3149.85
Qatar Airways,DXB,JFK,11000,2,Fri,11,5.44,False,0,0,256,350,0.732,3814.94
Emirates,DXB,SYD,12000,10,Sat,13,5.07,False,0,0,289,350,0.826,4250.06
Emirates,DXB,NRT,7900,12,Sat,20,3.48,True,1,50,305,350,0.873,3637.89
Singapore Airlines,DXB,LHR,5500,5,Mon,13,6.38,False,0,0,272,350,0.778,2999.17
Etihad,DXB,LHR,5500,11,Thu,11,4.12,False,0,0,227,350,0.65,2729.18
Qatar Airways,DXB,JNB,6400,12,Sat,21,5.35,True,0,0,315,350,0.902,3427.11
Emirates,DXB,JNB,6400,7,Sun,16,2.46,True,1,30,283,350,0.809,3222.35
Etihad,DXB,BKK,4900,5,Tue,15,7.72,False,1,51,186,350,0.533,2399.67
Emirates,DXB,CDG,5200,12,Tue,22,6.29,True,0,0,261,350,0.747,2883.8
Singapore Airlines,DXB,LHR,5500,4,Thu,18,5.78,False,0,0,181,350,0.518,2451.81
Turkish Airlines,DXB,BKK,4900,1,Sat,3,4.71,True,0,0,350,350,1.0,3346.2
British Airways,DXB,SYD,12000,3,Mon,8,4.04,False,0,0,256,350,0.732,3980.7
British Airways,DXB,SYD,12000,4,Thu,5,5.63,False,0,0,305,350,0.874,4388.85
Qatar Airways,DXB,JFK,11000,5,Fri,10,7.4,False,0,0,264,350,0.755,3878.18
Emirates,DXB,SIN,5900,10,Tue,17,4.43,False,0,0,148,350,0.425,2308.62
Singapore Airlines,DXB,JNB,6400,4,Sun,7,6.53,False,1,27,263,350,0.753,3097.69
Emirates,DXB,JNB,6400,9,Mon,16,6.17,False,0,0,229,350,0.655,2880.69
Singapore Airlines,DXB,JFK,11000,10,Sat,18,6.21,False,0,0,206,350,0.59,3423.04
Emirates,DXB,NRT,7900,1,Sat,20,6.38,True,0,0,299,350,0.855,3593.79
Etihad,DXB,JFK,11000,10,Sat,22,5.46,False,0,0,257,350,0.736,3824.78
Singapore Airlines,DXB,LHR,5500,8,Mon,23,6.77,False,0,0,176,350,0.505,2425.51
Singapore Airlines,DXB,FRA,4800,1,Thu,21,4.64,True,0,0,300,350,0.858,3040.6
Emirates,DXB,FRA,4800,12,Fri,11,7.18,True,0,0,261,350,0.747,2815.66
Singapore Airlines,DXB,BOM,1900,11,Thu,20,5.88,False,0,0,249,350,0.712,2272.3
Emirates,DXB,NRT,7900,7,Sat,15,9.34,True,0,0,350,350,1.0,3940.2
Singapore Airlines,DXB,SYD,12000,2,Mon,0,5.49,False,1,113,191,350,0.546,3445.84
British Airways,DXB,BKK,4900,10,Sat,14,5.15,False,0,0,269,350,0.771,2882.58
Emirates,DXB,FRA,4800,12,Tue,4,7.42,True,0,0,297,350,0.849,3021.85
Etihad,DXB,SYD,12000,11,Wed,13,6.37,False,0,0,216,350,0.618,3651.1
Qatar Airways,DXB,LHR,5500,3,Wed,0,8.04,False,1,43,278,350,0.795,3034.73
Emirates,DXB,NRT,7900,6,Tue,14,6.59,True,0,0,279,350,0.8,3461.91
Singapore Airlines,DXB,LHR,5500,11,Sun,0,7.11,False,0,0,210,350,0.601,2627.59
Emirates,DXB,NRT,7900,5,Sat,13,5.56,False,0,0,271,350,0.777,3407.58
Qatar Airways,DXB,JFK,11000,10,Sat,1,8.37,False,1,35,270,350,0.772,3923.75
Singapore Airlines,DXB,NRT,7900,7,Mon,22,6.74,True,0,0,260,350,0.743,3326.87
Emirates,DXB,JNB,6400,12,Thu,20,3.95,True,1,23,339,350,0.97,3577.17
Turkish Airlines,DXB,FRA,4800,11,Tue,6,6.21,False,1,145,196,350,0.56,2440.24
Etihad,DXB,BOM,1900,3,Fri,4,3.99,False,0,0,340,350,0.974,2709.0
Emirates,DXB,FRA,4800,4,Sat,14,6.65,False,0,0,276,350,0.791,2904.61
Etihad,DXB,LHR,5500,12,Sat,22,5.15,True,0,0,265,350,0.757,2955.43
Emirates,DXB,BOM,1900,1,Sat,18,6.55,True,0,0,280,350,0.801,2420.81
Singapore Airlines,DXB,SIN,5900,8,Thu,7,4.49,False,1,72,252,350,0.721,2945.15
Etihad,DXB,NRT,7900,3,Tue,6,6.54,False,0,0,182,350,0.522,2797.82
Emirates,DXB,BKK,4900,7,Wed,17,3.77,True,0,0,334,350,0.957,3258.54
Etihad,DXB,JFK,11000,3,Mon,23,6.26,False,0,0,256,350,0.732,3813.48
Qatar Airways,DXB,BKK,4900,4,Fri,10,6.22,False,0,0,280,350,0.802,2943.94
Qatar Airways,DXB,SYD,12000,4,Thu,21,7.41,False,0,0,245,350,0.702,3893.34
Etihad,DXB,CDG,5200,4,Tue,10,8.13,False,1,47,249,350,0.714,2815.6
Etihad,DXB,CDG,5200,2,Fri,12,5.56,False,1,19,292,350,0.835,3065.05
British Airways,DXB,CDG,5200,10,Mon,23,7.07,False,0,0,218,350,0.624,2630.25
Emirates,DXB,SYD,12000,12,Wed,12,4.45,True,0,0,273,350,0.783,4125.65
Emirates,DXB,BKK,4900,4,Thu,19,4.67,False,0,0,164,350,0.471,2272.83
Emirates,DXB,SYD,12000,8,Wed,10,1.79,False,0,0,236,350,0.675,3816.68
Emirates,DXB,NRT,7900,6,Sat,6,7.11,True,0,0,306,350,0.875,3641.96
Emirates,DXB,LHR,5500,1,Fri,7,6.12,True,0,0,281,350,0.804,3053.83
British Airways,DXB,FRA,4800,5,Fri,16,7.2,False,0,0,216,350,0.62,2559.31
Emirates,DXB,SYD,12000,12,Wed,11,8.44,True,1,59,244,350,0.698,3881.78
Turkish Airlines,DXB,FRA,4800,9,Tue,9,5.0,False,0,0,276,350,0.79,2903.2
Emirates,DXB,BOM,1900,11,Tue,10,4.99,False,1,28,268,350,0.768,2364.64
British Airways,DXB,JFK,11000,10,Fri,0,7.51,False,1,41,238,350,0.682,3677.66
Etihad,DXB,SIN,5900,6,Thu,22,4.75,True,0,0,249,350,0.712,2924.79
Turkish Airlines,DXB,CDG,5200,1,Fri,7,4.27,True,1,20,263,350,0.754,2897.14
British Airways,DXB,SIN,5900,12,Thu,15,6.75,True,0,0,326,350,0.933,3399.22
Turkish Airlines,DXB,CDG,5200,11,Mon,1,8.09,False,0,0,210,350,0.602,2583.36
Etihad,DXB,LHR,5500,6,Thu,15,6.13,True,0,0,287,350,0.822,3092.24
Singapore Airlines,DXB,SIN,5900,4,Sat,23,4.66,False,0,0,242,350,0.693,2885.08
Emirates,DXB,BKK,4900,7,Sat,17,6.74,True,1,29,254,350,0.728,2795.11
Emirates,DXB,LHR,5500,4,Sat,17,8.28,False,0,0,308,350,0.881,3215.35
British Airways,DXB,NRT,7900,2,Thu,5,5.87,False,0,0,254,350,0.728,3291.19
Emirates,DXB,SIN,5900,6,Mon,15,4.45,True,0,0,286,350,0.818,3152.41
Etihad,DXB,FRA,4800,11,Thu,7,5.54,False,0,0,159,350,0.455,2228.64
Qatar Airways,DXB,NRT,7900,2,Tue,8,5.69,False,1,32,170,350,0.488,2718.3
Turkish Airlines,DXB,FRA,4800,9,Thu,16,4.31,False,0,0,280,350,0.8,2923.22
Etihad,DXB,LHR,5500,8,Wed,7,4.38,False,0,0,212,350,0.608,2641.96
British Airways,DXB,SIN,5900,1,Sat,1,4.79,True,0,0,320,350,0.916,3363.42
Emirates,DXB,JFK,11000,6,Fri,7,5.54,True,0,0,350,350,1.0,4554.0
Turkish Airlines,DXB,BKK,4900,9,Thu,23,3.36,False,0,0,300,350,0.858,3057.87
Emirates,DXB,SIN,5900,5,Tue,8,4.91,False,0,0,235,350,0.672,2840.58
Qatar Airways,DXB,FRA,4800,12,Sun,10,4.33,True,0,0,329,350,0.942,3209.93
Emirates,DXB,CDG,5200,3,Sun,19,8.38,False,0,0,317,350,0.906,3211.27
Emirates,DXB,LHR,5500,5,Mon,3,4.98,False,0,0,212,350,0.607,2640.15
Etihad,DXB,JFK,11000,12,Sun,13,5.21,True,0,0,350,350,1.0,4554.0
Emirates,DXB,NRT,7900,8,Wed,0,6.37,False,0,0,223,350,0.638,3074.81
Etihad,DXB,BKK,4900,11,Sun,20,7.7,False,0,0,243,350,0.695,2728.48
Emirates,DXB,CDG,5200,5,Sun,11,3.87,False,0,0,239,350,0.685,2755.06
Singapore Airlines,DXB,CDG,5200,1,Thu,22,4.94,True,0,0,321,350,0.918,3235.87
Emirates,DXB,JNB,6400,6,Tue,18,5.14,True,0,0,326,350,0.934,3496.45
British Airways,DXB,SYD,12000,6,Sun,15,4.7,True,0,0,350,350,1.0,4752.0
Turkish Airlines,DXB,BOM,1900,3,Tue,6,10.0,False,0,0,262,350,0.75,2335.71
Singapore Airlines,DXB,FRA,4800,9,Mon,2,5.07,False,0,0,225,350,0.645,2611.71
Qatar Airways,DXB,LHR,5500,5,Sat,3,3.92,False,1,107,186,350,0.533,2484.38
Singapore Airlines,DXB,LHR,5500,11,Sat,14,8.97,False,0,0,267,350,0.765,2971.24
Singapore Airlines,DXB,SIN,5900,9,Tue,2,6.82,False,0,0,312,350,0.892,3313.2
Qatar Airways,DXB,SYD,12000,1,Fri,10,4.77,True,0,0,297,350,0.85,4319.77
Singapore Airlines,DXB,CDG,5200,9,Wed,1,4.6,False,1,22,196,350,0.561,2500.48
Emirates,DXB,BOM,1900,12,Mon,10,4.14,True,0,0,258,350,0.738,2315.75
Etihad,DXB,SYD,12000,9,Tue,14,2.25,False,1,40,246,350,0.705,3902.21
Emirates,DXB,JFK,11000,12,Sat,13,4.01,True,0,0,292,350,0.836,4101.12
Emirates,DXB,SIN,5900,6,Sun,17,4.51,True,0,0,337,350,0.963,3464.6
Emirates,DXB,BOM,1900,9,Sat,1,6.34,False,0,0,298,350,0.854,2508.38
Emirates,DXB,SYD,12000,11,Sat,3,6.89,False,1,78,208,350,0.596,3589.8
Emirates,DXB,LHR,5500,11,Thu,0,4.06,False,0,0,269,350,0.769,2979.01
Turkish Airlines,DXB,SYD,12000,5,Tue,5,5.58,False,0,0,235,350,0.672,3807.16
Etihad,DXB,NRT,7900,11,Mon,9,8.0,False,0,0,227,350,0.649,3102.92
Emirates,DXB,JNB,6400,1,Thu,14,1.33,True,1,140,277,350,0.792,3183.42
British Airways,DXB,JNB,6400,11,Wed,11,9.75,False,0,0,233,350,0.667,2906.85
Emirates,DXB,CDG,5200,6,Wed,21,4.26,True,0,0,297,350,0.851,3098.63
Etihad,DXB,LHR,5500,5,Tue,10,3.52,False,0,0,227,350,0.649,2727.96
Emirates,DXB,JFK,11000,4,Mon,16,7.56,False,0,0,201,350,0.575,3381.59
Singapore Airlines,DXB,CDG,5200,4,Tue,10,5.1,False,0,0,222,350,0.637,2656.44
Etihad,DXB,BOM,1900,6,Thu,5,6.83,True,0,0,295,350,0.844,2491.35
British Airways,DXB,CDG,5200,9,Tue,20,4.68,False,0,0,291,350,0.834,3063.54
Singapore Airlines,DXB,FRA,4800,12,Wed,6,5.51,True,0,0,252,350,0.721,2763.83
British Airways,DXB,BOM,1900,2,Wed,8,5.39,False,0,0,209,350,0.599,2082.76
Singapore Airlines,DXB,SYD,12000,6,Mon,9,5.43,True,0,0,332,350,0.949,4605.21
Emirates,DXB,CDG,5200,11,Wed,6,5.59,False,0,0,250,350,0.717,2821.01
Qatar Airways,DXB,JFK,11000,10,Fri,15,6.03,False,0,0,193,350,0.553,3319.82
Emirates,DXB,BOM,1900,4,Wed,6,4.25,False,0,0,175,350,0.503,1922.94
British Airways,DXB,SIN,5900,1,Sun,0,3.85,True,1,43,350,350,1.0,3544.2
British Airways,DXB,LHR,5500,4,Mon,0,8.45,False,0,0,226,350,0.646,2721.35
Qatar Airways,DXB,JFK,11000,11,Tue,7,6.44,False,0,0,282,350,0.806,4019.07
Emirates,DXB,FRA,4800,4,Mon,11,9.63,False,0,0,160,350,0.458,2233.46
Emirates,DXB,FRA,4800,12,Mon,20,6.67,True,0,0,248,350,0.711,2743.73
Turkish Airlines,DXB,SIN,5900,5,Mon,11,2.84,False,0,0,194,350,0.557,2592.75
Etihad,DXB,FRA,4800,11,Tue,0,7.74,False,0,0,204,350,0.583,2486.1
Emirates,DXB,CDG,5200,3,Tue,22,5.9,False,0,0,183,350,0.526,2426.26
Qatar Airways,DXB,SYD,12000,1,Mon,14,3.48,True,1,32,329,350,0.94,4580.5
Emirates,DXB,CDG,5200,9,Sat,1,3.62,False,0,0,248,350,0.709,2805.07
Emirates,DXB,SYD,12000,4,Thu,5,7.25,False,0,0,225,350,0.643,3724.33
Singapore Airlines,DXB,JFK,11000,5,Thu,11,4.79,False,0,0,198,350,0.568,3362.59
Etihad,DXB,CDG,5200,7,Mon,10,4.78,True,0,0,209,350,0.598,2576.67
Etihad,DXB,BOM,1900,12,Wed,5,6.69,True,0,0,267,350,0.763,2357.05
Etihad,DXB,NRT,7900,7,Mon,23,6.3,True,1,82,314,350,0.897,3695.1
Qatar Airways,DXB,JFK,11000,1,Sun,3,6.72,True,1,27,307,350,0.878,4217.58
Qatar Airways,DXB,CDG,5200,8,Sat,14,7.23,False,0,0,255,350,0.729,2845.43
Emirates,DXB,JFK,11000,3,Tue,3,6.19,False,0,0,228,350,0.652,3593.5
Turkish Airlines,DXB,JNB,6400,10,Fri,5,7.0,False,0,0,350,350,1.0,3643.2
Etihad,DXB,LHR,5500,9,Wed,0,7.55,False,1,18,194,350,0.555,2531.49
Etihad,DXB,CDG,5200,2,Fri,15,4.56,False,1,172,260,350,0.743,2875.3
Etihad,DXB,NRT,7900,6,Mon,23,7.54,True,0,0,305,350,0.873,3636.63
Emirates,DXB,SIN,5900,2,Mon,1,5.26,False,0,0,178,350,0.511,2492.83
Etihad,DXB,JNB,6400,8,Sat,20,4.73,False,0,0,203,350,0.582,2721.14
Emirates,DXB,BKK,4900,6,Mon,7,6.07,True,0,0,319,350,0.913,3170.24
Turkish Airlines,DXB,BOM,1900,2,Tue,3,5.11,False,0,0,260,350,0.745,2326.89
Singapore Airlines,DXB,SYD,12000,2,Sun,7,6.04,False,0,0,239,350,0.684,3841.29
British Airways,DXB,JFK,11000,1,Sun,16,2.9,True,1,21,324,350,0.928,4356.54
Etihad,DXB,FRA,4800,8,Tue,18,5.98,False,0,0,238,350,0.681,2684.14
Qatar Airways,DXB,SYD,12000,6,Thu,14,3.8,True,1,86,281,350,0.803,4185.57
Singapore Airlines,DXB,SIN,5900,10,Sun,14,7.25,False,0,0,277,350,0.792,3096.38
Qatar Airways,DXB,NRT,7900,2,Mon,8,4.03,False,0,0,192,350,0.551,2868.0
Qatar Airways,DXB,NRT,7900,2,Sat,1,3.63,False,1,29,295,350,0.844,3566.54
Turkish Airlines,DXB,SYD,12000,8,Tue,2,5.4,False,0,0,240,350,0.688,3853.94
Singapore Airlines,DXB,JNB,6400,4,Mon,5,7.05,False,0,0,263,350,0.754,3100.02
Emirates,DXB,NRT,7900,2,Thu,10,6.9,False,0,0,254,350,0.728,3290.93
Emirates,DXB,FRA,4800,6,Thu,23,5.26,True,0,0,215,350,0.615,2549.77
British Airways,DXB,FRA,4800,9,Sun,12,1.36,False,0,0,296,350,0.848,3019.3
Emirates,DXB,JFK,11000,7,Mon,3,1.74,True,1,20,295,350,0.845,4126.89
Emirates,DXB,SIN,5900,3,Thu,13,4.33,False,0,0,284,350,0.813,3141.9
Singapore Airlines,DXB,NRT,7900,1,Tue,5,5.61,True,0,0,288,350,0.823,3518.02
Qatar Airways,DXB,JFK,11000,7,Wed,0,5.23,True,0,0,296,350,0.846,4129.26
British Airways,DXB,SIN,5900,3,Thu,6,6.2,False,0,0,233,350,0.667,2828.72
British Airways,DXB,FRA,4800,1,Tue,18,5.09,True,0,0,350,350,1.0,3326.4
Emirates,DXB,BOM,1900,9,Wed,12,4.2,False,0,0,179,350,0.512,1937.76
Emirates,DXB,LHR,5500,5,Thu,21,5.2,False,0,0,172,350,0.494,2401.49
Turkish Airlines,DXB,JFK,11000,7,Tue,14,4.6,True,0,0,289,350,0.826,4075.06
Singapore Airlines,DXB,SIN,5900,2,Tue,8,3.52,False,0,0,331,350,0.947,3431.38
British Airways,DXB,BKK,4900,11,Tue,17,4.67,False,0,0,242,350,0.693,2723.35
Qatar Airways,DXB,JFK,11000,7,Sat,23,3.9,True,0,0,328,350,0.937,4381.49
Turkish Airlines,DXB,BKK,4900,5,Tue,12,2.91,False,0,0,288,350,0.824,2988.72
Turkish Airlines,DXB,LHR,5500,12,Fri,3,7.11,True,0,0,350,350,1.0,3465.0
Emirates,DXB,BKK,4900,2,Sun,21,3.39,False,0,0,274,350,0.784,2908.64
Emirates,DXB,JNB,6400,5,Mon,11,3.67,False,0,0,239,350,0.683,2943.27
Qatar Airways,DXB,JNB,6400,8,Wed,6,6.27,False,0,0,242,350,0.694,2968.16
Emirates,DXB,NRT,7900,8,Thu,10,7.85,False,0,0,204,350,0.585,2948.66
Emirates,DXB,SYD,12000,1,Mon,3,4.0,True,1,82,226,350,0.646,3731.98
Etihad,DXB,JFK,11000,7,Mon,19,6.04,True,1,24,349,350,0.998,4548.62
British Airways,DXB,FRA,4800,1,Fri,13,6.01,True,0,0,293,350,0.84,3003.58
Singapore Airlines,DXB,BOM,1900,7,Sun,13,5.17,True,1,18,324,350,0.927,2630.66
Turkish Airlines,DXB,JFK,11000,6,Thu,1,6.43,True,0,0,241,350,0.691,3701.15
Emirates,DXB,SYD,12000,6,Fri,15,4.57,True,0,0,350,350,1.0,4752.0
Singapore Airlines,DXB,CDG,5200,8,Wed,19,6.61,False,0,0,245,350,0.701,2788.38
Emirates,DXB,BOM,1900,9,Sun,19,3.24,False,1,17,240,350,0.688,2231.14
Etihad,DXB,BKK,4900,2,Mon,6,5.54,False,0,0,254,350,0.727,2793.35
Turkish Airlines,DXB,CDG,5200,2,Mon,2,1.65,False,0,0,234,350,0.67,2723.97
Singapore Airlines,DXB,SYD,12000,3,Thu,14,5.2,False,0,0,274,350,0.785,4132.6
Etihad,DXB,FRA,4800,4,Mon,8,7.11,False,0,0,254,350,0.729,2779.17
Emirates,DXB,CDG,5200,8,Sun,11,5.21,False,0,0,225,350,0.644,2671.35
British Airways,DXB,SYD,12000,2,Sat,15,2.49,False,0,0,305,350,0.874,4389.7
Qatar Airways,DXB,BOM,1900,5,Fri,2,5.15,False,0,0,180,350,0.517,1945.85
Emirates,DXB,JFK,11000,7,Tue,0,4.81,True,0,0,310,350,0.887,4242.62
British Airways,DXB,FRA,4800,3,Wed,19,7.88,False,0,0,291,350,0.833,2989.35
Emirates,DXB,JNB,6400,8,Mon,3,4.33,False,0,0,214,350,0.614,2789.81
Qatar Airways,DXB,BKK,4900,10,Wed,15,6.76,False,0,0,254,350,0.726,2790.46
Etihad,DXB,JNB,6400,4,Tue,4,6.21,False,0,0,147,350,0.422,2366.4
Emirates,DXB,JFK,11000,1,Sun,18,5.85,True,0,0,236,350,0.675,3657.95
Emirates,DXB,BKK,4900,5,Sun,0,4.24,False,0,0,244,350,0.699,2735.28
Emirates,DXB,JNB,6400,6,Sun,9,6.55,True,1,19,350,350,1.0,3643.2
Emirates,DXB,SYD,12000,4,Mon,18,6.88,False,1,23,224,350,0.642,3721.96
Singapore Airlines,DXB,JFK,11000,12,Tue,3,7.08,True,0,0,282,350,0.806,4018.73
Emirates,DXB,SYD,12000,6,Wed,8,3.82,True,0,0,291,350,0.831,4266.6
Singapore Airlines,DXB,SIN,5900,9,Sat,0,4.81,False,0,0,201,350,0.576,2632.58
Emirates,DXB,JNB,6400,4,Mon,13,4.51,False,0,0,180,350,0.517,2576.32
British Airways,DXB,SIN,5900,9,Wed,20,4.02,False,0,0,260,350,0.744,2995.36
Etihad,DXB,LHR,5500,2,Fri,6,4.89,False,0,0,222,350,0.637,2702.19
Emirates,DXB,JNB,6400,11,Sat,1,5.75,False,0,0,293,350,0.839,3288.41
British Airways,DXB,NRT,7900,3,Mon,23,6.29,False,0,0,212,350,0.607,3001.78
Emirates,DXB,SIN,5900,3,Sat,3,6.97,False,1,40,288,350,0.824,3167.19
Etihad,DXB,SIN,5900,10,Wed,19,5.93,False,0,0,177,350,0.508,2487.24
Qatar Airways,DXB,BKK,4900,8,Fri,15,6.56,False,0,0,304,350,0.869,3080.7
British Airways,DXB,NRT,7900,7,Sat,11,4.84,True,0,0,286,350,0.818,3506.44
British Airways,DXB,SYD,12000,7,Thu,19,4.07,True,0,0,292,350,0.836,4279.1
Emirates,DXB,CDG,5200,2,Wed,1,4.37,False,0,0,167,350,0.477,2327.05
Qatar Airways,DXB,FRA,4800,5,Sun,15,4.66,False,0,0,277,350,0.793,2908.26
Etihad,DXB,CDG,5200,9,Thu,11,4.24,False,0,0,242,350,0.694,2774.33
Emirates,DXB,JNB,6400,1,Fri,13,3.15,True,0,0,338,350,0.968,3571.61
Singapore Airlines,DXB,CDG,5200,7,Wed,8,4.51,True,1,23,288,350,0.825,3044.99
Emirates,DXB,JFK,11000,6,Sun,2,5.57,True,0,0,241,350,0.689,3695.48
Etihad,DXB,JNB,6400,2,Wed,21,7.02,False,0,0,209,350,0.597,2753.77
Qatar Airways,DXB,LHR,5500,8,Fri,20,3.61,False,1,17,235,350,0.673,2777.52
Emirates,DXB,BKK,4900,8,Thu,8,6.8,False,0,0,244,350,0.699,2734.92
Emirates,DXB,SYD,12000,2,Tue,19,5.3,False,1,59,192,350,0.55,3456.41
Emirates,DXB,SIN,5900,8,Fri,10,3.23,False,0,0,208,350,0.595,2674.53
Qatar Airways,DXB,FRA,4800,2,Mon,5,3.27,False,0,0,298,350,0.853,3029.14
Emirates,DXB,LHR,5500,5,Wed,15,4.58,False,0,0,268,350,0.767,2975.51
Emirates,DXB,LHR,5500,8,Mon,16,7.82,False,0,0,173,350,0.495,2403.65
Emirates,DXB,JFK,11000,12,Mon,8,4.49,True,0,0,296,350,0.847,4131.84
Emirates,DXB,BKK,4900,10,Mon,16,9.32,False,0,0,277,350,0.794,2928.94
Singapore Airlines,DXB,BOM,1900,10,Sun,1,6.12,False,0,0,272,350,0.78,2384.5
Emirates,DXB,BKK,4900,2,Sun,17,7.39,False,0,0,309,350,0.885,3112.0
Emirates,DXB,NRT,7900,6,Sat,9,5.55,True,0,0,285,350,0.816,3499.68
Singapore Airlines,DXB,JNB,6400,5,Sun,14,6.76,False,0,0,247,350,0.707,2997.01
Etihad,DXB,SYD,12000,4,Wed,10,8.99,False,0,0,243,350,0.696,3875.08
Etihad,DXB,NRT,7900,2,Sat,5,6.55,False,0,0,246,350,0.705,3236.4
Turkish Airlines,DXB,FRA,4800,3,Fri,6,6.37,False,0,0,210,350,0.6,2520.64
Singapore Airlines,DXB,BOM,1900,10,Fri,15,6.9,False,1,24,221,350,0.633,2139.36
Etihad,DXB,NRT,7900,10,Tue,6,7.01,False,1,99,227,350,0.651,3106.1
Etihad,DXB,SYD,12000,12,Sat,9,2.83,True,0,0,318,350,0.91,4492.19
Emirates,DXB,BKK,4900,5,Fri,3,2.45,False,0,0,317,350,0.907,3156.91
British Airways,DXB,BOM,1900,8,Thu,17,4.57,False,0,0,268,350,0.767,2364.12
Emirates,DXB,LHR,5500,1,Fri,16,3.27,True,0,0,350,350,1.0,3465.0
Emirates,DXB,JNB,6400,3,Fri,23,4.84,False,0,0,235,350,0.672,2917.93
Emirates,DXB,BOM,1900,2,Mon,18,5.3,False,0,0,229,350,0.656,2178.67
Qatar Airways,DXB,JFK,11000,4,Mon,12,7.26,False,0,0,249,350,0.714,3765.08
Emirates,DXB,SYD,12000,1,Sun,15,5.91,True,1,100,350,350,1.0,4752.0
Turkish Airlines,DXB,SYD,12000,11,Tue,14,8.14,False,1,123,240,350,0.687,3851.18
British Airways,DXB,BOM,1900,3,Wed,0,8.11,False,0,0,217,350,0.62,2118.67
Etihad,DXB,JFK,11000,12,Sat,18,6.39,True,0,0,330,350,0.945,4403.32
Emirates,DXB,CDG,5200,3,Wed,21,8.47,False,1,82,206,350,0.589,2557.29
British Airways,DXB,CDG,5200,3,Thu,7,8.36,False,0,0,277,350,0.792,2975.71
Qatar Airways,DXB,LHR,5500,9,Sat,7,4.42,False,0,0,250,350,0.716,2869.13
Etihad,DXB,FRA,4800,3,Thu,7,8.14,False,0,0,268,350,0.766,2855.57
Qatar Airways,DXB,NRT,7900,4,Wed,14,5.27,False,0,0,269,350,0.77,3391.22
Emirates,DXB,FRA,4800,7,Sat,10,4.34,True,1,25,350,350,1.0,3326.4
Emirates,DXB,BOM,1900,3,Sun,23,7.21,False,1,52,243,350,0.696,2245.33
Emirates,DXB,SYD,12000,6,Tue,12,5.99,True,1,103,311,350,0.891,4438.57
Qatar Airways,DXB,LHR,5500,6,Sat,18,5.6,True,0,0,323,350,0.924,3305.44
Emirates,DXB,NRT,7900,5,Fri,14,7.46,False,0,0,283,350,0.809,3485.12
Etihad,DXB,JNB,6400,11,Mon,5,8.98,False,0,0,232,350,0.664,2900.87
Emirates,DXB,FRA,4800,1,Wed,17,5.93,True,0,0,217,350,0.621,2563.01
British Airways,DXB,BOM,1900,9,Wed,1,4.29,False,0,0,276,350,0.79,2402.69
British Airways,DXB,JFK,11000,11,Mon,1,6.61,False,1,32,267,350,0.766,3906.91
Emirates,DXB,SYD,12000,11,Sat,19,10.0,False,0,0,211,350,0.604,3611.41
Etihad,DXB,BOM,1900,7,Fri,20,7.01,True,0,0,350,350,1.0,2752.2
Turkish Airlines,DXB,SYD,12000,2,Thu,7,4.98,False,1,41,209,350,0.598,3594.26
Turkish Airlines,DXB,NRT,7900,5,Wed,23,5.63,False,0,0,136,350,0.39,2484.45
Emirates,DXB,FRA,4800,8,Sun,18,3.74,False,0,0,288,350,0.826,2974.72
Emirates,DXB,JFK,11000,12,Sat,5,4.95,True,0,0,350,350,1.0,4554.0
Turkish Airlines,DXB,FRA,4800,10,Mon,20,6.3,False,0,0,300,350,0.858,3039.36
Singapore Airlines,DXB,JFK,11000,6,Thu,17,8.25,True,1,40,283,350,0.811,4031.58
Singapore Airlines,DXB,JFK,11000,6,Sat,5,7.97,True,0,0,317,350,0.908,4298.96
Emirates,DXB,BOM,1900,7,Mon,18,6.78,True,0,0,284,350,0.814,2441.29
Singapore Airlines,DXB,SYD,12000,3,Sat,22,5.31,False,1,75,196,350,0.56,3485.04
Singapore Airlines,DXB,SYD,12000,4,Tue,18,5.33,False,0,0,191,350,0.546,3444.99
Turkish Airlines,DXB,BKK,4900,10,Fri,23,8.13,False,0,0,227,350,0.65,2637.21
Etihad,DXB,JFK,11000,2,Sun,21,5.97,False,0,0,216,350,0.62,3504.02
Emirates,DXB,BKK,4900,5,Thu,0,4.18,False,0,0,197,350,0.564,2461.15
Emirates,DXB,SIN,5900,8,Sat,21,5.24,False,0,0,325,350,0.93,3392.92
Emirates,DXB,JFK,11000,3,Sun,20,6.11,False,0,0,220,350,0.631,3535.84
Singapore Airlines,DXB,JFK,11000,8,Tue,3,8.22,False,0,0,186,350,0.532,3261.46
Etihad,DXB,BKK,4900,2,Mon,1,7.73,False,1,116,316,350,0.904,3150.82
Etihad,DXB,SIN,5900,9,Thu,5,4.41,False,0,0,226,350,0.648,2787.77
Qatar Airways,DXB,CDG,5200,6,Tue,22,7.05,True,0,0,350,350,1.0,3405.6
Emirates,DXB,FRA,4800,12,Sat,20,1.46,True,1,18,295,350,0.843,3010.82
British Airways,DXB,JFK,11000,10,Sat,22,9.19,False,0,0,319,350,0.914,4316.21
Etihad,DXB,JFK,11000,2,Wed,22,6.38,False,0,0,292,350,0.836,4101.42
Qatar Airways,DXB,SYD,12000,8,Thu,0,6.09,False,0,0,233,350,0.668,3795.43
Emirates,DXB,FRA,4800,4,Mon,21,6.66,False,0,0,277,350,0.793,2909.44
Emirates,DXB,CDG,5200,1,Sun,9,7.7,True,0,0,276,350,0.791,2974.48
British Airways,DXB,LHR,5500,6,Fri,15,6.44,True,0,0,348,350,0.996,3457.62
Emirates,DXB,JFK,11000,8,Sun,0,3.8,False,0,0,285,350,0.816,4047.2
Emirates,DXB,SIN,5900,11,Tue,1,8.96,False,0,0,186,350,0.532,2539.53
Etihad,DXB,LHR,5500,6,Thu,1,2.27,True,0,0,341,350,0.975,3412.23
Qatar Airways,DXB,BOM,1900,3,Wed,23,5.77,False,0,0,165,350,0.471,1870.56
Qatar Airways,DXB,CDG,5200,3,Sat,23,6.83,False,0,0,263,350,0.754,2897.98
British Airways,DXB,FRA,4800,12,Sat,5,3.6,True,0,0,332,350,0.951,3228.35
British Airways,DXB,NRT,7900,8,Sun,7,7.7,False,0,0,186,350,0.533,2823.91
Qatar Airways,DXB,SIN,5900,8,Mon,19,4.6,False,0,0,177,350,0.507,2486.11
Emirates,DXB,CDG,5200,3,Tue,3,5.95,False,0,0,157,350,0.449,2268.58
Qatar Airways,DXB,BOM,1900,12,Sun,9,6.45,True,0,0,350,350,1.0,2752.2
Turkish Airlines,DXB,CDG,5200,7,Sat,6,5.13,True,0,0,350,350,1.0,3405.6
Qatar Airways,DXB,CDG,5200,7,Fri,6,4.79,True,0,0,350,350,1.0,3405.6
Etihad,DXB,CDG,5200,12,Mon,3,3.22,True,0,0,214,350,0.613,2607.78
Etihad,DXB,BKK,4900,9,Tue,9,2.81,False,0,0,228,350,0.652,2639.57
Singapore Airlines,DXB,CDG,5200,1,Sat,14,5.74,True,0,0,350,350,1.0,3405.6
Emirates,DXB,SYD,12000,9,Tue,0,3.33,False,0,0,206,350,0.589,3568.52
British Airways,DXB,NRT,7900,9,Fri,10,2.56,False,0,0,248,350,0.711,3249.29
British Airways,DXB,FRA,4800,11,Tue,20,7.42,False,0,0,271,350,0.777,2877.1
Emirates,DXB,LHR,5500,11,Fri,8,3.84,False,1,35,318,350,0.91,3276.84
Emirates,DXB,SYD,12000,3,Thu,5,8.57,False,0,0,187,350,0.536,3416.89
British Airways,DXB,SIN,5900,7,Thu,18,3.22,True,0,0,296,350,0.847,3215.94
British Airways,DXB,SIN,5900,8,Wed,10,6.89,False,1,57,195,350,0.558,2594.29
British Airways,DXB,SYD,12000,2,Mon,10,6.49,False,0,0,221,350,0.631,3690.68
Emirates,DXB,NRT,7900,1,Thu,23,2.35,True,0,0,293,350,0.84,3557.81
Emirates,DXB,NRT,7900,1,Sun,5,5.33,True,1,46,303,350,0.867,3622.89
Etihad,DXB,SYD,12000,4,Wed,11,5.92,False,0,0,188,350,0.538,3421.25
Etihad,DXB,FRA,4800,12,Fri,19,5.0,True,0,0,303,350,0.866,3056.59
Emirates,DXB,BKK,4900,5,Thu,7,2.16,False,0,0,226,350,0.648,2632.87
Turkish Airlines,DXB,SYD,12000,12,Wed,21,2.15,True,0,0,274,350,0.784,4130.02
Etihad,DXB,BKK,4900,10,Mon,9,9.27,False,0,0,236,350,0.675,2686.59
Etihad,DXB,LHR,5500,4,Thu,22,4.52,False,0,0,224,350,0.642,2714.16
Etihad,DXB,LHR,5500,1,Thu,1,7.78,True,0,0,350,350,1.0,3465.0
Singapore Airlines,DXB,BOM,1900,5,Wed,5,3.77,False,1,204,194,350,0.557,2012.5
Qatar Airways,DXB,JNB,6400,6,Thu,15,5.19,True,0,0,350,350,1.0,3643.2
Emirates,DXB,LHR,5500,5,Fri,11,6.45,False,0,0,314,350,0.897,3249.21
Singapore Airlines,DXB,SYD,12000,1,Mon,7,5.93,True,0,0,287,350,0.822,4239.39
British Airways,DXB,JFK,11000,6,Fri,15,7.94,True,0,0,240,350,0.688,3692.64
Emirates,DXB,SYD,12000,11,Mon,15,6.05,False,1,120,275,350,0.788,4140.5
Singapore Airlines,DXB,BOM,1900,3,Mon,12,7.73,False,0,0,180,350,0.517,1946.05
Singapore Airlines,DXB,BKK,4900,10,Sun,18,6.23,False,0,0,274,350,0.784,2907.24
Qatar Airways,DXB,SYD,12000,1,Tue,18,4.61,True,0,0,291,350,0.833,4272.19
Qatar Airways,DXB,NRT,7900,2,Fri,16,4.47,False,0,0,217,350,0.62,3032.86
Emirates,DXB,JFK,11000,4,Thu,5,5.09,False,0,0,271,350,0.775,3932.57
Qatar Airways,DXB,JFK,11000,11,Fri,6,7.95,False,1,36,206,350,0.59,3421.56
Emirates,DXB,CDG,5200,1,Sun,13,3.9,True,0,0,278,350,0.797,2986.29
British Airways,DXB,NRT,7900,6,Thu,23,5.76,True,0,0,269,350,0.769,3389.34
Qatar Airways,DXB,BOM,1900,7,Sat,20,5.54,True,0,0,345,350,0.988,2732.73
Emirates,DXB,SYD,12000,12,Tue,3,5.5,True,0,0,243,350,0.696,3877.06
Etihad,DXB,BOM,1900,2,Sun,17,4.14,False,0,0,269,350,0.771,2370.67
Emirates,DXB,FRA,4800,11,Sun,16,6.53,False,0,0,235,350,0.672,2665.92
Emirates,DXB,JFK,11000,10,Tue,7,4.64,False,1,69,237,350,0.679,3668.87
Turkish Airlines,DXB,BOM,1900,8,Sun,3,3.06,False,0,0,269,350,0.769,2366.33
Emirates,DXB,BOM,1900,5,Fri,5,7.96,False,0,0,176,350,0.503,1923.92
Etihad,DXB,SIN,5900,11,Mon,4,9.41,False,0,0,226,350,0.646,2784.82
Qatar Airways,DXB,NRT,7900,8,Wed,0,3.48,False,0,0,255,350,0.73,3294.29
Qatar Airways,DXB,JFK,11000,7,Thu,13,4.71,True,0,0,277,350,0.794,3986.2
Qatar Airways,DXB,SYD,12000,1,Tue,6,5.04,True,1,29,288,350,0.824,4246.04
British Airways,DXB,BOM,1900,2,Mon,19,3.42,False,1,25,196,350,0.561,2019.69
Emirates,DXB,JNB,6400,5,Thu,7,6.9,False,0,0,197,350,0.564,2679.48
Singapore Airlines,DXB,SYD,12000,3,Sat,16,8.14,False,0,0,198,350,0.568,3508.19
Emirates,DXB,LHR,5500,1,Mon,17,6.16,True,0,0,280,350,0.801,3047.94
Qatar Airways,DXB,LHR,5500,11,Tue,0,8.17,False,0,0,219,350,0.626,2679.01
Emirates,DXB,LHR,5500,3,Thu,13,7.25,False,1,64,220,350,0.629,2686.42
Emirates,DXB,JNB,6400,4,Tue,4,7.25,False,0,0,181,350,0.519,2580.56
Turkish Airlines,DXB,CDG,5200,9,Sun,18,6.76,False,0,0,201,350,0.575,2529.18
Qatar Airways,DXB,CDG,5200,8,Wed,11,6.21,False,0,0,259,350,0.742,2872.1
Emirates,DXB,NRT,7900,6,Tue,1,6.23,True,0,0,255,350,0.729,3294.01
Emirates,DXB,SYD,12000,2,Wed,18,8.09,False,0,0,237,350,0.679,3828.78
Singapore Airlines,DXB,FRA,4800,2,Tue,14,4.74,False,0,0,326,350,0.934,3193.24
British Airways,DXB,JFK,11000,12,Sun,11,5.03,True,0,0,328,350,0.94,4387.26
Turkish Airlines,DXB,LHR,5500,9,Mon,14,6.87,False,0,0,182,350,0.521,2459.73
Qatar Airways,DXB,NRT,7900,7,Thu,20,6.2,True,0,0,261,350,0.748,3339.4
British Airways,DXB,JNB,6400,3,Thu,20,7.66,False,0,0,259,350,0.74,3069.21
Turkish Airlines,DXB,CDG,5200,9,Mon,8,2.31,False,1,75,221,350,0.631,2645.0
Qatar Airways,DXB,BKK,4900,2,Fri,8,5.64,False,0,0,242,350,0.693,2724.17
Etihad,DXB,SYD,12000,8,Tue,9,6.68,False,0,0,170,350,0.488,3277.42
Emirates,DXB,SYD,12000,2,Tue,7,4.34,False,0,0,196,350,0.562,3491.83
Singapore Airlines,DXB,CDG,5200,5,Fri,17,4.6,False,0,0,191,350,0.548,2472.8
British Airways,DXB,BKK,4900,11,Sat,4,7.9,False,1,108,291,350,0.832,3005.85
Emirates,DXB,SYD,12000,8,Tue,3,5.77,False,0,0,192,350,0.55,3455.55
Emirates,DXB,SYD,12000,5,Sat,11,3.67,False,0,0,254,350,0.728,3967.42
Emirates,DXB,NRT,7900,5,Sun,1,5.71,False,0,0,239,350,0.684,3184.45
Emirates,DXB,LHR,5500,4,Sun,10,7.56,False,0,0,268,350,0.768,2978.28
Emirates,DXB,CDG,5200,5,Fri,2,7.36,False,0,0,283,350,0.811,3016.33
Emirates,DXB,BOM,1900,6,Tue,9,5.5,True,1,33,291,350,0.832,2472.77
Etihad,DXB,LHR,5500,9,Thu,6,4.96,False,1,64,185,350,0.53,2478.89
Qatar Airways,DXB,NRT,7900,7,Fri,15,4.81,True,0,0,307,350,0.879,3650.74
Emirates,DXB,BKK,4900,11,Sun,22,4.99,False,0,0,263,350,0.753,2845.82
Qatar Airways,DXB,CDG,5200,11,Sat,5,7.68,False,0,0,273,350,0.781,2953.05
British Airways,DXB,SYD,12000,3,Sun,21,5.45,False,1,83,205,350,0.587,3562.79
British Airways,DXB,SYD,12000,12,Sat,16,4.55,True,0,0,297,350,0.849,4316.55
Singapore Airlines,DXB,NRT,7900,7,Sat,19,7.13,True,1,99,350,350,1.0,3940.2
Emirates,DXB,BKK,4900,8,Sun,3,6.54,False,0,0,267,350,0.764,2867.46
Emirates,DXB,BKK,4900,5,Mon,7,5.31,False,0,0,285,350,0.816,2973.56
Turkish Airlines,DXB,SYD,12000,5,Fri,12,2.17,False,1,16,303,350,0.866,4365.79
Turkish Airlines,DXB,CDG,5200,10,Thu,23,6.68,False,0,0,285,350,0.816,3026.56
Emirates,DXB,CDG,5200,9,Wed,22,4.73,False,0,0,183,350,0.524,2423.84
Singapore Airlines,DXB,NRT,7900,12,Sat,8,5.52,True,0,0,326,350,0.932,3776.92
British Airways,DXB,BKK,4900,4,Thu,12,6.27,False,0,0,200,350,0.573,2480.55
Emirates,DXB,NRT,7900,9,Mon,10,5.64,False,0,0,217,350,0.622,3036.75
Emirates,DXB,FRA,4800,5,Wed,1,6.5,False,0,0,243,350,0.694,2710.32
British Airways,DXB,BOM,1900,12,Wed,22,4.75,True,0,0,350,350,1.0,2752.2
Emirates,DXB,CDG,5200,11,Tue,19,6.14,False,0,0,191,350,0.547,2471.27
Singapore Airlines,DXB,JFK,11000,12,Tue,20,5.56,True,0,0,332,350,0.951,4419.65
Etihad,DXB,NRT,7900,6,Wed,11,4.74,True,1,30,308,350,0.881,3655.18
Emirates,DXB,JFK,11000,10,Tue,1,7.28,False,0,0,257,350,0.737,3828.12
Turkish Airlines,DXB,CDG,5200,9,Wed,18,4.65,False,0,0,247,350,0.706,2799.18
Etihad,DXB,NRT,7900,2,Mon,3,7.77,False,1,106,186,350,0.532,2823.68
Qatar Airways,DXB,SIN,5900,2,Fri,21,6.86,False,0,0,193,350,0.552,2580.88
Singapore Airlines,DXB,LHR,5500,8,Mon,6,3.84,False,0,0,183,350,0.526,2468.98
British Airways,DXB,CDG,5200,4,Tue,15,10.0,False,0,0,253,350,0.724,2836.01
Etihad,DXB,NRT,7900,10,Sun,10,7.7,False,0,0,235,350,0.674,3162.19
Emirates,DXB,BOM,1900,6,Wed,0,5.15,True,0,0,302,350,0.864,2525.3
Qatar Airways,DXB,NRT,7900,11,Thu,2,8.73,False,1,39,215,350,0.616,3022.2
Singapore Airlines,DXB,SIN,5900,11,Sun,8,8.32,False,0,0,300,350,0.859,3240.43
Singapore Airlines,DXB,JFK,11000,4,Tue,5,7.7,False,0,0,280,350,0.803,4009.03
British Airways,DXB,CDG,5200,12,Sat,21,4.74,True,0,0,350,350,1.0,3405.6
Emirates,DXB,CDG,5200,12,Fri,11,6.01,True,1,16,350,350,1.0,3405.6
Emirates,DXB,JNB,6400,11,Fri,15,5.53,False,0,0,220,350,0.63,2826.14
British Airways,DXB,BOM,1900,6,Tue,6,4.21,True,0,0,293,350,0.84,2484.76
Emirates,DXB,SIN,5900,11,Tue,15,7.92,False,0,0,269,350,0.77,3050.67
Emirates,DXB,LHR,5500,6,Fri,0,5.25,True,1,19,288,350,0.823,3093.74
Emirates,DXB,SYD,12000,9,Tue,6,5.14,False,0,0,214,350,0.614,3640.83
Etihad,DXB,LHR,5500,9,Mon,5,4.67,False,0,0,190,350,0.545,2510.23
Singapore Airlines,DXB,CDG,5200,4,Sat,3,7.56,False,0,0,232,350,0.664,2711.83
Emirates,DXB,FRA,4800,5,Mon,12,5.83,False,0,0,223,350,0.638,2595.61
Emirates,DXB,LHR,5500,1,Mon,6,3.79,True,0,0,252,350,0.722,2881.34
Etihad,DXB,JFK,11000,2,Sun,17,7.5,False,0,0,226,350,0.647,3579.21
Emirates,DXB,BKK,4900,9,Sun,5,4.36,False,0,0,237,350,0.679,2695.5
Emirates,DXB,JFK,11000,3,Thu,12,4.33,False,0,0,211,350,0.605,3464.29
Qatar Airways,DXB,BKK,4900,1,Thu,19,3.32,True,1,90,260,350,0.745,2829.14
Emirates,DXB,BKK,4900,2,Fri,19,7.46,False,0,0,203,350,0.581,2496.96
Etihad,DXB,BKK,4900,5,Wed,10,7.42,False,0,0,177,350,0.508,2349.42
Qatar Airways,DXB,JFK,11000,9,Mon,2,1.61,False,1,45,258,350,0.738,3829.68
Turkish Airlines,DXB,LHR,5500,3,Thu,14,5.24,False,0,0,208,350,0.597,2618.93
Emirates,DXB,LHR,5500,7,Mon,15,4.4,True,1,44,310,350,0.888,3229.07
Emirates,DXB,SIN,5900,2,Wed,17,6.31,False,1,115,237,350,0.678,2852.37
Etihad,DXB,SYD,12000,2,Thu,16,7.88,False,0,0,270,350,0.772,4096.76
British Airways,DXB,SIN,5900,9,Wed,13,1.51,False,0,0,257,350,0.735,2974.5
Emirates,DXB,SIN,5900,4,Fri,16,6.89,False,0,0,265,350,0.759,3026.08
Emirates,DXB,BKK,4900,3,Mon,4,9.79,False,0,0,136,350,0.39,2108.79
Etihad,DXB,NRT,7900,5,Sat,7,5.0,False,0,0,247,350,0.707,3241.22
Qatar Airways,DXB,SIN,5900,2,Mon,0,4.94,False,0,0,204,350,0.583,2648.2
Emirates,DXB,LHR,5500,4,Wed,1,5.51,False,0,0,301,350,0.86,3171.17
Emirates,DXB,BOM,1900,11,Tue,15,5.71,False,0,0,266,350,0.762,2354.86
Emirates,DXB,SIN,5900,11,Sat,8,10.0,False,0,0,196,350,0.56,2599.72
Emirates,DXB,NRT,7900,5,Tue,12,6.17,False,0,0,167,350,0.479,2696.43
Qatar Airways,DXB,BOM,1900,12,Mon,14,4.47,True,0,0,350,350,1.0,2752.2
Turkish Airlines,DXB,JNB,6400,9,Thu,7,8.29,False,0,0,250,350,0.715,3014.39
Emirates,DXB,BKK,4900,10,Thu,7,6.62,False,0,0,216,350,0.62,2574.92
Turkish Airlines,DXB,FRA,4800,10,Thu,7,6.83,False,1,49,228,350,0.652,2624.32
Etihad,DXB,SYD,12000,4,Fri,6,4.8,False,0,0,261,350,0.748,4027.67
Etihad,DXB,SIN,5900,7,Sat,10,5.98,True,1,15,286,350,0.819,3156.33
Qatar Airways,DXB,BOM,1900,6,Fri,16,6.09,True,1,48,314,350,0.9,2584.8
Emirates,DXB,LHR,5500,10,Fri,4,6.31,False,0,0,166,350,0.476,2364.71
Emirates,DXB,JNB,6400,4,Wed,2,4.19,False,0,0,208,350,0.597,2753.28
British Airways,DXB,BKK,4900,6,Mon,19,5.13,True,0,0,219,350,0.626,2587.96
British Airways,DXB,CDG,5200,3,Mon,18,7.7,False,0,0,270,350,0.774,2939.57
Turkish Airlines,DXB,SYD,12000,11,Tue,8,5.91,False,0,0,246,350,0.703,3897.03
Emirates,DXB,FRA,4800,7,Mon,7,2.64,True,1,84,330,350,0.944,3213.49
Emirates,DXB,LHR,5500,3,Tue,17,3.89,False,1,85,207,350,0.593,2610.12
Emirates,DXB,BKK,4900,7,Sun,0,3.19,True,1,32,333,350,0.952,3249.39
Qatar Airways,DXB,LHR,5500,2,Tue,15,5.79,False,0,0,237,350,0.679,2790.49
Etihad,DXB,JNB,6400,3,Wed,8,3.64,False,1,50,227,350,0.65,2869.86
Etihad,DXB,BKK,4900,3,Tue,15,8.42,False,1,17,205,350,0.587,2509.14
Qatar Airways,DXB,BOM,1900,12,Mon,1,4.38,True,1,389,252,350,0.72,2285.27
British Airways,DXB,BKK,4900,12,Tue,3,3.77,True,0,0,238,350,0.682,2701.8
Etihad,DXB,FRA,4800,5,Mon,1,5.97,False,0,0,210,350,0.601,2522.77
Emirates,DXB,NRT,7900,3,Thu,22,9.5,False,0,0,298,350,0.853,3588.07
Etihad,DXB,LHR,5500,12,Thu,7,4.74,True,0,0,305,350,0.874,3200.58
Emirates,DXB,SIN,5900,1,Thu,17,5.23,True,0,0,264,350,0.756,3019.51
Emirates,DXB,LHR,5500,2,Tue,0,3.92,False,0,0,265,350,0.759,2958.72
Etihad,DXB,FRA,4800,3,Mon,8,8.06,False,0,0,308,350,0.88,3085.45
British Airways,DXB,SYD,12000,1,Thu,22,4.47,True,0,0,313,350,0.895,4448.26
Emirates,DXB,CDG,5200,11,Sat,19,9.17,False,0,0,233,350,0.667,2717.75
Etihad,DXB,NRT,7900,4,Mon,3,9.5,False,0,0,293,350,0.839,3555.03
British Airways,DXB,SIN,5900,10,Wed,17,5.94,False,0,0,179,350,0.512,2496.18
Emirates,DXB,BOM,1900,3,Wed,0,5.77,False,0,0,205,350,0.586,2062.06
Etihad,DXB,BKK,4900,1,Sat,8,5.19,True,0,0,350,350,1.0,3346.2
Etihad,DXB,BKK,4900,4,Fri,22,8.59,False,0,0,270,350,0.774,2888.36
Emirates,DXB,BOM,1900,6,Wed,3,5.44,True,0,0,305,350,0.874,2541.44
Emirates,DXB,BOM,1900,12,Wed,17,4.29,True,0,0,310,350,0.887,2564.19
Qatar Airways,DXB,BOM,1900,5,Mon,8,5.79,False,0,0,242,350,0.692,2238.4
British Airways,DXB,LHR,5500,4,Mon,0,7.27,False,0,0,239,350,0.685,2804.18
Emirates,DXB,CDG,5200,5,Mon,12,3.8,False,1,34,267,350,0.763,2917.03
Qatar Airways,DXB,FRA,4800,8,Thu,10,4.81,False,0,0,287,350,0.821,2964.73
Emirates,DXB,SIN,5900,4,Sat,2,6.23,False,1,16,253,350,0.724,2951.01
Emirates,DXB,JNB,6400,2,Sun,22,5.99,False,0,0,313,350,0.895,3412.11
Emirates,DXB,CDG,5200,5,Fri,4,5.69,False,0,0,264,350,0.754,2898.46
Turkish Airlines,DXB,BOM,1900,1,Mon,12,7.9,True,0,0,298,350,0.854,2508.13
Turkish Airlines,DXB,LHR,5500,8,Wed,2,6.7,False,0,0,197,350,0.564,2548.99
Singapore Airlines,DXB,JNB,6400,3,Mon,18,8.88,False,0,0,239,350,0.685,2948.63
Singapore Airlines,DXB,JNB,6400,7,Mon,19,4.64,True,0,0,238,350,0.682,2942.1
Emirates,DXB,JNB,6400,4,Sat,13,5.73,False,0,0,228,350,0.652,2874.75
Emirates,DXB,LHR,5500,12,Sun,21,9.11,True,0,0,293,350,0.839,3126.86
Emirates,DXB,JNB,6400,2,Wed,22,3.91,False,0,0,269,350,0.771,3137.94
Emirates,DXB,JFK,11000,8,Tue,9,4.88,False,1,52,171,350,0.489,3144.08
Singapore Airlines,DXB,CDG,5200,1,Mon,13,8.4,True,0,0,350,350,1.0,3405.6
Turkish Airlines,DXB,LHR,5500,2,Tue,13,6.62,False,1,19,239,350,0.684,2800.9
Emirates,DXB,LHR,5500,2,Tue,4,6.52,False,1,164,140,350,0.401,2206.71
Singapore Airlines,DXB,JNB,6400,10,Mon,13,8.56,False,0,0,185,350,0.53,2606.46
Etihad,DXB,JFK,11000,8,Mon,19,4.76,False,1,19,190,350,0.544,3294.4
Etihad,DXB,CDG,5200,10,Fri,3,6.47,False,0,0,317,350,0.908,3216.12
Turkish Airlines,DXB,CDG,5200,1,Mon,11,3.54,True,1,50,350,350,1.0,3405.6
Turkish Airlines,DXB,SYD,12000,3,Thu,17,8.77,False,0,0,146,350,0.419,3079.57
Singapore Airlines,DXB,JFK,11000,12,Tue,15,4.88,True,0,0,233,350,0.668,3636.54
Singapore Airlines,DXB,SIN,5900,12,Mon,1,7.62,True,0,0,293,350,0.84,3200.43
Turkish Airlines,DXB,CDG,5200,12,Sat,19,4.97,True,0,0,350,350,1.0,3405.6
Singapore Airlines,DXB,LHR,5500,12,Sun,10,6.5,True,0,0,302,350,0.865,3180.66
Singapore Airlines,DXB,BKK,4900,11,Thu,16,7.24,False,0,0,178,350,0.511,2355.24
Emirates,DXB,NRT,7900,5,Mon,0,5.74,False,0,0,162,350,0.464,2661.13
Emirates,DXB,LHR,5500,5,Tue,15,6.99,False,0,0,288,350,0.823,3093.63
Turkish Airlines,DXB,BOM,1900,7,Sat,0,4.86,True,0,0,350,350,1.0,2752.2
Etihad,DXB,JNB,6400,10,Sun,17,7.29,False,0,0,238,350,0.682,2940.53
Emirates,DXB,NRT,7900,6,Sun,1,7.46,True,0,0,296,350,0.847,3575.42
Etihad,DXB,SYD,12000,11,Mon,15,5.27,False,1,78,203,350,0.582,3548.46
Qatar Airways,DXB,BKK,4900,9,Mon,16,2.03,False,0,0,211,350,0.605,2546.09
Turkish Airlines,DXB,NRT,7900,2,Thu,2,4.77,False,0,0,188,350,0.538,2837.33
Qatar Airways,DXB,NRT,7900,5,Fri,4,3.95,False,0,0,205,350,0.588,2955.96
Singapore Airlines,DXB,JNB,6400,5,Thu,19,6.14,False,0,0,246,350,0.704,2990.28
Qatar Airways,DXB,JFK,11000,7,Sun,8,6.91,True,1,61,310,350,0.888,4245.46
Etihad,DXB,BOM,1900,7,Mon,0,4.68,True,0,0,233,350,0.667,2197.3
Qatar Airways,DXB,NRT,7900,9,Fri,7,5.52,False,0,0,227,350,0.649,3101.89
Turkish Airlines,DXB,SYD,12000,6,Sun,22,4.92,True,0,0,278,350,0.796,4163.15
Emirates,DXB,JFK,11000,10,Fri,14,7.37,False,0,0,214,350,0.612,3482.75
Emirates,DXB,NRT,7900,10,Tue,3,5.43,False,0,0,243,350,0.696,3213.45
British Airways,DXB,JFK,11000,3,Fri,19,5.64,False,0,0,213,350,0.611,3481.24
Etihad,DXB,BKK,4900,4,Wed,14,7.13,False,0,0,190,350,0.544,2420.88
Etihad,DXB,CDG,5200,2,Sat,16,4.31,False,0,0,263,350,0.754,2896.94
Turkish Airlines,DXB,JNB,6400,4,Fri,23,5.21,False,0,0,250,350,0.717,3018.48
Qatar Airways,DXB,FRA,4800,3,Thu,17,8.3,False,0,0,189,350,0.542,2402.12
Emirates,DXB,SYD,12000,12,Sat,13,3.81,True,0,0,332,350,0.951,4609.92
Qatar Airways,DXB,SYD,12000,10,Mon,19,6.6,False,0,0,140,350,0.402,3031.09
Emirates,DXB,SYD,12000,8,Thu,6,5.82,False,0,0,246,350,0.704,3899.81
Emirates,DXB,BKK,4900,2,Fri,0,2.68,False,0,0,290,350,0.831,3004.11
Emirates,DXB,BKK,4900,7,Thu,4,6.07,True,0,0,232,350,0.665,2666.44
Emirates,DXB,SYD,12000,9,Sun,3,5.72,False,0,0,194,350,0.554,3468.67
Emirates,DXB,SIN,5900,10,Fri,18,7.26,False,0,0,249,350,0.712,2925.93
Singapore Airlines,DXB,SIN,5900,3,Tue,8,4.11,False,0,0,195,350,0.559,2595.95
Qatar Airways,DXB,NRT,7900,10,Sat,19,8.21,False,1,27,284,350,0.813,3493.13
Emirates,DXB,JFK,11000,2,Sat,9,7.05,False,0,0,256,350,0.733,3818.29
Turkish Airlines,DXB,FRA,4800,9,Tue,8,6.26,False,0,0,305,350,0.873,3070.7
Etihad,DXB,SIN,5900,7,Sun,15,7.1,True,0,0,327,350,0.935,3404.44
Singapore Airlines,DXB,LHR,5500,11,Mon,11,8.2,False,0,0,211,350,0.605,2635.74
Etihad,DXB,FRA,4800,11,Tue,5,9.7,False,0,0,230,350,0.658,2636.45
Emirates,DXB,JFK,11000,9,Tue,0,8.28,False,1,35,191,350,0.548,3307.84
Singapore Airlines,DXB,NRT,7900,7,Sat,18,4.53,True,0,0,296,350,0.846,3573.44
British Airways,DXB,BOM,1900,12,Fri,20,1.91,True,1,130,302,350,0.864,2525.61
Qatar Airways,DXB,BOM,1900,2,Tue,19,5.2,False,0,0,214,350,0.612,2104.7
Emirates,DXB,SYD,12000,3,Mon,22,7.3,False,0,0,210,350,0.602,3606.3
Qatar Airways,DXB,FRA,4800,8,Mon,20,5.77,False,0,0,282,350,0.808,2939.61
Emirates,DXB,FRA,4800,7,Wed,1,7.11,True,0,0,278,350,0.795,2913.99
Turkish Airlines,DXB,CDG,5200,12,Mon,8,4.77,True,0,0,350,350,1.0,3405.6
Etihad,DXB,SIN,5900,9,Mon,22,4.87,False,0,0,200,350,0.572,2625.54
Singapore Airlines,DXB,BOM,1900,9,Tue,19,4.23,False,0,0,230,350,0.658,2181.17
Etihad,DXB,SYD,12000,8,Tue,8,3.04,False,0,0,267,350,0.763,4070.51
Etihad,DXB,BKK,4900,1,Thu,1,7.46,True,0,0,268,350,0.766,2871.2
Qatar Airways,DXB,LHR,5500,1,Tue,9,3.5,True,0,0,319,350,0.912,3281.1
Turkish Airlines,DXB,JFK,11000,9,Thu,0,3.95,False,1,90,304,350,0.869,4191.91
Singapore Airlines,DXB,BOM,1900,6,Fri,13,6.31,True,1,83,317,350,0.906,2596.04
Emirates,DXB,SIN,5900,3,Sun,3,9.98,False,0,0,276,350,0.789,3090.35
Turkish Airlines,DXB,JFK,11000,2,Thu,22,1.47,False,0,0,171,350,0.49,3146.63
Qatar Airways,DXB,BKK,4900,10,Mon,5,7.72,False,0,0,237,350,0.678,2693.14
Etihad,DXB,JFK,11000,3,Thu,6,7.67,False,1,17,230,350,0.659,3613.11
Singapore Airlines,DXB,CDG,5200,1,Thu,23,8.17,True,0,0,321,350,0.918,3236.53
Emirates,DXB,BKK,4900,9,Tue,2,3.31,False,0,0,240,350,0.688,2712.89
Emirates,DXB,CDG,5200,8,Tue,23,3.8,False,0,0,194,350,0.556,2490.15
Etihad,DXB,JNB,6400,7,Fri,23,5.21,True,0,0,323,350,0.924,3475.97
Turkish Airlines,DXB,SIN,5900,1,Mon,15,7.04,True,0,0,254,350,0.728,2960.17
British Airways,DXB,JFK,11000,3,Thu,23,7.28,False,1,22,261,350,0.748,3859.3
Emirates,DXB,NRT,7900,6,Mon,10,3.48,True,0,0,343,350,0.981,3895.54
Emirates,DXB,SIN,5900,8,Sun,3,6.26,False,0,0,215,350,0.616,2720.22
Emirates,DXB,BKK,4900,6,Thu,21,3.26,True,0,0,305,350,0.873,3088.02
British Airways,DXB,FRA,4800,10,Wed,8,7.51,False,1,51,255,350,0.73,2781.7
Emirates,DXB,BOM,1900,6,Sat,21,4.57,True,0,0,238,350,0.68,2219.25
Etihad,DXB,JNB,6400,8,Sun,16,4.65,False,0,0,223,350,0.639,2846.53
Turkish Airlines,DXB,FRA,4800,9,Fri,16,5.88,False,0,0,245,350,0.7,2722.48
Qatar Airways,DXB,SIN,5900,8,Sun,6,6.61,False,1,76,255,350,0.731,2966.99
Qatar Airways,DXB,BKK,4900,1,Tue,19,6.2,True,0,0,350,350,1.0,3346.2
Etihad,DXB,NRT,7900,2,Tue,3,5.35,False,0,0,232,350,0.664,3138.65
Etihad,DXB,FRA,4800,6,Tue,0,4.53,True,0,0,323,350,0.925,3174.38
British Airways,DXB,CDG,5200,7,Sat,8,6.14,True,0,0,350,350,1.0,3405.6
Etihad,DXB,NRT,7900,8,Mon,12,5.41,False,0,0,194,350,0.554,2876.2
Emirates,DXB,FRA,4800,3,Mon,22,8.81,False,0,0,251,350,0.719,2760.79
Emirates,DXB,NRT,7900,5,Wed,5,3.61,False,0,0,235,350,0.674,3162.35
Singapore Airlines,DXB,CDG,5200,3,Tue,21,6.5,False,0,0,222,350,0.636,2654.76
Emirates,DXB,SYD,12000,2,Wed,4,3.96,False,0,0,156,350,0.448,3162.61
Emirates,DXB,CDG,5200,3,Mon,20,4.58,False,1,43,292,350,0.836,3067.2
Qatar Airways,DXB,BOM,1900,2,Tue,5,1.59,False,0,0,228,350,0.654,2175.0
Etihad,DXB,FRA,4800,11,Fri,23,6.58,False,0,0,216,350,0.617,2555.03
Qatar Airways,DXB,BOM,1900,5,Sun,16,5.31,False,0,0,238,350,0.681,2220.32
British Airways,DXB,CDG,5200,2,Thu,15,4.77,False,0,0,206,350,0.591,2561.88
Qatar Airways,DXB,NRT,7900,11,Thu,8,9.65,False,0,0,223,350,0.638,3074.98
Emirates,DXB,NRT,7900,9,Thu,22,5.73,False,0,0,265,350,0.757,3360.52
Etihad,DXB,SIN,5900,3,Sat,14,6.9,False,0,0,251,350,0.719,2941.29
Emirates,DXB,BOM,1900,4,Mon,12,8.99,False,0,0,237,350,0.678,2215.48
Emirates,DXB,NRT,7900,7,Thu,12,5.27,True,0,0,290,350,0.83,3533.96
Emirates,DXB,BKK,4900,2,Thu,1,3.06,False,0,0,232,350,0.664,2664.13
Emirates,DXB,SIN,5900,4,Sat,12,5.98,False,1,18,248,350,0.711,2922.68
Emirates,DXB,BOM,1900,10,Thu,21,6.44,False,1,56,177,350,0.506,1927.94
Qatar Airways,DXB,BOM,1900,3,Sat,8,5.43,False,0,0,196,350,0.562,2021.62
Qatar Airways,DXB,BKK,4900,2,Wed,17,5.22,False,1,28,217,350,0.622,2580.16
Etihad,DXB,LHR,5500,10,Sat,7,8.22,False,0,0,269,350,0.771,2984.37
Etihad,DXB,SIN,5900,12,Fri,18,4.58,True,0,0,333,350,0.952,3441.48
Qatar Airways,DXB,SYD,12000,11,Fri,13,7.26,False,0,0,278,350,0.796,4165.78
Emirates,DXB,NRT,7900,11,Sat,14,5.22,False,0,0,241,350,0.69,3199.2
Singapore Airlines,DXB,BOM,1900,8,Sun,7,5.3,False,0,0,229,350,0.655,2177.13
Emirates,DXB,BKK,4900,4,Tue,19,7.16,False,0,0,161,350,0.462,2254.48
Emirates,DXB,SIN,5900,2,Sat,9,4.43,False,1,86,212,350,0.608,2702.55
Qatar Airways,DXB,JFK,11000,8,Thu,8,6.54,False,0,0,283,350,0.809,4026.35
Qatar Airways,DXB,BOM,1900,12,Wed,4,5.15,True,0,0,252,350,0.721,2286.71
Emirates,DXB,JFK,11000,2,Wed,15,3.71,False,0,0,213,350,0.609,3475.0
Singapore Airlines,DXB,SIN,5900,3,Mon,6,9.09,False,0,0,234,350,0.671,2837.76
Emirates,DXB,FRA,4800,2,Fri,21,7.0,False,0,0,206,350,0.59,2499.53
Qatar Airways,DXB,SYD,12000,2,Wed,4,3.61,False,1,15,264,350,0.755,4045.93
Emirates,DXB,CDG,5200,2,Sat,2,4.69,False,0,0,286,350,0.82,3033.72
Etihad,DXB,NRT,7900,12,Thu,22,5.47,True,0,0,227,350,0.651,3106.35
British Airways,DXB,LHR,5500,3,Thu,6,7.63,False,1,63,200,350,0.574,2569.56
Singapore Airlines,DXB,NRT,7900,9,Mon,20,4.72,False,0,0,249,350,0.713,3255.55
Turkish Airlines,DXB,SIN,5900,6,Sat,3,3.88,True,1,33,271,350,0.775,3061.93
Qatar Airways,DXB,JNB,6400,4,Tue,19,6.77,False,0,0,217,350,0.62,2805.23
Singapore Airlines,DXB,SIN,5900,12,Thu,15,5.01,True,1,16,317,350,0.906,3342.16
Emirates,DXB,JNB,6400,3,Wed,10,5.6,False,0,0,239,350,0.684,2944.67
Etihad,DXB,BKK,4900,11,Sat,12,7.4,False,0,0,318,350,0.911,3164.7
Etihad,DXB,CDG,5200,3,Mon,12,7.2,False,0,0,197,350,0.565,2507.03
British Airways,DXB,BKK,4900,11,Tue,0,7.47,False,0,0,210,350,0.602,2538.97
Emirates,DXB,SYD,12000,12,Sat,9,3.78,True,1,43,350,350,1.0,4752.0
Qatar Airways,DXB,CDG,5200,8,Mon,13,3.31,False,1,122,209,350,0.6,2580.0
Emirates,DXB,LHR,5500,10,Wed,21,8.11,False,0,0,286,350,0.819,3085.8
Etihad,DXB,SIN,5900,1,Thu,9,6.24,True,0,0,350,350,1.0,3544.2
Turkish Airlines,DXB,NRT,7900,6,Wed,12,4.52,True,0,0,260,350,0.744,3328.54
Emirates,DXB,JNB,6400,12,Fri,6,5.67,True,0,0,290,350,0.83,3267.29
Singapore Airlines,DXB,SYD,12000,1,Tue,9,4.62,True,0,0,350,350,1.0,4752.0
Etihad,DXB,BKK,4900,6,Sat,3,8.53,True,0,0,248,350,0.709,2756.13
Emirates,DXB,NRT,7900,7,Fri,22,3.88,True,0,0,303,350,0.866,3620.64
Qatar Airways,DXB,CDG,5200,3,Sun,15,6.55,False,0,0,252,350,0.722,2831.18
Singapore Airlines,DXB,CDG,5200,5,Wed,11,3.64,False,1,40,170,350,0.488,2347.97
Singapore Airlines,DXB,BOM,1900,11,Wed,2,6.14,False,0,0,193,350,0.552,2004.97
Emirates,DXB,NRT,7900,4,Mon,16,8.49,False,0,0,170,350,0.486,2712.79
Etihad,DXB,NRT,7900,9,Sat,0,3.61,False,0,0,256,350,0.732,3301.36
Emirates,DXB,JNB,6400,6,Mon,10,5.82,True,0,0,290,350,0.83,3268.34
Emirates,DXB,BKK,4900,12,Mon,3,6.11,True,0,0,295,350,0.843,3027.65
British Airways,DXB,JFK,11000,1,Fri,16,5.61,True,0,0,350,350,1.0,4554.0
Turkish Airlines,DXB,JNB,6400,11,Mon,18,8.02,False,0,0,171,350,0.489,2515.33
Etihad,DXB,SIN,5900,9,Sun,0,6.78,False,0,0,211,350,0.604,2694.59
Qatar Airways,DXB,CDG,5200,1,Fri,13,6.38,True,0,0,340,350,0.974,3351.5
Emirates,DXB,JNB,6400,12,Thu,2,6.47,True,1,56,305,350,0.872,3359.92
Qatar Airways,DXB,CDG,5200,11,Sat,0,8.15,False,0,0,315,350,0.903,3204.93
Emirates,DXB,NRT,7900,11,Thu,14,6.55,False,0,0,218,350,0.623,3040.2
Etihad,DXB,JNB,6400,4,Sat,0,5.01,False,0,0,277,350,0.793,3186.6
British Airways,DXB,SYD,12000,4,Mon,18,10.0,False,1,50,218,350,0.623,3667.35
Etihad,DXB,JNB,6400,10,Fri,9,5.97,False,0,0,277,350,0.792,3183.92
Emirates,DXB,BOM,1900,10,Tue,20,9.52,False,1,24,179,350,0.514,1941.54
Etihad,DXB,BKK,4900,2,Tue,19,6.73,False,0,0,254,350,0.726,2791.2
British Airways,DXB,BOM,1900,9,Sun,6,5.88,False,1,208,257,350,0.736,2312.49
Emirates,DXB,SYD,12000,6,Sat,8,4.86,True,1,67,314,350,0.899,4462.38
Qatar Airways,DXB,JNB,6400,6,Fri,18,4.11,True,0,0,275,350,0.786,3171.67
British Airways,DXB,CDG,5200,3,Sat,4,6.68,False,0,0,199,350,0.569,2516.15
British Airways,DXB,JNB,6400,12,Mon,23,6.39,True,1,98,326,350,0.934,3497.89
Etihad,DXB,BKK,4900,6,Thu,14,5.62,True,0,0,320,350,0.916,3176.1
Emirates,DXB,NRT,7900,1,Wed,7,4.78,True,0,0,293,350,0.839,3556.88
Qatar Airways,DXB,BKK,4900,2,Mon,12,5.84,False,1,30,219,350,0.627,2589.27
Qatar Airways,DXB,BOM,1900,10,Sat,16,8.64,False,0,0,237,350,0.677,2214.19
Emirates,DXB,JNB,6400,1,Wed,10,5.88,True,0,0,350,350,1.0,3643.2
Turkish Airlines,DXB,LHR,5500,9,Mon,13,4.54,False,0,0,216,350,0.618,2663.4
Emirates,DXB,SIN,5900,5,Thu,18,4.52,False,0,0,211,350,0.603,2691.82
Qatar Airways,DXB,CDG,5200,12,Mon,12,5.04,True,0,0,327,350,0.935,3272.1
British Airways,DXB,BKK,4900,6,Sat,21,2.5,True,0,0,350,350,1.0,3346.2
Singapore Airlines,DXB,FRA,4800,5,Sat,5,3.19,False,1,62,232,350,0.664,2648.15
Qatar Airways,DXB,SIN,5900,7,Wed,10,3.22,True,1,29,218,350,0.624,2737.25
British Airways,DXB,JNB,6400,4,Sat,14,6.04,False,0,0,218,350,0.625,2815.56
Etihad,DXB,FRA,4800,7,Mon,19,7.53,True,0,0,284,350,0.814,2951.01
Etihad,DXB,NRT,7900,1,Fri,23,3.72,True,0,0,275,350,0.787,3430.37
Singapore Airlines,DXB,BOM,1900,5,Fri,2,3.21,False,0,0,206,350,0.59,2067.7
Singapore Airlines,DXB,JFK,11000,8,Tue,5,6.27,False,0,0,167,350,0.477,3110.99
Emirates,DXB,SIN,5900,12,Sun,1,3.89,True,0,0,329,350,0.942,3419.22
Qatar Airways,DXB,LHR,5500,1,Sun,4,4.9,True,0,0,212,350,0.606,2638.34
Emirates,DXB,SYD,12000,6,Sun,2,5.33,True,0,0,241,350,0.69,3859.59
Etihad,DXB,BKK,4900,8,Fri,13,5.6,False,1,22,314,350,0.898,3140.31
Etihad,DXB,JNB,6400,11,Thu,8,6.81,False,0,0,113,350,0.323,2148.97
Etihad,DXB,BKK,4900,10,Mon,1,4.14,False,0,0,264,350,0.754,2848.13
Turkish Airlines,DXB,NRT,7900,7,Fri,1,4.18,True,0,0,297,350,0.85,3581.38
Emirates,DXB,BOM,1900,8,Thu,23,5.75,False,0,0,187,350,0.535,1975.86
Singapore Airlines,DXB,SIN,5900,10,Sun,10,8.23,False,0,0,240,350,0.689,2875.18
Etihad,DXB,FRA,4800,1,Fri,14,5.55,True,0,0,310,350,0.887,3099.08
Singapore Airlines,DXB,NRT,7900,4,Wed,10,6.62,False,0,0,247,350,0.708,3244.07
Turkish Airlines,DXB,SIN,5900,5,Sun,19,3.04,False,0,0,217,350,0.621,2729.91
Turkish Airlines,DXB,JFK,11000,5,Tue,9,2.72,False,1,17,145,350,0.415,2940.17
Turkish Airlines,DXB,JFK,11000,10,Fri,4,9.24,False,0,0,240,350,0.687,3689.8
Singapore Airlines,DXB,FRA,4800,4,Mon,1,5.55,False,0,0,275,350,0.786,2895.1
Qatar Airways,DXB,FRA,4800,4,Mon,13,5.72,False,0,0,134,350,0.384,2084.23
Qatar Airways,DXB,FRA,4800,9,Fri,18,4.13,False,0,0,228,350,0.653,2625.9
Emirates,DXB,SYD,12000,10,Mon,16,5.92,False,0,0,175,350,0.503,3319.7
Etihad,DXB,BKK,4900,8,Thu,13,4.32,False,0,0,215,350,0.616,2566.81
Emirates,DXB,LHR,5500,7,Sun,14,6.71,True,0,0,313,350,0.895,3244.81
Singapore Airlines,DXB,LHR,5500,7,Thu,5,4.82,True,0,0,350,350,1.0,3465.0
Singapore Airlines,DXB,FRA,4800,2,Wed,11,5.33,False,0,0,334,350,0.955,3236.12
Emirates,DXB,JFK,11000,1,Sun,23,4.62,True,0,0,322,350,0.922,4338.55
Emirates,DXB,BOM,1900,8,Tue,10,5.7,False,0,0,163,350,0.467,1863.17
Singapore Airlines,DXB,NRT,7900,11,Thu,7,6.8,False,0,0,234,350,0.671,3154.67
Emirates,DXB,NRT,7900,3,Thu,14,7.83,False,0,0,256,350,0.733,3302.89
Qatar Airways,DXB,BKK,4900,4,Sat,15,5.93,False,0,0,183,350,0.524,2380.65
Emirates,DXB,JFK,11000,8,Fri,23,6.72,False,1,27,250,350,0.717,3772.93
Etihad,DXB,JFK,11000,12,Fri,9,5.3,True,0,0,324,350,0.927,4351.5
Etihad,DXB,BKK,4900,7,Tue,4,4.31,True,0,0,273,350,0.783,2905.2
Emirates,DXB,SIN,5900,3,Fri,21,5.71,False,0,0,317,350,0.908,3347.6
Singapore Airlines,DXB,NRT,7900,8,Mon,21,7.21,False,0,0,231,350,0.661,3130.57
Turkish Airlines,DXB,FRA,4800,1,Sat,14,4.73,True,0,0,350,350,1.0,3326.4
British Airways,DXB,FRA,4800,7,Fri,11,4.81,True,0,0,279,350,0.799,2920.44
Emirates,DXB,CDG,5200,3,Sat,14,5.23,False,0,0,253,350,0.724,2836.21
Etihad,DXB,BKK,4900,2,Mon,6,3.8,False,0,0,261,350,0.747,2833.88
Emirates,DXB,FRA,4800,10,Sat,6,7.59,False,0,0,265,350,0.759,2839.98
Turkish Airlines,DXB,LHR,5500,2,Fri,3,5.8,False,0,0,254,350,0.728,2893.19
Emirates,DXB,JFK,11000,1,Tue,21,4.86,True,0,0,254,350,0.727,3799.84
Emirates,DXB,BOM,1900,1,Fri,14,5.51,True,1,84,346,350,0.989,2733.45
Singapore Airlines,DXB,CDG,5200,6,Wed,15,1.75,True,0,0,283,350,0.81,3013.23
Emirates,DXB,SIN,5900,3,Wed,10,5.33,False,0,0,211,350,0.605,2696.58
Emirates,DXB,JFK,11000,11,Mon,7,5.55,False,0,0,316,350,0.905,4292.43
Singapore Airlines,DXB,BOM,1900,11,Thu,3,5.61,False,0,0,187,350,0.535,1976.57
Singapore Airlines,DXB,FRA,4800,5,Tue,13,6.43,False,0,0,230,350,0.658,2637.71
British Airways,DXB,BOM,1900,10,Tue,18,7.06,False,0,0,196,350,0.56,2018.43
Emirates,DXB,SIN,5900,5,Tue,21,6.05,False,0,0,225,350,0.643,2777.57
British Airways,DXB,SIN,5900,9,Sat,6,2.95,False,0,0,210,350,0.602,2689.24
Emirates,DXB,BKK,4900,12,Tue,12,5.81,True,0,0,307,350,0.877,3097.73
Emirates,DXB,BOM,1900,12,Wed,5,5.45,True,0,0,317,350,0.906,2595.98
Emirates,DXB,JFK,11000,1,Tue,20,4.41,True,1,90,254,350,0.728,3802.69
Emirates,DXB,CDG,5200,8,Fri,9,7.38,False,0,0,246,350,0.705,2797.48
Emirates,DXB,FRA,4800,7,Sun,21,8.57,True,0,0,332,350,0.949,3224.18
Qatar Airways,DXB,SYD,12000,11,Mon,2,7.62,False,0,0,225,350,0.643,3724.76
Turkish Airlines,DXB,FRA,4800,10,Sat,12,8.02,False,0,0,226,350,0.648,2616.28
Singapore Airlines,DXB,NRT,7900,6,Sat,0,3.58,True,1,30,350,350,1.0,3940.2
Emirates,DXB,NRT,7900,6,Wed,10,4.41,True,0,0,259,350,0.741,3321.78
Emirates,DXB,BKK,4900,10,Thu,18,8.69,False,0,0,215,350,0.614,2564.09
Etihad,DXB,SYD,12000,6,Mon,14,3.09,True,1,29,259,350,0.74,4003.78
Qatar Airways,DXB,JNB,6400,3,Thu,4,7.56,False,0,0,289,350,0.828,3264.35
Turkish Airlines,DXB,BKK,4900,6,Thu,20,4.52,True,0,0,342,350,0.98,3305.5
Singapore Airlines,DXB,BOM,1900,1,Fri,15,7.6,True,0,0,320,350,0.917,2613.29
Emirates,DXB,JNB,6400,12,Thu,11,7.4,True,1,32,281,350,0.803,3208.75
British Airways,DXB,SYD,12000,2,Tue,13,6.04,False,0,0,253,350,0.723,3954.85
Emirates,DXB,LHR,5500,2,Fri,13,5.21,False,0,0,261,350,0.747,2934.67
Emirates,DXB,BKK,4900,7,Fri,16,6.02,True,0,0,350,350,1.0,3346.2
Emirates,DXB,BOM,1900,11,Tue,4,6.15,False,1,71,269,350,0.769,2367.51
Emirates,DXB,BOM,1900,7,Wed,17,5.4,True,0,0,350,350,1.0,2752.2
Singapore Airlines,DXB,NRT,7900,6,Wed,19,5.92,True,0,0,347,350,0.994,3926.1
Emirates,DXB,NRT,7900,7,Thu,18,7.4,True,0,0,350,350,1.0,3940.2
Qatar Airways,DXB,BKK,4900,2,Thu,14,4.95,False,0,0,321,350,0.919,3181.33
Emirates,DXB,LHR,5500,9,Thu,10,5.26,False,0,0,269,350,0.77,2981.34
Emirates,DXB,JFK,11000,1,Thu,19,5.0,True,0,0,284,350,0.812,4035.54
Emirates,DXB,FRA,4800,7,Fri,2,4.04,True,0,0,350,350,1.0,3326.4
Singapore Airlines,DXB,NRT,7900,6,Mon,2,6.83,True,0,0,292,350,0.836,3549.17
Qatar Airways,DXB,NRT,7900,4,Thu,0,7.42,False,0,0,251,350,0.72,3270.59
Emirates,DXB,NRT,7900,7,Sat,21,8.68,True,1,38,292,350,0.836,3548.04
Etihad,DXB,SIN,5900,5,Tue,2,6.18,False,0,0,208,350,0.596,2675.47
Emirates,DXB,FRA,4800,7,Fri,9,5.27,True,0,0,300,350,0.857,3038.72
Turkish Airlines,DXB,FRA,4800,2,Thu,9,6.14,False,1,92,219,350,0.628,2576.55
Emirates,DXB,NRT,7900,3,Sat,3,7.1,False,0,0,301,350,0.86,3606.56
Emirates,DXB,CDG,5200,3,Sun,15,6.01,False,0,0,318,350,0.91,3219.33
Turkish Airlines,DXB,JNB,6400,3,Sun,20,5.98,False,0,0,184,350,0.528,2601.86
Etihad,DXB,JFK,11000,10,Tue,8,8.75,False,0,0,201,350,0.575,3380.67
Emirates,DXB,SYD,12000,11,Wed,23,9.8,False,0,0,261,350,0.748,4025.42
Qatar Airways,DXB,JNB,6400,3,Sun,4,7.87,False,0,0,281,350,0.804,3209.98
Etihad,DXB,BKK,4900,1,Thu,11,4.54,True,0,0,350,350,1.0,3346.2
British Airways,DXB,JFK,11000,6,Wed,12,4.63,True,0,0,319,350,0.913,4312.54
Etihad,DXB,BKK,4900,4,Sun,3,6.91,False,0,0,263,350,0.754,2847.22
Emirates,DXB,BOM,1900,10,Sat,4,5.74,False,0,0,203,350,0.583,2056.02
British Airways,DXB,NRT,7900,5,Wed,18,5.61,False,0,0,238,350,0.682,3180.65
Emirates,DXB,JNB,6400,8,Tue,22,3.04,False,0,0,185,350,0.529,2602.97
Emirates,DXB,BKK,4900,6,Mon,20,5.86,True,0,0,318,350,0.911,3165.49
Singapore Airlines,DXB,SIN,5900,10,Wed,1,8.27,False,0,0,185,350,0.531,2537.19
Emirates,DXB,SIN,5900,12,Sat,16,5.61,True,0,0,302,350,0.865,3254.16
Qatar Airways,DXB,JNB,6400,6,Sun,12,6.08,True,1,160,295,350,0.844,3298.23
Emirates,DXB,JFK,11000,7,Sat,0,6.52,True,1,48,350,350,1.0,4554.0
Singapore Airlines,DXB,CDG,5200,1,Fri,14,5.38,True,0,0,350,350,1.0,3405.6
Etihad,DXB,JNB,6400,1,Tue,1,7.51,True,0,0,284,350,0.812,3229.11
Turkish Airlines,DXB,BKK,4900,8,Tue,8,7.2,False,0,0,225,350,0.645,2627.16
Qatar Airways,DXB,FRA,4800,9,Sun,16,4.72,False,0,0,301,350,0.863,3049.73
British Airways,DXB,JFK,11000,9,Fri,11,5.89,False,0,0,294,350,0.843,4119.8
British Airways,DXB,CDG,5200,3,Sun,6,3.5,False,0,0,337,350,0.964,3330.73
Etihad,DXB,FRA,4800,8,Fri,3,4.47,False,0,0,258,350,0.739,2800.9
British Airways,DXB,FRA,4800,8,Sun,5,3.09,False,0,0,270,350,0.773,2869.74
Etihad,DXB,JNB,6400,4,Sun,14,6.34,False,1,22,306,350,0.875,3366.71
Emirates,DXB,FRA,4800,10,Thu,2,8.36,False,0,0,306,350,0.875,3073.5
Singapore Airlines,DXB,LHR,5500,4,Mon,15,7.73,False,0,0,177,350,0.506,2427.65
Turkish Airlines,DXB,JFK,11000,7,Sat,5,6.35,True,1,36,333,350,0.953,4423.86
Etihad,DXB,CDG,5200,5,Thu,1,2.22,False,0,0,218,350,0.625,2632.59
Turkish Airlines,DXB,FRA,4800,7,Thu,6,3.94,True,0,0,257,350,0.735,2792.98
Turkish Airlines,DXB,FRA,4800,6,Thu,3,4.71,True,0,0,317,350,0.908,3141.75
Emirates,DXB,BOM,1900,11,Wed,3,6.73,False,0,0,214,350,0.612,2105.78
Qatar Airways,DXB,LHR,5500,1,Sun,13,4.37,True,0,0,337,350,0.965,3390.63
Emirates,DXB,SYD,12000,6,Sun,18,9.79,True,0,0,295,350,0.843,4300.59
Emirates,DXB,BOM,1900,7,Wed,18,7.04,True,0,0,329,350,0.942,2654.97
Singapore Airlines,DXB,NRT,7900,9,Wed,0,5.78,False,0,0,245,350,0.701,3225.66
Qatar Airways,DXB,JNB,6400,5,Sat,11,4.72,False,0,0,229,350,0.656,2882.91
British Airways,DXB,CDG,5200,4,Mon,22,10.0,False,0,0,187,350,0.535,2445.13
Emirates,DXB,BKK,4900,9,Tue,4,1.15,False,0,0,250,350,0.717,2771.88
Etihad,DXB,CDG,5200,9,Wed,15,6.79,False,0,0,220,350,0.631,2644.31
Emirates,DXB,BOM,1900,1,Fri,1,4.45,True,0,0,350,350,1.0,2752.2
Qatar Airways,DXB,BKK,4900,4,Thu,21,9.55,False,1,51,239,350,0.685,2707.09
Qatar Airways,DXB,BOM,1900,10,Sun,16,7.48,False,0,0,197,350,0.565,2026.14
Turkish Airlines,DXB,BKK,4900,3,Wed,0,8.54,False,0,0,253,350,0.724,2785.6
Turkish Airlines,DXB,SYD,12000,6,Thu,21,4.08,True,0,0,350,350,1.0,4752.0
Qatar Airways,DXB,CDG,5200,3,Sun,22,4.63,False,0,0,258,350,0.738,2865.37
Emirates,DXB,BKK,4900,11,Sun,19,9.28,False,0,0,311,350,0.89,3123.24
Emirates,DXB,NRT,7900,12,Thu,18,1.59,True,0,0,296,350,0.847,3575.94
Qatar Airways,DXB,SIN,5900,5,Tue,16,1.83,False,0,0,202,350,0.58,2641.16
Emirates,DXB,JFK,11000,4,Tue,1,8.08,False,0,0,270,350,0.772,3925.16
Emirates,DXB,BOM,1900,1,Tue,3,3.94,True,0,0,249,350,0.714,2274.66
Turkish Airlines,DXB,SYD,12000,1,Sun,5,6.19,True,0,0,320,350,0.914,4505.63
British Airways,DXB,FRA,4800,8,Sat,16,5.67,False,0,0,251,350,0.719,2759.8
Singapore Airlines,DXB,BKK,4900,11,Mon,18,9.02,False,0,0,228,350,0.652,2639.68
Singapore Airlines,DXB,SYD,12000,11,Sat,6,6.92,False,1,35,274,350,0.783,4127.48
Emirates,DXB,CDG,5200,9,Thu,16,4.78,False,0,0,280,350,0.802,2996.01
Qatar Airways,DXB,BOM,1900,2,Sat,20,7.16,False,0,0,236,350,0.677,2213.34
Etihad,DXB,BOM,1900,11,Mon,12,6.05,False,1,29,184,350,0.526,1961.94
Singapore Airlines,DXB,LHR,5500,2,Mon,8,7.21,False,0,0,191,350,0.547,2513.29
Emirates,DXB,SYD,12000,8,Wed,21,4.35,False,0,0,262,350,0.749,4029.34
Qatar Airways,DXB,SYD,12000,5,Sat,3,5.93,False,1,25,296,350,0.846,4309.92
Singapore Airlines,DXB,LHR,5500,3,Thu,15,8.84,False,0,0,261,350,0.748,2935.93
Emirates,DXB,BKK,4900,2,Sun,14,4.35,False,0,0,166,350,0.475,2282.12
Emirates,DXB,FRA,4800,11,Sat,15,6.2,False,0,0,226,350,0.647,2614.43
Emirates,DXB,CDG,5200,9,Mon,4,4.54,False,1,47,206,350,0.591,2561.96
Qatar Airways,DXB,JNB,6400,1,Thu,3,5.37,True,0,0,275,350,0.789,3176.22
Etihad,DXB,JFK,11000,12,Sat,0,3.15,True,1,70,333,350,0.953,4423.5
Etihad,DXB,NRT,7900,2,Fri,7,4.9,False,0,0,260,350,0.744,3328.84
Emirates,DXB,JNB,6400,7,Thu,15,6.2,True,0,0,253,350,0.724,3034.8
Qatar Airways,DXB,NRT,7900,8,Sun,20,4.04,False,0,0,283,350,0.809,3483.87
Emirates,DXB,CDG,5200,10,Thu,21,8.01,False,1,29,278,350,0.795,2982.77
Turkish Airlines,DXB,CDG,5200,1,Sat,23,5.65,True,0,0,339,350,0.971,3345.03
Emirates,DXB,JNB,6400,6,Mon,1,5.0,True,0,0,311,350,0.891,3401.57
Etihad,DXB,JNB,6400,2,Tue,20,3.72,False,1,16,204,350,0.585,2726.66
British Airways,DXB,LHR,5500,2,Mon,17,3.89,False,0,0,254,350,0.728,2893.02
Emirates,DXB,FRA,4800,4,Sun,15,6.82,False,0,0,282,350,0.808,2938.81
Qatar Airways,DXB,CDG,5200,1,Thu,7,6.18,True,0,0,294,350,0.842,3078.47
Qatar Airways,DXB,BKK,4900,3,Fri,8,10.0,False,0,0,226,350,0.647,2629.7
Singapore Airlines,DXB,JNB,6400,10,Thu,18,10.0,False,0,0,212,350,0.607,2774.75
Emirates,DXB,BKK,4900,2,Mon,7,4.49,False,0,0,213,350,0.61,2554.48
Qatar Airways,DXB,NRT,7900,2,Mon,2,5.1,False,0,0,238,350,0.682,3180.23
Qatar Airways,DXB,NRT,7900,1,Sat,17,3.46,True,1,21,312,350,0.892,3681.57
Qatar Airways,DXB,CDG,5200,4,Wed,1,5.53,False,0,0,225,350,0.643,2669.2
Emirates,DXB,SIN,5900,1,Wed,3,4.95,True,0,0,344,350,0.985,3512.06
Qatar Airways,DXB,BKK,4900,10,Thu,7,5.66,False,0,0,285,350,0.815,2971.87
Qatar Airways,DXB,CDG,5200,1,Tue,16,4.06,True,1,97,276,350,0.789,2970.2
Turkish Airlines,DXB,SYD,12000,9,Thu,5,1.79,False,0,0,120,350,0.344,2863.9
Qatar Airways,DXB,CDG,5200,12,Sat,21,2.7,True,0,0,350,350,1.0,3405.6
Emirates,DXB,BOM,1900,9,Tue,8,7.35,False,0,0,244,350,0.698,2248.98
Turkish Airlines,DXB,BKK,4900,4,Sat,12,7.75,False,0,0,211,350,0.605,2544.19
Turkish Airlines,DXB,CDG,5200,9,Thu,4,6.73,False,0,0,269,350,0.771,2932.16
Etihad,DXB,JNB,6400,8,Sat,4,4.56,False,0,0,342,350,0.978,3594.59
Emirates,DXB,BKK,4900,8,Sat,0,5.25,False,0,0,283,350,0.811,2963.24
Emirates,DXB,SYD,12000,9,Mon,22,6.06,False,0,0,215,350,0.614,3641.42
Singapore Airlines,DXB,FRA,4800,9,Sun,6,6.34,False,0,0,221,350,0.633,2585.56
Emirates,DXB,NRT,7900,4,Tue,5,4.76,False,0,0,211,350,0.603,2991.83
British Airways,DXB,NRT,7900,11,Tue,23,7.65,False,0,0,341,350,0.976,3882.83
Etihad,DXB,BKK,4900,7,Tue,18,4.18,True,0,0,286,350,0.818,2978.04
Singapore Airlines,DXB,NRT,7900,6,Tue,23,4.36,True,0,0,350,350,1.0,3940.2
Emirates,DXB,CDG,5200,5,Thu,22,5.93,False,0,0,219,350,0.628,2638.49
Emirates,DXB,NRT,7900,4,Sat,6,5.28,False,0,0,216,350,0.618,3028.34
Emirates,DXB,JNB,6400,8,Sun,23,5.23,False,0,0,264,350,0.755,3101.85
Singapore Airlines,DXB,CDG,5200,9,Mon,15,1.86,False,0,0,211,350,0.604,2587.35
Emirates,DXB,NRT,7900,4,Tue,20,6.93,False,1,23,310,350,0.888,3672.46
Emirates,DXB,JFK,11000,5,Fri,7,4.47,False,0,0,271,350,0.775,3932.74
British Airways,DXB,BOM,1900,8,Wed,8,6.16,False,0,0,250,350,0.717,2280.38
Singapore Airlines,DXB,JNB,6400,7,Wed,17,6.47,True,0,0,346,350,0.99,3621.16
Etihad,DXB,SIN,5900,6,Sun,12,5.24,True,1,114,350,350,1.0,3544.2
Emirates,DXB,JFK,11000,1,Mon,6,5.72,True,0,0,299,350,0.856,4156.6
Turkish Airlines,DXB,SIN,5900,7,Thu,18,7.34,True,0,0,330,350,0.944,3423.07
British Airways,DXB,LHR,5500,5,Sat,10,6.46,False,0,0,262,350,0.751,2942.34
Turkish Airlines,DXB,SYD,12000,5,Sat,9,4.14,False,0,0,223,350,0.639,3712.93
Etihad,DXB,SIN,5900,3,Mon,17,7.37,False,0,0,133,350,0.382,2216.56
Qatar Airways,DXB,JNB,6400,4,Fri,4,4.88,False,0,0,270,350,0.772,3140.44
Singapore Airlines,DXB,NRT,7900,10,Mon,8,7.19,False,0,0,208,350,0.596,2975.37
Singapore Airlines,DXB,FRA,4800,7,Sat,9,4.1,True,0,0,307,350,0.88,3083.9
British Airways,DXB,JNB,6400,7,Sat,1,6.81,True,0,0,298,350,0.852,3315.89
Emirates,DXB,BKK,4900,5,Sat,8,8.44,False,1,82,289,350,0.828,2996.67
Emirates,DXB,JNB,6400,12,Wed,9,6.49,True,0,0,307,350,0.879,3375.35
Singapore Airlines,DXB,LHR,5500,1,Thu,22,2.56,True,1,223,243,350,0.694,2823.36
Etihad,DXB,BKK,4900,11,Thu,8,8.04,False,0,0,196,350,0.56,2454.55
Singapore Airlines,DXB,NRT,7900,4,Sun,16,8.69,False,0,0,283,350,0.81,3486.93
Qatar Airways,DXB,BKK,4900,10,Mon,18,10.0,False,0,0,214,350,0.614,2563.48
Qatar Airways,DXB,SIN,5900,2,Wed,20,5.44,False,0,0,150,350,0.43,2319.16
Qatar Airways,DXB,SYD,12000,8,Fri,4,4.57,False,0,0,319,350,0.914,4504.28
Qatar Airways,DXB,BKK,4900,4,Sun,0,6.87,False,0,0,291,350,0.832,3004.63
Singapore Airlines,DXB,LHR,5500,10,Fri,20,6.44,False,1,29,195,350,0.557,2535.22
Turkish Airlines,DXB,FRA,4800,1,Mon,12,5.1,True,0,0,271,350,0.775,2872.43
Etihad,DXB,CDG,5200,12,Tue,0,6.95,True,1,79,340,350,0.974,3351.61
British Airways,DXB,JNB,6400,1,Thu,6,5.07,True,0,0,260,350,0.743,3075.91
Emirates,DXB,LHR,5500,5,Tue,2,4.66,False,0,0,266,350,0.76,2961.69
Turkish Airlines,DXB,SYD,12000,9,Mon,7,5.17,False,0,0,256,350,0.734,3984.9
Singapore Airlines,DXB,FRA,4800,11,Tue,17,7.28,False,0,0,211,350,0.606,2531.24
Turkish Airlines,DXB,CDG,5200,10,Wed,7,6.65,False,0,0,207,350,0.592,2562.51
Etihad,DXB,BOM,1900,6,Thu,11,5.1,True,0,0,284,350,0.812,2439.01
Turkish Airlines,DXB,NRT,7900,9,Wed,13,4.11,False,0,0,308,350,0.882,3657.95
Emirates,DXB,JNB,6400,11,Mon,14,7.3,False,0,0,202,350,0.579,2713.05
Qatar Airways,DXB,JFK,11000,12,Sat,4,5.16,True,0,0,350,350,1.0,4554.0
Etihad,DXB,CDG,5200,11,Fri,19,7.18,False,0,0,282,350,0.807,3006.7
Qatar Airways,DXB,CDG,5200,3,Wed,11,7.1,False,0,0,299,350,0.857,3110.62
Emirates,DXB,SYD,12000,8,Thu,10,5.09,False,0,0,173,350,0.496,3300.56
British Airways,DXB,SYD,12000,5,Sun,2,0.96,False,0,0,326,350,0.932,4557.06
Singapore Airlines,DXB,JFK,11000,1,Thu,12,7.01,True,0,0,347,350,0.992,4532.16
British Airways,DXB,SYD,12000,9,Thu,1,1.91,False,0,0,155,350,0.444,3151.88
Singapore Airlines,DXB,BOM,1900,1,Sat,19,7.4,True,0,0,319,350,0.912,2604.83
Qatar Airways,DXB,BOM,1900,12,Thu,8,3.98,True,0,0,287,350,0.821,2453.99
British Airways,DXB,FRA,4800,7,Tue,7,3.94,True,0,0,276,350,0.791,2904.66
Etihad,DXB,JNB,6400,10,Mon,13,7.46,False,0,0,259,350,0.741,3070.91
Emirates,DXB,SIN,5900,6,Wed,0,4.91,True,0,0,299,350,0.855,3232.55
Turkish Airlines,DXB,JFK,11000,6,Sun,20,5.21,True,0,0,304,350,0.87,4195.43
Turkish Airlines,DXB,BKK,4900,6,Thu,3,2.76,True,0,0,222,350,0.635,2605.35
Emirates,DXB,LHR,5500,8,Mon,11,3.81,False,0,0,180,350,0.516,2449.41
Singapore Airlines,DXB,JNB,6400,10,Tue,2,7.2,False,0,0,241,350,0.691,2960.68
Singapore Airlines,DXB,SYD,12000,8,Tue,12,2.34,False,0,0,196,350,0.562,3491.93
Emirates,DXB,SIN,5900,10,Fri,4,9.09,False,0,0,275,350,0.787,3087.68
Singapore Airlines,DXB,NRT,7900,9,Tue,5,1.0,False,1,27,330,350,0.944,3805.89
British Airways,DXB,BKK,4900,5,Fri,19,3.11,False,1,32,327,350,0.936,3215.91
Etihad,DXB,LHR,5500,2,Tue,14,2.72,False,0,0,233,350,0.666,2763.49
Singapore Airlines,DXB,FRA,4800,3,Tue,2,8.41,False,0,0,156,350,0.448,2213.52
Singapore Airlines,DXB,JNB,6400,8,Sat,1,6.08,False,0,0,269,350,0.771,3137.36
Emirates,DXB,JNB,6400,1,Fri,11,5.49,True,0,0,350,350,1.0,3643.2
Emirates,DXB,SIN,5900,7,Thu,18,5.03,True,1,48,324,350,0.928,3388.61
Turkish Airlines,DXB,BOM,1900,3,Mon,5,6.66,False,0,0,152,350,0.435,1809.16
Etihad,DXB,BKK,4900,6,Thu,11,4.7,True,0,0,274,350,0.785,2910.51
Emirates,DXB,SYD,12000,6,Fri,21,4.96,True,0,0,316,350,0.905,4478.84
Turkish Airlines,DXB,FRA,4800,8,Thu,7,5.25,False,0,0,227,350,0.65,2620.09
Etihad,DXB,SIN,5900,10,Tue,5,9.66,False,0,0,202,350,0.579,2640.11
Qatar Airways,DXB,NRT,7900,11,Sun,12,5.1,False,0,0,252,350,0.72,3272.13
Etihad,DXB,SYD,12000,3,Tue,16,8.72,False,0,0,280,350,0.8,4176.19
Emirates,DXB,NRT,7900,9,Tue,15,5.9,False,0,0,215,350,0.615,3019.79
Qatar Airways,DXB,JFK,11000,12,Fri,15,4.77,True,1,16,300,350,0.858,4162.66
Qatar Airways,DXB,NRT,7900,8,Fri,10,6.7,False,0,0,271,350,0.776,3404.91
Emirates,DXB,CDG,5200,2,Sat,7,5.54,False,0,0,283,350,0.809,3011.33
Emirates,DXB,FRA,4800,12,Thu,19,4.19,True,0,0,292,350,0.836,2994.88
Singapore Airlines,DXB,LHR,5500,8,Wed,22,4.55,False,0,0,269,350,0.769,2980.27
Emirates,DXB,FRA,4800,11,Sat,1,9.39,False,0,0,196,350,0.56,2439.42
British Airways,DXB,FRA,4800,3,Sun,5,3.2,False,0,0,168,350,0.481,2279.79
Qatar Airways,DXB,SIN,5900,8,Sun,0,4.26,False,0,0,179,350,0.512,2495.76
Emirates,DXB,JNB,6400,1,Fri,0,5.26,True,0,0,334,350,0.956,3545.27
Emirates,DXB,BKK,4900,6,Sun,22,7.73,True,0,0,333,350,0.953,3251.37
Emirates,DXB,JFK,11000,3,Sat,11,5.13,False,0,0,240,350,0.689,3694.31
Singapore Airlines,DXB,BOM,1900,12,Thu,10,7.57,True,0,0,255,350,0.731,2303.64
Emirates,DXB,FRA,4800,9,Thu,22,4.56,False,0,0,220,350,0.629,2578.57
British Airways,DXB,SYD,12000,6,Tue,22,6.86,True,0,0,252,350,0.722,3950.3
Qatar Airways,DXB,FRA,4800,8,Tue,12,7.32,False,0,0,227,350,0.649,2618.32
Qatar Airways,DXB,SIN,5900,8,Sun,9,7.1,False,1,32,306,350,0.877,3279.31
Etihad,DXB,CDG,5200,3,Mon,16,9.28,False,0,0,243,350,0.696,2777.46
Singapore Airlines,DXB,LHR,5500,2,Mon,7,5.89,False,0,0,240,350,0.688,2810.7
Emirates,DXB,SIN,5900,6,Thu,8,4.75,True,0,0,223,350,0.639,2768.38
Emirates,DXB,CDG,5200,7,Sun,14,5.28,True,0,0,330,350,0.944,3290.21
Emirates,DXB,JFK,11000,11,Wed,9,6.36,False,0,0,168,350,0.483,3125.78
Emirates,DXB,BOM,1900,9,Tue,1,4.42,False,1,86,202,350,0.58,2051.39
British Airways,DXB,JFK,11000,10,Tue,12,9.4,False,0,0,182,350,0.521,3230.72
Emirates,DXB,CDG,5200,1,Tue,21,5.46,True,0,0,307,350,0.88,3157.42
Emirates,DXB,JNB,6400,9,Sat,22,1.58,False,1,42,169,350,0.484,2504.28
Emirates,DXB,SYD,12000,7,Tue,20,5.66,True,1,31,350,350,1.0,4752.0
Singapore Airlines,DXB,SIN,5900,6,Mon,20,3.81,True,1,66,175,350,0.501,2471.84
Emirates,DXB,BKK,4900,7,Wed,3,5.0,True,0,0,327,350,0.935,3214.95
Turkish Airlines,DXB,SIN,5900,5,Wed,0,4.49,False,0,0,185,350,0.529,2533.32
Qatar Airways,DXB,NRT,7900,11,Tue,21,9.99,False,0,0,184,350,0.527,2811.18
Etihad,DXB,FRA,4800,4,Thu,23,7.48,False,0,0,268,350,0.766,2854.86
Qatar Airways,DXB,NRT,7900,1,Mon,13,4.72,True,0,0,285,350,0.815,3497.46
Emirates,DXB,CDG,5200,1,Mon,10,5.37,True,0,0,325,350,0.929,3258.6
Emirates,DXB,NRT,7900,3,Sun,21,6.89,False,0,0,243,350,0.695,3212.74
Etihad,DXB,LHR,5500,5,Thu,19,4.74,False,0,0,262,350,0.749,2938.52
Turkish Airlines,DXB,NRT,7900,4,Wed,16,7.6,False,0,0,159,350,0.455,2639.22
Emirates,DXB,NRT,7900,10,Sat,17,5.22,False,0,0,278,350,0.795,3450.12
Emirates,DXB,BOM,1900,9,Sat,18,5.92,False,0,0,208,350,0.597,2079.94
Singapore Airlines,DXB,NRT,7900,7,Mon,0,4.6,True,0,0,297,350,0.849,3579.96
Singapore Airlines,DXB,FRA,4800,8,Wed,7,5.86,False,0,0,206,350,0.591,2501.08
Qatar Airways,DXB,LHR,5500,6,Sun,4,7.19,True,0,0,328,350,0.94,3338.54
Emirates,DXB,SIN,5900,1,Fri,18,3.74,True,1,53,350,350,1.0,3544.2
British Airways,DXB,SYD,12000,5,Mon,13,5.08,False,0,0,164,350,0.469,3224.04
Etihad,DXB,FRA,4800,12,Wed,17,6.92,True,1,25,283,350,0.811,2945.7
Etihad,DXB,JNB,6400,2,Tue,20,6.86,False,0,0,251,350,0.717,3018.66
Qatar Airways,DXB,NRT,7900,12,Thu,1,3.49,True,1,17,161,350,0.46,2651.76
Emirates,DXB,BKK,4900,1,Tue,14,3.95,True,0,0,259,350,0.74,2819.18
Emirates,DXB,FRA,4800,10,Mon,12,7.98,False,1,41,207,350,0.593,2506.64
Singapore Airlines,DXB,LHR,5500,8,Tue,1,5.86,False,1,53,201,350,0.576,2575.38
Singapore Airlines,DXB,BKK,4900,9,Sun,23,7.49,False,0,0,242,350,0.692,2721.76
Etihad,DXB,JNB,6400,1,Sat,10,3.7,True,1,58,350,350,1.0,3643.2
Etihad,DXB,SIN,5900,8,Tue,11,4.76,False,0,0,228,350,0.652,2797.73
Emirates,DXB,BKK,4900,8,Sat,22,6.19,False,0,0,208,350,0.597,2528.79
Emirates,DXB,JNB,6400,11,Sat,8,7.17,False,0,0,218,350,0.626,2816.44
Emirates,DXB,BOM,1900,8,Mon,6,4.05,False,1,26,190,350,0.543,1990.07
Etihad,DXB,BKK,4900,5,Thu,9,6.11,False,0,0,178,350,0.511,2355.35
Qatar Airways,DXB,BOM,1900,9,Sat,4,3.66,False,0,0,259,350,0.742,2322.37
Singapore Airlines,DXB,SIN,5900,12,Mon,11,6.77,True,0,0,268,350,0.767,3044.73
Singapore Airlines,DXB,SIN,5900,9,Wed,13,5.79,False,0,0,269,350,0.771,3052.77
Turkish Airlines,DXB,BKK,4900,12,Mon,20,3.22,True,0,0,326,350,0.934,3212.54
Qatar Airways,DXB,NRT,7900,1,Sat,11,5.57,True,0,0,347,350,0.993,3923.73
Emirates,DXB,BKK,4900,11,Thu,1,7.77,False,0,0,258,350,0.738,2815.19
British Airways,DXB,FRA,4800,4,Sat,8,8.72,False,0,0,214,350,0.612,2543.61
Qatar Airways,DXB,SYD,12000,12,Fri,9,5.99,True,0,0,271,350,0.775,4104.57
Emirates,DXB,FRA,4800,8,Sat,3,5.24,False,0,0,310,350,0.887,3098.54
Qatar Airways,DXB,BOM,1900,8,Sun,12,4.18,False,0,0,286,350,0.819,2450.57
Etihad,DXB,BKK,4900,5,Sun,13,4.02,False,1,130,227,350,0.651,2638.44
Emirates,DXB,SYD,12000,1,Thu,20,4.02,True,0,0,332,350,0.951,4610.24
Emirates,DXB,CDG,5200,11,Wed,21,4.67,False,0,0,138,350,0.396,2158.9
Singapore Airlines,DXB,FRA,4800,8,Mon,23,4.78,False,0,0,276,350,0.791,2905.8
Emirates,DXB,BKK,4900,9,Sun,5,4.45,False,0,0,254,350,0.728,2793.66
Qatar Airways,DXB,BOM,1900,4,Tue,12,7.18,False,0,0,221,350,0.631,2137.48
British Airways,DXB,BOM,1900,1,Sun,14,5.92,True,0,0,350,350,1.0,2752.2
Turkish Airlines,DXB,NRT,7900,9,Tue,2,6.31,False,0,0,198,350,0.568,2909.1
Emirates,DXB,NRT,7900,6,Mon,20,3.56,True,0,0,304,350,0.87,3630.15
Etihad,DXB,SIN,5900,10,Wed,18,6.82,False,0,0,256,350,0.733,2971.4
Emirates,DXB,BOM,1900,4,Wed,15,7.87,False,0,0,253,350,0.724,2291.96
Emirates,DXB,JFK,11000,11,Wed,2,6.98,False,0,0,269,350,0.77,3919.98
Qatar Airways,DXB,CDG,5200,5,Wed,13,6.46,False,0,0,129,350,0.371,2107.33
Singapore Airlines,DXB,NRT,7900,3,Sun,20,7.87,False,1,65,218,350,0.625,3045.74
Emirates,DXB,JFK,11000,6,Sun,6,5.22,True,0,0,265,350,0.758,3887.13
Qatar Airways,DXB,BOM,1900,8,Mon,3,4.9,False,0,0,222,350,0.637,2146.81
Etihad,DXB,FRA,4800,12,Wed,17,2.0,True,0,0,303,350,0.868,3059.57
Emirates,DXB,SYD,12000,1,Sat,21,4.02,True,1,54,294,350,0.842,4297.1
Qatar Airways,DXB,FRA,4800,12,Sat,17,8.76,True,1,88,350,350,1.0,3326.4
Emirates,DXB,FRA,4800,10,Thu,11,7.22,False,0,0,215,350,0.615,2549.98
Emirates,DXB,CDG,5200,2,Tue,8,5.62,False,0,0,216,350,0.618,2616.42
British Airways,DXB,CDG,5200,3,Sun,18,7.01,False,1,76,183,350,0.523,2421.16
British Airways,DXB,LHR,5500,12,Tue,2,5.05,True,0,0,315,350,0.9,3255.56
Singapore Airlines,DXB,JNB,6400,10,Sat,23,3.74,False,0,0,224,350,0.642,2853.55
Emirates,DXB,LHR,5500,4,Mon,15,5.95,False,0,0,219,350,0.627,2681.33
Emirates,DXB,NRT,7900,10,Thu,17,8.55,False,0,0,252,350,0.721,3273.68
Singapore Airlines,DXB,JFK,11000,11,Sat,19,4.93,False,1,78,221,350,0.632,3539.4
Etihad,DXB,JFK,11000,12,Wed,4,5.86,True,1,91,293,350,0.837,4104.55
Emirates,DXB,JFK,11000,2,Wed,22,6.45,False,1,33,271,350,0.777,3938.9
Emirates,DXB,JNB,6400,9,Sat,2,6.47,False,0,0,229,350,0.656,2883.97
Turkish Airlines,DXB,BOM,1900,6,Fri,16,3.61,True,1,116,301,350,0.863,2523.11
Singapore Airlines,DXB,JFK,11000,7,Mon,4,3.6,True,0,0,338,350,0.968,4466.22
Singapore Airlines,DXB,BOM,1900,10,Wed,15,5.46,False,0,0,171,350,0.49,1901.81
Etihad,DXB,BKK,4900,2,Wed,18,5.62,False,1,19,259,350,0.74,2819.84
Singapore Airlines,DXB,BKK,4900,4,Thu,13,6.78,False,0,0,210,350,0.6,2535.97
British Airways,DXB,JNB,6400,9,Tue,1,6.87,False,0,0,249,350,0.713,3010.55
British Airways,DXB,JFK,11000,5,Tue,9,4.11,False,0,0,230,350,0.659,3612.8
Emirates,DXB,JFK,11000,9,Sat,12,5.86,False,0,0,212,350,0.606,3466.79
Singapore Airlines,DXB,FRA,4800,6,Mon,22,5.32,True,0,0,290,350,0.831,2984.93
Emirates,DXB,JNB,6400,12,Wed,18,2.13,True,0,0,294,350,0.84,3290.17
Singapore Airlines,DXB,BOM,1900,4,Fri,0,6.39,False,0,0,191,350,0.548,1998.04
Emirates,DXB,NRT,7900,10,Sat,20,6.93,False,0,0,255,350,0.729,3293.81
Singapore Airlines,DXB,BOM,1900,1,Thu,10,6.59,True,0,0,224,350,0.64,2151.88
Etihad,DXB,NRT,7900,11,Tue,0,6.12,False,0,0,129,350,0.371,2438.34
Singapore Airlines,DXB,NRT,7900,7,Thu,15,5.17,True,1,86,298,350,0.853,3590.14
Etihad,DXB,BKK,4900,9,Fri,22,6.8,False,0,0,222,350,0.635,2605.44
British Airways,DXB,JNB,6400,1,Sat,15,5.54,True,0,0,330,350,0.943,3517.88
Qatar Airways,DXB,SYD,12000,10,Sat,21,6.31,False,0,0,234,350,0.669,3798.25
Emirates,DXB,BOM,1900,2,Fri,22,6.04,False,1,21,267,350,0.763,2356.95
Turkish Airlines,DXB,NRT,7900,11,Sat,21,4.18,False,0,0,243,350,0.696,3214.54
Turkish Airlines,DXB,BOM,1900,6,Sun,17,4.57,True,0,0,348,350,0.995,2743.2
Emirates,DXB,BOM,1900,2,Thu,8,4.33,False,0,0,205,350,0.588,2065.08
Turkish Airlines,DXB,JNB,6400,8,Fri,17,3.85,False,0,0,217,350,0.621,2805.31
Singapore Airlines,DXB,SYD,12000,3,Mon,11,6.24,False,0,0,161,350,0.462,3203.16
Emirates,DXB,FRA,4800,7,Sat,21,5.37,True,0,0,313,350,0.895,3115.1
Singapore Airlines,DXB,SIN,5900,2,Sun,8,1.17,False,1,62,260,350,0.743,2992.43
Qatar Airways,DXB,SIN,5900,5,Sat,5,3.23,False,0,0,279,350,0.798,3111.15
Turkish Airlines,DXB,SIN,5900,9,Sun,2,4.5,False,0,0,250,350,0.716,2934.2
Emirates,DXB,SYD,12000,7,Wed,15,6.44,True,0,0,267,350,0.765,4075.17
Emirates,DXB,LHR,5500,3,Sat,18,8.2,False,1,40,290,350,0.83,3107.25
Etihad,DXB,JFK,11000,3,Mon,3,7.78,False,0,0,258,350,0.738,3830.59
Emirates,DXB,SIN,5900,10,Mon,8,7.11,False,1,32,278,350,0.795,3104.35
Emirates,DXB,SIN,5900,3,Sun,3,5.93,False,0,0,122,350,0.351,2150.96
Qatar Airways,DXB,NRT,7900,7,Mon,16,5.07,True,0,0,350,350,1.0,3940.2
British Airways,DXB,JFK,11000,4,Wed,6,8.82,False,0,0,191,350,0.547,3303.35
Singapore Airlines,DXB,JNB,6400,2,Thu,17,6.23,False,0,0,283,350,0.809,3220.86
Turkish Airlines,DXB,JNB,6400,10,Tue,4,7.84,False,0,0,282,350,0.808,3219.7
Turkish Airlines,DXB,JNB,6400,2,Mon,23,6.07,False,0,0,252,350,0.721,3026.7
Emirates,DXB,SIN,5900,5,Sat,20,6.61,False,1,16,332,350,0.949,3434.27
Singapore Airlines,DXB,SIN,5900,8,Thu,7,4.71,False,0,0,336,350,0.962,3463.53
Qatar Airways,DXB,JFK,11000,4,Sat,10,6.34,False,0,0,222,350,0.637,3552.1
Emirates,DXB,CDG,5200,10,Wed,2,6.17,False,0,0,146,350,0.42,2207.56
British Airways,DXB,JNB,6400,3,Fri,11,6.64,False,0,0,186,350,0.532,2609.61
Emirates,DXB,BOM,1900,4,Wed,20,4.85,False,0,0,313,350,0.895,2576.93
Qatar Airways,DXB,JFK,11000,7,Sat,10,5.52,True,0,0,334,350,0.955,4428.95
Qatar Airways,DXB,FRA,4800,4,Wed,2,7.04,False,0,0,144,350,0.412,2140.23
Qatar Airways,DXB,SIN,5900,4,Wed,3,7.21,False,0,0,244,350,0.697,2894.28
Etihad,DXB,LHR,5500,11,Fri,18,10.0,False,0,0,148,350,0.426,2258.67
Turkish Airlines,DXB,NRT,7900,1,Wed,15,4.52,True,1,16,350,350,1.0,3940.2
Etihad,DXB,CDG,5200,4,Sat,0,6.14,False,0,0,219,350,0.627,2636.0
Emirates,DXB,BOM,1900,6,Sun,11,4.13,True,1,82,315,350,0.901,2587.86
Singapore Airlines,DXB,NRT,7900,12,Fri,12,5.07,True,0,0,350,350,1.0,3940.2
Qatar Airways,DXB,JFK,11000,7,Tue,16,5.02,True,0,0,260,350,0.744,3848.45
Turkish Airlines,DXB,NRT,7900,12,Sat,5,3.46,True,0,0,310,350,0.886,3668.88
Emirates,DXB,CDG,5200,2,Wed,11,5.67,False,0,0,234,350,0.671,2726.27
Singapore Airlines,DXB,NRT,7900,3,Sun,20,7.88,False,0,0,279,350,0.799,3461.09
Etihad,DXB,JFK,11000,7,Tue,23,7.02,True,0,0,336,350,0.96,4444.75
British Airways,DXB,JFK,11000,5,Wed,16,6.24,False,0,0,262,350,0.75,3864.3
Qatar Airways,DXB,JNB,6400,12,Wed,20,4.82,True,1,190,270,350,0.772,3139.29
British Airways,DXB,CDG,5200,1,Sat,22,5.34,True,0,0,275,350,0.788,2968.55
Emirates,DXB,BKK,4900,4,Sun,12,6.9,False,0,0,307,350,0.88,3102.77
British Airways,DXB,NRT,7900,2,Tue,16,2.27,False,0,0,209,350,0.6,2983.81
Etihad,DXB,BKK,4900,9,Wed,16,5.24,False,1,77,248,350,0.71,2758.69
Emirates,DXB,SYD,12000,9,Mon,15,4.99,False,0,0,186,350,0.534,3409.27
Turkish Airlines,DXB,NRT,7900,3,Sat,10,7.04,False,0,0,264,350,0.756,3358.35
Emirates,DXB,LHR,5500,4,Sat,9,7.23,False,0,0,290,350,0.829,3105.13
Turkish Airlines,DXB,JFK,11000,12,Sat,12,6.29,True,0,0,350,350,1.0,4554.0
Emirates,DXB,NRT,7900,12,Wed,18,4.29,True,0,0,311,350,0.89,3678.4
Emirates,DXB,SYD,12000,10,Tue,20,6.77,False,0,0,253,350,0.726,3961.79
Emirates,DXB,NRT,7900,7,Thu,15,4.36,True,0,0,237,350,0.679,3172.47
Qatar Airways,DXB,SYD,12000,2,Sun,7,4.91,False,0,0,234,350,0.67,3801.32
Qatar Airways,DXB,LHR,5500,8,Tue,0,7.7,False,0,0,314,350,0.897,3249.67
Singapore Airlines,DXB,SIN,5900,3,Sat,10,8.09,False,0,0,328,350,0.938,3410.53
Emirates,DXB,JFK,11000,10,Wed,21,7.26,False,0,0,226,350,0.647,3580.53
Etihad,DXB,CDG,5200,4,Mon,8,9.27,False,0,0,188,350,0.538,2451.09
Singapore Airlines,DXB,CDG,5200,7,Wed,13,7.35,True,0,0,350,350,1.0,3405.6
Qatar Airways,DXB,BOM,1900,9,Sat,19,5.08,False,0,0,274,350,0.783,2390.94
British Airways,DXB,LHR,5500,12,Wed,23,4.9,True,1,102,293,350,0.839,3127.71
Singapore Airlines,DXB,NRT,7900,3,Mon,4,8.46,False,1,71,279,350,0.8,3461.72
Singapore Airlines,DXB,CDG,5200,11,Sat,10,4.28,False,0,0,228,350,0.654,2691.48
Qatar Airways,DXB,LHR,5500,8,Sat,4,8.54,False,0,0,285,350,0.814,3075.26
Etihad,DXB,BKK,4900,3,Mon,15,6.11,False,0,0,216,350,0.619,2573.49
Emirates,DXB,BOM,1900,9,Sun,10,6.2,False,0,0,284,350,0.814,2442.32
Emirates,DXB,CDG,5200,9,Mon,16,4.88,False,0,0,194,350,0.556,2490.14
Etihad,DXB,BOM,1900,1,Sat,17,5.4,True,1,52,273,350,0.783,2389.68
Etihad,DXB,JNB,6400,12,Mon,14,4.73,True,0,0,287,350,0.822,3250.58
Emirates,DXB,CDG,5200,6,Sun,9,6.73,True,0,0,277,350,0.793,2977.97
Emirates,DXB,BKK,4900,11,Mon,2,8.48,False,0,0,263,350,0.752,2842.45
Emirates,DXB,BOM,1900,1,Thu,1,5.8,True,1,117,315,350,0.902,2589.49
Turkish Airlines,DXB,SYD,12000,12,Tue,19,5.88,True,1,30,227,350,0.649,3740.02
Qatar Airways,DXB,LHR,5500,2,Sun,7,5.91,False,0,0,250,350,0.715,2865.83
Emirates,DXB,FRA,4800,7,Thu,0,5.69,True,0,0,300,350,0.859,3042.16
Singapore Airlines,DXB,JFK,11000,5,Wed,15,3.88,False,0,0,203,350,0.582,3399.77
Turkish Airlines,DXB,JNB,6400,3,Sat,1,7.32,False,0,0,279,350,0.8,3200.93
Emirates,DXB,BKK,4900,7,Sat,1,0.34,True,0,0,334,350,0.957,3259.04
Emirates,DXB,FRA,4800,1,Sat,7,6.23,True,0,0,277,350,0.793,2909.58
Singapore Airlines,DXB,FRA,4800,2,Wed,5,1.15,False,0,0,225,350,0.644,2608.02
Emirates,DXB,LHR,5500,5,Sat,8,5.75,False,0,0,263,350,0.752,2945.19
Turkish Airlines,DXB,SYD,12000,11,Mon,1,8.91,False,0,0,249,350,0.712,3922.35
Etihad,DXB,LHR,5500,7,Sat,6,5.09,True,0,0,350,350,1.0,3465.0
British Airways,DXB,CDG,5200,12,Wed,16,4.58,True,0,0,302,350,0.863,3123.7
British Airways,DXB,BOM,1900,6,Sat,3,5.67,True,1,60,329,350,0.94,2652.49
Etihad,DXB,FRA,4800,7,Wed,23,6.51,True,0,0,329,350,0.941,3206.65
Qatar Airways,DXB,BKK,4900,6,Tue,4,5.8,True,0,0,349,350,0.999,3345.14
Emirates,DXB,BOM,1900,8,Sat,15,3.11,False,0,0,273,350,0.78,2385.41
Emirates,DXB,NRT,7900,12,Tue,12,6.06,True,0,0,306,350,0.875,3640.6
Emirates,DXB,LHR,5500,6,Fri,14,2.98,True,0,0,323,350,0.925,3307.93
Emirates,DXB,BKK,4900,9,Thu,14,5.15,False,0,0,310,350,0.888,3118.5
Singapore Airlines,DXB,LHR,5500,6,Sat,4,5.28,True,0,0,330,350,0.944,3347.11
Qatar Airways,DXB,FRA,4800,6,Wed,15,6.12,True,0,0,317,350,0.907,3139.33
Turkish Airlines,DXB,NRT,7900,9,Thu,4,5.53,False,0,0,235,350,0.672,3157.31
Singapore Airlines,DXB,NRT,7900,2,Sun,14,3.82,False,1,23,267,350,0.763,3375.42
Etihad,DXB,SIN,5900,1,Wed,11,3.26,True,0,0,327,350,0.936,3406.81
Emirates,DXB,FRA,4800,4,Sat,8,6.23,False,0,0,275,350,0.786,2894.4
Emirates,DXB,LHR,5500,10,Tue,6,7.32,False,0,0,229,350,0.655,2740.02
Emirates,DXB,SIN,5900,1,Wed,13,3.98,True,1,55,326,350,0.934,3402.88
Singapore Airlines,DXB,CDG,5200,10,Tue,18,4.74,False,0,0,269,350,0.771,2933.29
Etihad,DXB,LHR,5500,7,Sat,11,2.28,True,0,0,350,350,1.0,3465.0
Emirates,DXB,JFK,11000,5,Fri,0,5.52,False,0,0,186,350,0.533,3264.87
Turkish Airlines,DXB,NRT,7900,11,Fri,1,6.67,False,0,0,252,350,0.721,3274.77
Singapore Airlines,DXB,BKK,4900,10,Fri,15,7.76,False,0,0,293,350,0.84,3021.41
Emirates,DXB,SYD,12000,3,Thu,15,9.32,False,0,0,223,350,0.639,3711.94
British Airways,DXB,CDG,5200,4,Wed,15,8.06,False,0,0,172,350,0.493,2359.38
Emirates,DXB,JNB,6400,5,Fri,16,5.67,False,0,0,276,350,0.791,3180.64
Emirates,DXB,NRT,7900,4,Mon,15,7.12,False,0,0,225,350,0.644,3090.61
Emirates,DXB,CDG,5200,2,Sun,14,2.98,False,1,40,233,350,0.666,2715.64
Singapore Airlines,DXB,LHR,5500,1,Thu,18,4.92,True,0,0,236,350,0.676,2783.71
Emirates,DXB,BKK,4900,4,Sun,3,5.75,False,0,0,239,350,0.684,2705.4
Singapore Airlines,DXB,JNB,6400,6,Sat,21,6.0,True,1,58,315,350,0.901,3423.73
Qatar Airways,DXB,CDG,5200,4,Sat,21,7.91,False,0,0,299,350,0.856,3109.34
Singapore Airlines,DXB,FRA,4800,8,Wed,9,4.38,False,0,0,249,350,0.712,2746.08
Etihad,DXB,FRA,4800,6,Sat,2,5.93,True,0,0,326,350,0.932,3189.1
Emirates,DXB,JNB,6400,1,Thu,2,3.35,True,0,0,317,350,0.908,3440.07
Singapore Airlines,DXB,FRA,4800,3,Mon,18,9.8,False,1,63,243,350,0.695,2711.9
Turkish Airlines,DXB,SIN,5900,7,Wed,1,5.83,True,0,0,341,350,0.976,3491.78
Emirates,DXB,LHR,5500,1,Sun,2,4.31,True,0,0,339,350,0.971,3404.55
Turkish Airlines,DXB,BKK,4900,11,Mon,19,6.87,False,0,0,140,350,0.401,2130.6
Emirates,DXB,NRT,7900,3,Fri,20,6.79,False,1,39,291,350,0.834,3543.24
Etihad,DXB,BOM,1900,9,Sun,13,3.59,False,0,0,200,350,0.574,2041.59
Emirates,DXB,JFK,11000,3,Mon,14,7.64,False,0,0,186,350,0.534,3268.42
Singapore Airlines,DXB,SYD,12000,8,Mon,5,2.36,False,0,0,257,350,0.736,3992.54
Turkish Airlines,DXB,NRT,7900,3,Wed,4,7.0,False,0,0,261,350,0.747,3335.12
Emirates,DXB,JNB,6400,7,Mon,3,6.57,True,0,0,264,350,0.756,3105.19
Singapore Airlines,DXB,JNB,6400,3,Sat,13,4.05,False,0,0,186,350,0.532,2610.17
Emirates,DXB,JNB,6400,10,Sat,2,6.29,False,1,27,239,350,0.685,2948.28
Etihad,DXB,BOM,1900,11,Mon,15,7.2,False,0,0,240,350,0.686,2228.12
Singapore Airlines,DXB,SIN,5900,12,Wed,19,4.25,True,0,0,280,350,0.801,3115.93
Emirates,DXB,SYD,12000,8,Tue,12,6.05,False,0,0,231,350,0.663,3780.75
Emirates,DXB,JFK,11000,7,Fri,5,4.32,True,0,0,347,350,0.993,4533.8
Emirates,DXB,JFK,11000,3,Sat,18,7.71,False,0,0,242,350,0.692,3703.04
Etihad,DXB,LHR,5500,5,Tue,13,5.59,False,0,0,163,350,0.467,2346.14
Emirates,DXB,SYD,12000,1,Wed,13,7.39,True,0,0,320,350,0.916,4511.08
Qatar Airways,DXB,FRA,4800,1,Sun,7,2.35,True,1,72,292,350,0.835,2994.66
Etihad,DXB,BKK,4900,8,Tue,15,5.13,False,0,0,280,350,0.8,2940.99
Etihad,DXB,LHR,5500,12,Sat,19,3.97,True,1,78,277,350,0.793,3031.06
Etihad,DXB,JNB,6400,11,Wed,19,6.16,False,0,0,180,350,0.515,2571.75
Emirates,DXB,BOM,1900,8,Thu,17,3.46,False,0,0,182,350,0.521,1953.92
Emirates,DXB,SYD,12000,8,Sat,7,4.6,False,0,0,180,350,0.516,3359.14
Turkish Airlines,DXB,SIN,5900,2,Sat,16,5.69,False,0,0,233,350,0.667,2829.03
Etihad,DXB,NRT,7900,9,Sun,3,5.01,False,0,0,305,350,0.872,3635.31
Emirates,DXB,NRT,7900,7,Wed,1,4.81,True,1,96,226,350,0.647,3097.26
Etihad,DXB,JNB,6400,7,Fri,22,3.62,True,1,32,316,350,0.903,3428.96
Qatar Airways,DXB,JNB,6400,5,Sat,2,2.41,False,0,0,314,350,0.9,3421.89
Turkish Airlines,DXB,BKK,4900,5,Tue,20,5.91,False,0,0,193,350,0.553,2439.39
Turkish Airlines,DXB,SIN,5900,12,Fri,3,3.03,True,1,69,350,350,1.0,3544.2
Emirates,DXB,CDG,5200,4,Sat,12,10.0,False,0,0,319,350,0.912,3223.7
Emirates,DXB,BOM,1900,7,Sat,22,4.95,True,0,0,228,350,0.653,2173.4
Qatar Airways,DXB,SIN,5900,11,Fri,5,7.11,False,0,0,175,350,0.503,2476.17
British Airways,DXB,CDG,5200,9,Tue,21,9.48,False,0,0,227,350,0.651,2686.13
Etihad,DXB,SIN,5900,12,Wed,18,4.67,True,1,39,329,350,0.943,3421.38
Etihad,DXB,SIN,5900,9,Fri,16,6.52,False,0,0,211,350,0.605,2695.11
Emirates,DXB,LHR,5500,1,Sun,10,4.25,True,0,0,350,350,1.0,3465.0
British Airways,DXB,NRT,7900,10,Thu,22,5.81,False,0,0,195,350,0.56,2888.39
Etihad,DXB,FRA,4800,6,Mon,1,4.89,True,0,0,220,350,0.629,2577.85
Emirates,DXB,BKK,4900,8,Mon,4,6.8,False,0,0,231,350,0.661,2658.47
Turkish Airlines,DXB,SIN,5900,6,Sat,20,4.32,True,0,0,347,350,0.993,3529.41
Emirates,DXB,CDG,5200,9,Tue,6,6.33,False,0,0,276,350,0.79,2971.67
British Airways,DXB,JNB,6400,7,Thu,4,6.99,True,1,77,333,350,0.954,3542.05
British Airways,DXB,BOM,1900,5,Sat,7,6.04,False,0,0,235,350,0.672,2205.19
British Airways,DXB,BOM,1900,4,Mon,22,6.27,False,0,0,172,350,0.494,1907.83
British Airways,DXB,JNB,6400,4,Sat,21,7.06,False,0,0,332,350,0.949,3530.7
Emirates,DXB,FRA,4800,8,Tue,6,2.0,False,0,0,229,350,0.657,2635.03
Turkish Airlines,DXB,FRA,4800,2,Wed,9,6.25,False,1,66,202,350,0.578,2475.02
Etihad,DXB,JFK,11000,11,Sat,5,5.23,False,0,0,209,350,0.598,3444.69
British Airways,DXB,NRT,7900,1,Thu,22,2.73,True,1,55,338,350,0.966,3859.49
Qatar Airways,DXB,NRT,7900,6,Sat,22,7.7,True,0,0,230,350,0.658,3122.92
Singapore Airlines,DXB,BKK,4900,8,Sat,4,6.72,False,0,0,197,350,0.563,2460.81
Emirates,DXB,NRT,7900,1,Wed,3,4.8,True,0,0,196,350,0.562,2893.69
Emirates,DXB,SYD,12000,5,Mon,21,4.2,False,0,0,200,350,0.572,3518.06
Emirates,DXB,SYD,12000,1,Thu,6,4.71,True,1,15,290,350,0.829,4260.72
Emirates,DXB,CDG,5200,7,Fri,12,5.01,True,0,0,350,350,1.0,3405.6
Etihad,DXB,SIN,5900,5,Fri,20,4.4,False,0,0,323,350,0.925,3383.39
British Airways,DXB,SIN,5900,7,Sun,1,5.6,True,1,15,343,350,0.982,3505.42
Qatar Airways,DXB,NRT,7900,12,Wed,0,4.66,True,0,0,264,350,0.757,3359.22
Singapore Airlines,DXB,SYD,12000,8,Sat,0,3.34,False,0,0,255,350,0.731,3977.43
Qatar Airways,DXB,LHR,5500,10,Wed,8,6.8,False,0,0,213,350,0.611,2647.49
Singapore Airlines,DXB,CDG,5200,10,Fri,18,6.45,False,0,0,287,350,0.821,3035.91
Emirates,DXB,JNB,6400,2,Mon,2,6.08,False,0,0,257,350,0.735,3057.07
Emirates,DXB,LHR,5500,5,Mon,21,5.19,False,0,0,246,350,0.704,2842.89
Singapore Airlines,DXB,SYD,12000,11,Tue,20,10.0,False,0,0,231,350,0.662,3778.55
British Airways,DXB,BKK,4900,7,Fri,17,2.2,True,1,78,334,350,0.955,3255.08
Etihad,DXB,NRT,7900,7,Tue,18,4.33,True,0,0,239,350,0.685,3187.03
Turkish Airlines,DXB,JFK,11000,7,Mon,5,5.14,True,0,0,283,350,0.811,4033.39
Emirates,DXB,JNB,6400,2,Wed,8,6.13,False,0,0,218,350,0.625,2815.95
Qatar Airways,DXB,SIN,5900,1,Thu,10,6.42,True,0,0,307,350,0.879,3284.01
Emirates,DXB,SIN,5900,5,Tue,10,5.15,False,1,127,230,350,0.659,2812.31
Singapore Airlines,DXB,CDG,5200,11,Mon,7,7.99,False,0,0,115,350,0.331,2023.79
Singapore Airlines,DXB,BKK,4900,8,Mon,14,4.02,False,0,0,202,350,0.58,2493.79
Singapore Airlines,DXB,SYD,12000,6,Mon,5,3.9,True,0,0,237,350,0.678,3823.96
Qatar Airways,DXB,BOM,1900,8,Mon,13,6.61,False,0,0,242,350,0.692,2239.06
Emirates,DXB,FRA,4800,8,Thu,16,4.48,False,0,0,255,350,0.729,2780.18
Emirates,DXB,NRT,7900,8,Sat,13,3.02,False,0,0,259,350,0.741,3322.32
British Airways,DXB,BKK,4900,4,Tue,9,6.96,False,0,0,288,350,0.823,2988.21
British Airways,DXB,NRT,7900,8,Wed,7,4.96,False,0,0,219,350,0.628,3050.68
Qatar Airways,DXB,SIN,5900,6,Fri,9,6.15,True,0,0,350,350,1.0,3544.2
Etihad,DXB,BOM,1900,1,Fri,4,4.79,True,1,20,286,350,0.818,2448.93
Singapore Airlines,DXB,JFK,11000,6,Tue,5,3.01,True,0,0,190,350,0.544,3296.46
Turkish Airlines,DXB,JFK,11000,3,Thu,9,7.8,False,0,0,107,350,0.307,2642.0
Turkish Airlines,DXB,CDG,5200,4,Tue,21,5.42,False,0,0,263,350,0.753,2896.74
Qatar Airways,DXB,JFK,11000,7,Sun,21,5.08,True,1,34,267,350,0.765,3906.74
Singapore Airlines,DXB,NRT,7900,6,Wed,9,3.65,True,0,0,268,350,0.766,3381.0
Emirates,DXB,JNB,6400,11,Mon,15,7.24,False,0,0,260,350,0.744,3077.02
Emirates,DXB,CDG,5200,7,Sat,20,6.16,True,1,82,350,350,1.0,3405.6
Singapore Airlines,DXB,NRT,7900,10,Tue,6,7.39,False,1,26,180,350,0.516,2785.56
Etihad,DXB,BOM,1900,7,Fri,6,3.97,True,0,0,324,350,0.927,2630.4
Etihad,DXB,SIN,5900,5,Wed,17,5.23,False,1,72,277,350,0.794,3101.66
Singapore Airlines,DXB,CDG,5200,10,Wed,13,3.12,False,1,27,206,350,0.591,2560.76
Emirates,DXB,BOM,1900,6,Wed,7,4.67,True,0,0,338,350,0.967,2696.55
Singapore Airlines,DXB,JFK,11000,9,Sat,15,5.97,False,0,0,184,350,0.528,3251.78
Emirates,DXB,NRT,7900,6,Fri,9,5.31,True,0,0,325,350,0.931,3774.94
Qatar Airways,DXB,BKK,4900,1,Tue,21,3.72,True,1,39,201,350,0.574,2483.06
Singapore Airlines,DXB,BKK,4900,9,Thu,17,6.22,False,0,0,333,350,0.953,3250.8
Emirates,DXB,FRA,4800,1,Sat,8,5.18,True,1,16,330,350,0.945,3216.16
Emirates,DXB,FRA,4800,3,Wed,10,4.87,False,0,0,252,350,0.722,2766.95
Etihad,DXB,SIN,5900,9,Sun,16,7.63,False,0,0,166,350,0.475,2415.72
Etihad,DXB,FRA,4800,8,Thu,2,5.13,False,0,0,172,350,0.493,2303.28
Emirates,DXB,SYD,12000,8,Tue,20,4.71,False,1,37,295,350,0.843,4300.91
Singapore Airlines,DXB,FRA,4800,7,Sun,22,1.56,True,1,35,315,350,0.902,3127.97
Emirates,DXB,FRA,4800,2,Tue,17,6.2,False,1,51,240,350,0.686,2693.61
Emirates,DXB,CDG,5200,5,Sat,13,5.26,False,0,0,250,350,0.715,2817.54
Etihad,DXB,SYD,12000,2,Sun,12,4.88,False,1,28,235,350,0.672,3806.11
Emirates,DXB,BOM,1900,3,Mon,15,6.01,False,0,0,222,350,0.635,2143.11
Emirates,DXB,NRT,7900,3,Sun,21,4.52,False,1,98,277,350,0.791,3442.24
Emirates,DXB,SIN,5900,9,Sat,18,3.05,False,0,0,208,350,0.594,2673.09
Qatar Airways,DXB,FRA,4800,1,Mon,13,6.5,True,0,0,340,350,0.974,3274.1
Turkish Airlines,DXB,JNB,6400,10,Thu,14,7.66,False,0,0,208,350,0.596,2751.52
Etihad,DXB,BKK,4900,12,Wed,10,5.05,True,0,0,312,350,0.893,3128.95
Qatar Airways,DXB,LHR,5500,8,Fri,7,4.68,False,0,0,269,350,0.769,2980.51
Etihad,DXB,JNB,6400,7,Sun,17,3.18,True,1,85,314,350,0.899,3421.05
Emirates,DXB,BKK,4900,11,Tue,23,7.8,False,0,0,204,350,0.585,2505.42
Qatar Airways,DXB,SYD,12000,10,Tue,15,6.27,False,0,0,188,350,0.538,3422.12
Turkish Airlines,DXB,NRT,7900,12,Tue,2,2.48,True,0,0,268,350,0.768,3385.54
Emirates,DXB,NRT,7900,9,Thu,23,4.08,False,0,0,184,350,0.528,2813.7
Emirates,DXB,JNB,6400,9,Fri,4,4.21,False,0,0,260,350,0.746,3081.46
Etihad,DXB,LHR,5500,5,Tue,14,5.76,False,0,0,191,350,0.547,2513.91
Emirates,DXB,BKK,4900,2,Wed,3,5.96,False,0,0,280,350,0.803,2946.27
Emirates,DXB,LHR,5500,6,Fri,16,4.5,True,0,0,335,350,0.957,3375.72
Emirates,DXB,NRT,7900,9,Fri,15,4.89,False,0,0,190,350,0.545,2853.53
Emirates,DXB,LHR,5500,4,Sun,5,8.73,False,0,0,282,350,0.808,3061.73
Emirates,DXB,SIN,5900,11,Tue,16,8.07,False,0,0,215,350,0.617,2720.96
Qatar Airways,DXB,BOM,1900,6,Tue,16,5.52,True,0,0,350,350,1.0,2752.2
Singapore Airlines,DXB,BKK,4900,9,Thu,7,4.31,False,0,0,233,350,0.666,2669.32
Emirates,DXB,FRA,4800,1,Sat,22,3.74,True,1,64,350,350,1.0,3326.4
Etihad,DXB,BKK,4900,11,Sat,3,7.8,False,0,0,275,350,0.787,2913.66
Etihad,DXB,JNB,6400,1,Tue,20,4.64,True,0,0,279,350,0.8,3201.47
Qatar Airways,DXB,BOM,1900,3,Sat,9,8.66,False,0,0,256,350,0.732,2304.47
British Airways,DXB,JNB,6400,7,Wed,22,6.02,True,1,42,216,350,0.618,2800.62
Qatar Airways,DXB,CDG,5200,9,Fri,7,5.56,False,0,0,257,350,0.736,2860.99
Qatar Airways,DXB,NRT,7900,5,Thu,1,4.18,False,0,0,232,350,0.664,3139.01
Qatar Airways,DXB,CDG,5200,12,Thu,12,5.79,True,0,0,285,350,0.816,3025.44
Emirates,DXB,BKK,4900,4,Fri,7,9.25,False,0,0,250,350,0.715,2768.27
British Airways,DXB,BKK,4900,5,Sun,22,5.8,False,0,0,282,350,0.807,2955.0
Emirates,DXB,LHR,5500,11,Wed,4,5.48,False,1,42,245,350,0.701,2836.41
Qatar Airways,DXB,SYD,12000,9,Mon,1,4.95,False,0,0,242,350,0.692,3865.33
Qatar Airways,DXB,NRT,7900,7,Sun,10,6.4,True,0,0,218,350,0.623,3040.88
Etihad,DXB,LHR,5500,1,Fri,5,2.99,True,1,49,300,350,0.858,3167.45
Emirates,DXB,FRA,4800,6,Sun,10,3.88,True,0,0,304,350,0.87,3064.08
British Airways,DXB,JNB,6400,2,Thu,22,4.19,False,0,0,207,350,0.593,2743.78
Turkish Airlines,DXB,BOM,1900,6,Tue,11,6.3,True,0,0,291,350,0.832,2471.88
Turkish Airlines,DXB,JFK,11000,12,Sun,22,4.16,True,0,0,332,350,0.949,4414.0
Emirates,DXB,SYD,12000,10,Sun,3,7.85,False,0,0,205,350,0.587,3561.27
Qatar Airways,DXB,SIN,5900,6,Thu,10,6.0,True,0,0,350,350,1.0,3544.2
British Airways,DXB,BOM,1900,4,Fri,23,10.0,False,0,0,312,350,0.894,2574.78
Etihad,DXB,NRT,7900,7,Fri,4,3.46,True,0,0,319,350,0.912,3729.99
Etihad,DXB,NRT,7900,7,Mon,20,6.43,True,0,0,294,350,0.841,3561.68
Emirates,DXB,LHR,5500,12,Sat,13,5.17,True,0,0,310,350,0.888,3229.78
Singapore Airlines,DXB,SIN,5900,12,Tue,12,4.35,True,1,19,297,350,0.85,3221.94
British Airways,DXB,SYD,12000,11,Mon,4,7.91,False,0,0,260,350,0.744,4014.5
Singapore Airlines,DXB,FRA,4800,11,Mon,2,7.78,False,0,0,293,350,0.839,3000.86
Etihad,DXB,SIN,5900,7,Wed,20,4.47,True,1,44,287,350,0.823,3163.57
Singapore Airlines,DXB,LHR,5500,4,Mon,1,8.75,False,0,0,264,350,0.757,2954.51
Emirates,DXB,JNB,6400,4,Thu,10,5.6,False,0,0,236,350,0.676,2928.79
Qatar Airways,DXB,JFK,11000,6,Thu,8,3.6,True,1,77,234,350,0.671,3645.53
Emirates,DXB,LHR,5500,12,Sun,20,2.16,True,0,0,312,350,0.894,3242.43
Emirates,DXB,JFK,11000,2,Fri,7,5.45,False,1,40,301,350,0.86,4167.76
Qatar Airways,DXB,FRA,4800,9,Sun,20,3.37,False,0,0,296,350,0.848,3019.96
Qatar Airways,DXB,JFK,11000,2,Tue,19,4.45,False,0,0,190,350,0.543,3293.04
Singapore Airlines,DXB,JNB,6400,7,Fri,21,4.53,True,0,0,305,350,0.873,3362.45
Emirates,DXB,JNB,6400,4,Fri,21,5.72,False,0,0,272,350,0.78,3156.44
Turkish Airlines,DXB,SYD,12000,11,Mon,21,8.41,False,0,0,216,350,0.62,3657.06
Emirates,DXB,JFK,11000,3,Wed,23,6.89,False,0,0,210,350,0.603,3456.98
Emirates,DXB,BKK,4900,2,Sat,5,9.15,False,0,0,237,350,0.679,2695.94
Emirates,DXB,JNB,6400,1,Mon,13,4.53,True,0,0,273,350,0.782,3162.68
Singapore Airlines,DXB,JNB,6400,12,Wed,6,6.84,True,0,0,318,350,0.91,3444.13
Turkish Airlines,DXB,SYD,12000,6,Sun,23,6.94,True,0,0,289,350,0.827,4254.29
Turkish Airlines,DXB,SIN,5900,10,Tue,12,8.36,False,0,0,221,350,0.632,2753.68
British Airways,DXB,JNB,6400,5,Fri,2,7.32,False,0,0,306,350,0.876,3368.31
Qatar Airways,DXB,NRT,7900,10,Wed,7,6.19,False,0,0,283,350,0.81,3486.01
Qatar Airways,DXB,BOM,1900,11,Fri,7,9.13,False,0,0,213,350,0.61,2101.8
Emirates,DXB,BOM,1900,7,Mon,5,5.76,True,0,0,269,350,0.769,2366.28
Singapore Airlines,DXB,SYD,12000,7,Sat,14,6.26,True,1,107,285,350,0.815,4220.31
Emirates,DXB,JFK,11000,4,Fri,15,7.0,False,0,0,237,350,0.678,3666.09
Qatar Airways,DXB,CDG,5200,9,Thu,19,8.45,False,0,0,201,350,0.575,2528.97
Etihad,DXB,NRT,7900,5,Mon,6,2.89,False,0,0,152,350,0.436,2594.34
Etihad,DXB,BOM,1900,11,Wed,11,7.52,False,0,0,213,350,0.61,2102.18
British Airways,DXB,LHR,5500,2,Mon,16,7.13,False,0,0,158,350,0.453,2315.88
British Airways,DXB,LHR,5500,7,Tue,3,2.7,True,1,95,214,350,0.612,2650.67
Singapore Airlines,DXB,JNB,6400,12,Fri,0,3.86,True,1,126,350,350,1.0,3643.2
Qatar Airways,DXB,SIN,5900,5,Mon,17,3.93,False,1,51,197,350,0.564,2608.35
Singapore Airlines,DXB,JNB,6400,10,Thu,15,8.0,False,0,0,224,350,0.641,2850.46
Emirates,DXB,SIN,5900,1,Sun,6,6.5,True,1,33,303,350,0.868,3260.61
Emirates,DXB,CDG,5200,10,Sun,23,7.26,False,0,0,289,350,0.826,3046.77
Emirates,DXB,SYD,12000,10,Tue,18,6.08,False,0,0,217,350,0.622,3662.28
Emirates,DXB,JNB,6400,7,Thu,21,5.37,True,0,0,350,350,1.0,3643.2
Etihad,DXB,FRA,4800,1,Sat,8,4.12,True,0,0,350,350,1.0,3326.4
Emirates,DXB,BKK,4900,4,Wed,9,3.41,False,1,45,265,350,0.758,2854.43
Qatar Airways,DXB,BOM,1900,6,Fri,23,5.53,True,0,0,338,350,0.968,2699.13
Emirates,DXB,LHR,5500,7,Wed,11,3.69,True,1,23,350,350,1.0,3465.0
Singapore Airlines,DXB,SIN,5900,8,Mon,22,3.26,False,1,15,219,350,0.628,2745.29
Singapore Airlines,DXB,LHR,5500,1,Wed,14,4.16,True,1,56,350,350,1.0,3465.0
Etihad,DXB,FRA,4800,7,Mon,8,4.43,True,0,0,279,350,0.799,2920.87
British Airways,DXB,BKK,4900,5,Thu,1,2.13,False,0,0,205,350,0.588,2510.75
Turkish Airlines,DXB,JNB,6400,10,Tue,22,4.76,False,0,0,263,350,0.754,3100.65
Emirates,DXB,BOM,1900,11,Tue,2,5.51,False,0,0,213,350,0.611,2104.01
Turkish Airlines,DXB,SYD,12000,8,Sat,0,6.33,False,1,36,188,350,0.539,3424.91
Emirates,DXB,FRA,4800,8,Thu,8,3.63,False,0,0,224,350,0.642,2604.36
Singapore Airlines,DXB,BKK,4900,7,Mon,9,3.82,True,1,36,296,350,0.848,3038.66
British Airways,DXB,BOM,1900,4,Wed,20,6.48,False,0,0,242,350,0.692,2239.2
Emirates,DXB,CDG,5200,3,Thu,23,6.99,False,0,0,194,350,0.557,2491.0
Singapore Airlines,DXB,SYD,12000,6,Tue,1,5.3,True,1,144,350,350,1.0,4752.0
British Airways,DXB,FRA,4800,5,Fri,15,5.62,False,0,0,258,350,0.739,2800.08
Emirates,DXB,FRA,4800,2,Fri,2,5.3,False,0,0,262,350,0.749,2821.11
Etihad,DXB,SYD,12000,8,Sat,12,2.66,False,0,0,270,350,0.774,4099.92
Emirates,DXB,CDG,5200,1,Tue,15,5.23,True,0,0,320,350,0.915,3229.18
Emirates,DXB,NRT,7900,3,Mon,5,8.08,False,0,0,251,350,0.717,3265.43
Emirates,DXB,FRA,4800,5,Thu,18,6.69,False,0,0,207,350,0.592,2503.67
Qatar Airways,DXB,SIN,5900,8,Sat,12,5.39,False,0,0,282,350,0.808,3130.89
Etihad,DXB,LHR,5500,11,Wed,22,5.06,False,0,0,178,350,0.51,2436.16
British Airways,DXB,LHR,5500,1,Sat,3,2.91,True,1,81,340,350,0.972,3406.46
British Airways,DXB,BKK,4900,4,Sat,11,8.21,False,0,0,225,350,0.645,2627.0
Emirates,DXB,BOM,1900,2,Wed,7,5.29,False,0,0,182,350,0.522,1954.43
Turkish Airlines,DXB,JNB,6400,10,Wed,21,6.72,False,0,0,235,350,0.672,2918.7
Qatar Airways,DXB,FRA,4800,4,Fri,3,8.59,False,0,0,268,350,0.768,2859.65
Singapore Airlines,DXB,SYD,12000,10,Mon,5,5.85,False,0,0,165,350,0.474,3237.43
Emirates,DXB,LHR,5500,3,Sat,12,7.06,False,0,0,280,350,0.803,3050.81
Singapore Airlines,DXB,LHR,5500,10,Sat,22,7.44,False,0,0,277,350,0.792,3027.21
Turkish Airlines,DXB,LHR,5500,3,Thu,4,7.13,False,0,0,209,350,0.599,2622.04
Etihad,DXB,BKK,4900,1,Fri,10,5.38,True,0,0,303,350,0.866,3075.08
Emirates,DXB,BOM,1900,7,Sun,1,4.93,True,1,24,350,350,1.0,2752.2
Emirates,DXB,SIN,5900,7,Tue,22,4.27,True,0,0,279,350,0.798,3110.13
Singapore Airlines,DXB,SIN,5900,2,Sun,19,6.79,False,1,19,302,350,0.865,3255.24
Emirates,DXB,BOM,1900,12,Sun,5,2.79,True,0,0,267,350,0.766,2361.33
British Airways,DXB,LHR,5500,4,Sat,3,6.43,False,0,0,265,350,0.757,2955.74
British Airways,DXB,CDG,5200,10,Fri,21,6.06,False,0,0,247,350,0.706,2799.58
Emirates,DXB,SIN,5900,6,Sat,1,5.9,True,0,0,350,350,1.0,3544.2
Singapore Airlines,DXB,CDG,5200,10,Wed,19,6.61,False,0,0,269,350,0.77,2930.67
Emirates,DXB,NRT,7900,1,Sun,6,5.68,True,0,0,350,350,1.0,3940.2
Turkish Airlines,DXB,SIN,5900,8,Fri,1,4.36,False,0,0,249,350,0.713,2928.41
Etihad,DXB,SYD,12000,6,Sun,21,4.28,True,0,0,350,350,1.0,4752.0
Emirates,DXB,SIN,5900,10,Mon,8,8.17,False,0,0,154,350,0.441,2343.17
Singapore Airlines,DXB,SIN,5900,8,Tue,9,4.16,False,0,0,215,350,0.614,2715.88
Qatar Airways,DXB,LHR,5500,2,Tue,18,4.43,False,1,45,197,350,0.565,2550.63
Emirates,DXB,SIN,5900,12,Fri,10,5.07,True,1,101,287,350,0.822,3161.37
Etihad,DXB,BKK,4900,2,Fri,17,4.0,False,1,61,196,350,0.563,2459.08
Emirates,DXB,FRA,4800,11,Mon,14,9.07,False,0,0,235,350,0.674,2668.5
British Airways,DXB,NRT,7900,10,Wed,15,5.96,False,0,0,173,350,0.496,2736.37
Emirates,DXB,CDG,5200,12,Sun,10,6.3,True,0,0,332,350,0.951,3305.27
Emirates,DXB,CDG,5200,1,Sun,9,3.42,True,0,0,298,350,0.852,3100.65
Emirates,DXB,LHR,5500,11,Thu,5,7.64,False,0,0,262,350,0.751,2941.95
Turkish Airlines,DXB,LHR,5500,10,Sat,0,8.77,False,0,0,273,350,0.781,3005.95
Emirates,DXB,NRT,7900,2,Fri,18,4.32,False,0,0,211,350,0.604,2993.76
Emirates,DXB,CDG,5200,3,Mon,7,8.24,False,0,0,200,350,0.573,2524.61
Qatar Airways,DXB,JFK,11000,11,Fri,23,3.88,False,0,0,261,350,0.747,3856.44
British Airways,DXB,CDG,5200,4,Mon,19,7.71,False,0,0,286,350,0.818,3029.46
Turkish Airlines,DXB,FRA,4800,11,Mon,14,5.55,False,0,0,175,350,0.502,2322.81
Singapore Airlines,DXB,BOM,1900,10,Sun,21,7.16,False,0,0,279,350,0.799,2417.1
Etihad,DXB,BOM,1900,8,Wed,7,5.22,False,0,0,261,350,0.747,2329.69
Emirates,DXB,SYD,12000,7,Thu,23,5.34,True,0,0,266,350,0.761,4064.56
Qatar Airways,DXB,JFK,11000,5,Fri,23,6.14,False,0,0,209,350,0.599,3447.42
Qatar Airways,DXB,BKK,4900,3,Fri,18,7.12,False,0,0,246,350,0.703,2744.2
Etihad,DXB,LHR,5500,2,Sun,22,4.73,False,0,0,193,350,0.554,2528.71
Emirates,DXB,CDG,5200,8,Thu,22,5.25,False,0,0,154,350,0.44,2250.28
Emirates,DXB,LHR,5500,7,Wed,4,5.8,True,0,0,310,350,0.886,3226.48
Qatar Airways,DXB,BKK,4900,10,Thu,0,9.06,False,0,0,250,350,0.716,2769.56
Turkish Airlines,DXB,LHR,5500,5,Thu,13,4.59,False,1,25,246,350,0.705,2845.87
Emirates,DXB,BKK,4900,11,Sat,3,10.0,False,0,0,172,350,0.494,2319.52
Turkish Airlines,DXB,SIN,5900,7,Mon,22,3.58,True,0,0,230,350,0.659,2811.87
Emirates,DXB,LHR,5500,9,Thu,4,5.38,False,0,0,219,350,0.627,2680.83
Emirates,DXB,JFK,11000,12,Fri,14,8.27,True,0,0,299,350,0.856,4155.82
Emirates,DXB,BKK,4900,4,Sat,4,7.94,False,0,0,198,350,0.567,2468.12
Emirates,DXB,LHR,5500,12,Sun,20,2.81,True,1,92,350,350,1.0,3465.0
Qatar Airways,DXB,JNB,6400,12,Mon,3,5.6,True,1,129,350,350,1.0,3643.2
Turkish Airlines,DXB,SIN,5900,6,Thu,16,7.05,True,0,0,243,350,0.697,2892.88
Emirates,DXB,SIN,5900,10,Fri,4,8.07,False,0,0,287,350,0.82,3158.11
Emirates,DXB,CDG,5200,8,Sat,8,6.97,False,0,0,335,350,0.959,3320.79
Singapore Airlines,DXB,FRA,4800,12,Sun,1,7.09,True,0,0,286,350,0.82,2962.64
Emirates,DXB,NRT,7900,2,Wed,5,6.26,False,0,0,178,350,0.51,2769.56
Turkish Airlines,DXB,LHR,5500,6,Thu,3,2.05,True,1,24,293,350,0.838,3124.89
Emirates,DXB,SIN,5900,11,Sat,3,7.68,False,0,0,325,350,0.929,3391.42
Qatar Airways,DXB,CDG,5200,2,Sat,22,5.75,False,0,0,303,350,0.868,3134.11
Emirates,DXB,CDG,5200,8,Sat,21,3.27,False,0,0,184,350,0.528,2432.21
Etihad,DXB,FRA,4800,11,Sun,1,8.77,False,0,0,233,350,0.669,2658.14
Qatar Airways,DXB,SIN,5900,8,Thu,17,4.49,False,0,0,216,350,0.62,2727.57
Emirates,DXB,BOM,1900,5,Mon,0,6.24,False,0,0,339,350,0.969,2700.5
British Airways,DXB,SIN,5900,2,Thu,23,5.5,False,1,18,198,350,0.568,2617.31
